[UI] Iniciando processamento...
[UI] 📂 Diretório raiz: C:\Users\lucas.paim\Desktop\processo_triage
[UI] 📂 Entrada: C:\Users\lucas.paim\Desktop\processo_triage\input
[UI] 📂 Saída raiz: C:\Users\lucas.paim\Desktop\processo_triage\output
[UI] 📂 Saída da execução atual: C:\Users\lucas.paim\Desktop\processo_triage\output\runs\20260505_141629
[UI] 📂 Pasta latest: C:\Users\lucas.paim\Desktop\processo_triage\output\latest
[UI] 📝 Log desta execução: C:\Users\lucas.paim\Desktop\processo_triage\logs_ui\ui_run_20260505_141629.log
[UI] 🧾 Pasta de auditoria desta execução: C:\Users\lucas.paim\Desktop\processo_triage\output\runs\20260505_141629\_auditoria
[INPUT] Limpando arquivos internos de execuções anteriores...
[INPUT] Não é necessário limpar manualmente a pasta input/ antes de rodar.
[INPUT] Removendo arquivo interno anterior: Base LO.xlsx
[INPUT] Removendo arquivo interno anterior: Webjur1.csv
[INPUT] Removendo derivado anterior: Webjur1_SANITIZADO.csv
[INPUT] Removendo arquivo interno anterior: DW1.xlsx
[INPUT] Removendo arquivo interno anterior: Painel1.xlsx
[OUTPUT] Limpando somente a área operacional do output...
[OUTPUT] Pastas preservadas: runs/, latest/, _historico_execucoes/
[OUTPUT] Removendo diretório operacional anterior: Civel
[OUTPUT] Removendo arquivo operacional anterior: com_match_descartados_20260505_140756.xlsx
[OUTPUT] Removendo arquivo operacional anterior: resumo_20260505_140756.xlsx
[OUTPUT] Removendo diretório operacional anterior: Trabalhista
[INPUT] Copiando arquivos selecionados para a pasta de processamento...
[INPUT] Preparando fonte 'Base Legal One' com 1 arquivo(s)...
[INPUT] Copiando 'BASE BATIMENTO LIXO (20).xlsx' para 'Base LO.xlsx'...
[INPUT] ✓ Base Legal One: BASE BATIMENTO LIXO (20).xlsx -> Base LO.xlsx
[INPUT] Preparando fonte 'WebJur' com 1 arquivo(s)...
[INPUT] Copiando '202604~1.CSV' para 'Webjur1.csv'...
[INPUT] ✓ WebJur: 202604~1.CSV -> Webjur1.csv
[WEBJUR] Sanitizando arquivo com sanitizador validado: Webjur1.csv
[WEBJUR] Coluna 'Codigo': 0 de 9447 parecem ser data
[WEBJUR] Coluna 'Número do Processo': 230 de 9447 parecem ser data
[WEBJUR] Coluna 'Data da Publicação': 9447 de 9447 parecem ser data
[WEBJUR] Coluna 'Termo Localizado': 0 de 9447 parecem ser data
[WEBJUR] Coluna 'Diário Oficial': 0 de 9447 parecem ser data
[WEBJUR] Coluna 'Página': 3064 de 9447 parecem ser data
[WEBJUR] Coluna 'Juizo': 0 de 9447 parecem ser data
[WEBJUR] Coluna 'Publicação': 0 de 9447 parecem ser data
[WEBJUR] Coluna 'targetID': 0 de 9447 parecem ser data
[WEBJUR] 🟢 Coluna real de data: posição 3 ('Data da Publicação')
[WEBJUR] Sanitizado: 9447 linhas válidas | 0 linhas removidas por data inválida
[WEBJUR] ✓ Bruto preservado em: Webjur1.csv
[WEBJUR] ✓ Sanitizado gerado em: Webjur1_SANITIZADO.csv
[WEBJUR] ✓ Pipeline deverá consumir o sanitizado, não o bruto.
[INPUT] Preparando fonte 'DW' com 1 arquivo(s)...
[INPUT] Copiando 'DW.xlsx' para 'DW1.xlsx'...
[INPUT] ✓ DW: DW.xlsx -> DW1.xlsx
[INPUT] Preparando fonte 'Painel' com 1 arquivo(s)...
[INPUT] Copiando 'Planilha Leitura Painel DFA 30% - DIARIA  27.04.2026  e  28.04.2026.xlsx' para 'Painel1.xlsx'...
[INPUT] ✓ Painel: Planilha Leitura Painel DFA 30% - DIARIA  27.04.2026  e  28.04.2026.xlsx -> Painel1.xlsx
[INPUT] ℹ️ Fonte não informada nesta execução: Modo LegalOne de Intimações
[INPUT] Arquivos atualmente em input/:
[INPUT]   • Base LO.xlsx
[INPUT]   • DW1.xlsx
[INPUT]   • Painel1.xlsx
[INPUT]   • Webjur1.csv
[INPUT]   • Webjur1_SANITIZADO.csv
[PIPELINE] Iniciando robô de classificação...
[PIPELINE] Executando comando: C:\Users\lucas.paim\AppData\Local\Python\pythoncore-3.14-64\pythonw.exe -X utf8 main.py
[PIPELINE] Return code: 0
[PIPELINE] === STDOUT ===
╔══════════════════════════════════════════════════╗
║       TRIAGEM DE PROCESSOS — Legal One           ║
╚══════════════════════════════════════════════════╝
⚠️  VALIDAÇÃO DE ENTRADA:
   [Painel] Arquivos não encontrados: Painel2.xlsx
   [DW] Arquivos não encontrados: DW2.xlsx
   [WebJur] Arquivos não encontrados: Webjur2.csv
   [Modo LegalOne de Intimações] Arquivos não encontrados: ModoLegalOneIntimacoes1.xlsx, ModoLegalOneIntimacoes2.xlsx
   ℹ️  Arquivos ausentes serão ignorados quando possível. Continuando...
════════════════════════════════════════════════════════════
📂 Lendo fonte: LEGAL ONE
Headers lidos no arquivo Base LO.xlsx: ['Pasta', 'Número de CNJ', 'Outro número', 'Número antigo', 'Datacloud diários oficiais / Diário']
   → 149737 linhas no Legal One
   → 269555 identificadores únicos no pool de comparação
════════════════════════════════════════════════════════════
Headers lidos no arquivo Painel1.xlsx: ['TRIBUNAL', 'DATA INTIMAÇÃO', 'INICIO DOO PRAZO', 'DATA ACESSO PAINEL', 'CLASSE JUDICIAL', 'PROCESSO', 'CLIENTE']
Headers lidos no arquivo DW1.xlsx: ['Status', 'Advogado', 'Tipo', 'Sistema', 'Processo', 'Disponibilização', 'Data da leitura', 'Prazo', 'Última Pesquisa', '1ª Pesquisa', 'Limite da Leitura', 'Captura da intimação', 'Data para leitura', 'Tip. Intim.', 'Intimado', 'Intimação', 'Partes', 'Juízo', 'Vara', 'Blacklist', 'Link', 'Intimacao deflagrada', 'Intimação ID', 'Texto da Intimação 01', 'Texto da Intimação 02', 'Texto da Intimação 03']
Headers lidos no arquivo Webjur1.csv: ['Codigo', 'Número do Processo', 'Data da Publicação', 'Termo Localizado', 'Diário Oficial', 'Página', 'Juizo', 'Publicação', 'targetID']
   → 9670 linhas totais nas bases externas
════════════════════════════════════════════════════════════
📋 Classificando tipos de número...
   📊 Classificação dos números:
      • cnj: 9322
      • numero_puro: 323
      • outro: 13
      • sem_expediente: 12
════════════════════════════════════════════════════════════
📋 Analisando presença em múltiplas fontes...
   📊 Presença em múltiplas fontes:
      • Em mais de 1 fonte: 168 processos
      • Em apenas 1 fonte:  7100 processos
════════════════════════════════════════════════════════════
📋 Removendo duplicatas...
   🔄 Duplicatas removidas: 2402 linhas
   ✅ Restaram: 7268 linhas únicas
════════════════════════════════════════════════════════════
📋 Extraindo detalhes dos CNJs (UF, Ramo, Ano)...
   📊 Ramo da Justiça (CNJs):
      • Justiça Estadual: 5186
      • Justiça do Trabalho: 986
      • Justiça Federal: 942
      • STJ: 20
      • Justiça Eleitoral: 7
   📊 UF (CNJs):
      • RJ: 1855
      • CE: 1384
      • AM: 444
      • SP/MS: 380
      • DF: 368
      • MG: 365
      • SP: 291
      • TRT-03: 264
      • TRT-02: 227
      • TRT-01: 188
      • PE/CE/AL/SE/PB/RN: 111
      • RO: 111
      • MS: 90
      • TRT-15: 77
      • TO: 60
      ... e mais 41 UFs
════════════════════════════════════════════════════════════
📋 Validando dígito verificador dos CNJs...
   📊 Validação de dígito verificador (CNJs):
      • Válidos:   7141
      • Inválidos: 0
════════════════════════════════════════════════════════════
📋 Verificando idade dos processos...
   📊 Idade dos processos (CNJs, corte: 2015):
      • Antigos (antes de 2015): 395
      • Recentes (2015+):        6746
      Distribuição dos antigos:
        • 0011: 1
        • 1983: 1
        • 1987: 1
        • 1988: 1
        • 1989: 1
        • 1990: 1
        • 1993: 1
        • 1994: 1
        • 1995: 1
        • 1996: 4
        • 1997: 2
        • 1998: 4
        • 1999: 7
        • 2000: 8
        • 2001: 2
        • 2002: 8
        • 2003: 10
        • 2004: 9
        • 2005: 9
        • 2006: 14
        • 2007: 13
        • 2008: 16
        • 2009: 22
        • 2010: 33
        • 2011: 45
        • 2012: 60
        • 2013: 60
        • 2014: 60
════════════════════════════════════════════════════════════
🔍 Comparando com Legal One...
   ➡️ SEM MATCH total:  6531
   ➡️ COM MATCH (descartados): 737
   ➡️ Trabalhista SEM MATCH: 833
   ➡️ Cível SEM MATCH:      5698
✅ Exportado BRUTO (sem filtro): sem_match_trab_bruto_20260505_141759.xlsx
Categorias atribuídas (value_counts) - Trabalhista:
_categoria
Ação Trabalhista          435
Ação de Cumprimento       207
Recurso Ordinário          85
Embargos de Declaração     35
Agravo de Instrumento      35
Agravo de Petição          17
Recurso Extraordinário      8
Recurso de Revista          7
Décio Freire                3
Mandado de Segurança        1
Name: count, dtype: int64
   📁 Arquivos TRABALHISTA por categoria:
      • agravo_de_instrumento_20260505_141759.xlsx  (35 linhas)
      • agravo_de_peticao_20260505_141759.xlsx  (17 linhas)
      • acao_trabalhista_20260505_141759.xlsx  (435 linhas)
      • acao_de_cumprimento_20260505_141759.xlsx  (207 linhas)
      • embargos_de_declaracao_20260505_141759.xlsx  (35 linhas)
      • mandado_de_seguranca_20260505_141759.xlsx  (1 linhas)
      • recurso_extraordinario_20260505_141759.xlsx  (8 linhas)
      • recurso_ordinario_20260505_141759.xlsx  (85 linhas)
      • recurso_de_revista_20260505_141759.xlsx  (7 linhas)
Categorias atribuídas (value_counts) - Cível:
_categoria_civel
NaN                                          1926
EXCLUIDO                                      696
Cumprimento de Sentença                       570
IAC                                           547
Recurso Inominado                             467
Agravo de Instrumento                         313
Recursos                                      258
Embargos de Declaração                        168
Agravo Interno                                143
Mandado de Segurança Cível                     89
Tutela Provisória                              77
Recurso Especial                               72
Embargos à Execução                            71
Agravo Regimental                              42
Impedimento/Suspeição do Juiz                  40
Carta Precatória Cível                         30
Recurso Extraordinário                         29
Assistência                                    26
Oposição                                       21
Embargos                                       18
Liquidação de Sentença                         13
Incidente de Arbitramento                      12
Coisa Julgada                                   9
Arresto ou Sequestro                            9
IRDR                                            9
Conflito de Competência                         8
RPV                                             6
Embargos de Divergência                         5
Recurso Adesivo                                 4
Pré-executividade                               4
Exibição de Documento ou Coisa                  3
Tutela Cautelar Antecedente                     3
Desconsideração da Personalidade Jurídica       3
Produção Antecipada de Provas                   2
Impugnação ao Valor da Causa                    2
Litispendência                                  1
Carta de Ordem                                  1
Precatório Judicial                             1
Name: count, dtype: int64
Prioridade cível (value_counts):
_prioridade_civel
PRIORIDADE    4640
              1058
Name: count, dtype: int64
Confiança cível (histograma simples):
_confidence_civel
0       195
5        17
8      1255
11        1
16      458
75       13
86      197
91       66
95      121
99      696
100    2679
Name: count, dtype: int64
Arquivo cível exportado: C:\Users\lucas.paim\Desktop\processo_triage\output\Civel\sem_match_civel_20260505_141759.xlsx
   📁 Arquivos CÍVEL por categoria:
      • agravo_interno_20260505_141759.xlsx  (143 linhas)
      • agravo_regimental_20260505_141759.xlsx  (42 linhas)
      • agravo_de_instrumento_20260505_141759.xlsx  (313 linhas)
      • arresto_ou_sequestro_20260505_141759.xlsx  (9 linhas)
      • assistência_20260505_141759.xlsx  (26 linhas)
      • carta_precatoria_civel_20260505_141759.xlsx  (30 linhas)
      • carta_de_ordem_20260505_141759.xlsx  (1 linhas)
      • coisa_julgada_20260505_141759.xlsx  (9 linhas)
      • conflito_de_competência_20260505_141759.xlsx  (8 linhas)
      • cumprimento_de_sentenca_20260505_141759.xlsx  (570 linhas)
      • desconsideracao_da_personalidade_juridica_20260505_141759.xlsx  (3 linhas)
      • excluido_20260505_141759.xlsx  (696 linhas)
      • embargos_20260505_141759.xlsx  (18 linhas)
      • embargos_de_declaracao_20260505_141759.xlsx  (168 linhas)
      • embargos_de_divergência_20260505_141759.xlsx  (5 linhas)
      • embargos_à_execucao_20260505_141759.xlsx  (71 linhas)
      • exibicao_de_documento_ou_coisa_20260505_141759.xlsx  (3 linhas)
      • iac_20260505_141759.xlsx  (547 linhas)
      • irdr_20260505_141759.xlsx  (9 linhas)
      • impedimentosuspeicao_do_juiz_20260505_141759.xlsx  (40 linhas)
      • impugnacao_ao_valor_da_causa_20260505_141759.xlsx  (2 linhas)
      • incidente_de_arbitramento_20260505_141759.xlsx  (12 linhas)
      • liquidacao_de_sentenca_20260505_141759.xlsx  (13 linhas)
      • litispendência_20260505_141759.xlsx  (1 linhas)
      • mandado_de_seguranca_civel_20260505_141759.xlsx  (89 linhas)
      • oposicao_20260505_141759.xlsx  (21 linhas)
      • precatorio_judicial_20260505_141759.xlsx  (1 linhas)
      • producao_antecipada_de_provas_20260505_141759.xlsx  (2 linhas)
      • pre_executividade_20260505_141759.xlsx  (4 linhas)
      • rpv_20260505_141759.xlsx  (6 linhas)
      • recurso_adesivo_20260505_141759.xlsx  (4 linhas)
      • recurso_especial_20260505_141759.xlsx  (72 linhas)
      • recurso_extraordinario_20260505_141759.xlsx  (29 linhas)
      • recurso_inominado_20260505_141759.xlsx  (467 linhas)
      • recursos_20260505_141759.xlsx  (258 linhas)
      • tutela_cautelar_antecedente_20260505_141759.xlsx  (3 linhas)
      • tutela_provisoria_20260505_141759.xlsx  (77 linhas)
════════════════════════════════════════════════════════════
📁 Arquivos gerados em: C:\Users\lucas.paim\Desktop\processo_triage\output
   • Prioridade (Décio Trabal): sem_match_trab_prioridade_20260505_141759.xlsx
   • Categorias TRABALHISTA -> C:\Users\lucas.paim\Desktop\processo_triage\output\Trabalhista\sem_match_trab_categorias
   • Todos classificados TRABALHISTA -> sem_match_trab_todos_classificados_20260505_141759.xlsx
   • Sem categoria TRABALHISTA: sem_match_trab_sem_categoria_20260505_141759.xlsx
   • CÍVEL exportado: sem_match_civel_20260505_141759.xlsx
   • Categorias CÍVEL -> C:\Users\lucas.paim\Desktop\processo_triage\output\Civel\sem_match_civel_categorias
   • Prioridade CÍVEL -> C:\Users\lucas.paim\Desktop\processo_triage\output\Civel\prioridade\sem_match_civel_prioridade_20260505_141759.xlsx
   • Sem categoria CÍVEL: sem_match_civel_sem_categoria_20260505_141759.xlsx
   • COM MATCH descartados: com_match_descartados_20260505_141759.xlsx
════════════════════════════════════════════════════════════
[PIPELINE] === STDERR ===
[2026-05-05 14:17:59] [INFO] matcher — 🚀 INICIANDO PROCESSO DE TRIAGEM
[2026-05-05 14:17:59] [INFO] reader — Lendo: C:\Users\lucas.paim\Desktop\processo_triage\input\Base LO.xlsx
[2026-05-05 14:17:59] [INFO] reader — Arquivo efetivamente lido para 'Base LO.xlsx': Base LO.xlsx
[2026-05-05 14:18:09] [INFO] reader — Colunas lidas do arquivo 'Base LO.xlsx': ['lucaspaim@deciofreire.com.br - 04/05/2026', 'Unnamed: 1', 'Unnamed: 2', 'Unnamed: 3', 'Unnamed: 4']
[2026-05-05 14:18:09] [INFO] reader — Primeiras 3 linhas de 'Base LO.xlsx':
  lucaspaim@deciofreire.com.br - 04/05/2026                 Unnamed: 1    Unnamed: 2     Unnamed: 3                                            Unnamed: 4
0                                     Pasta              Número de CNJ  Outro número  Número antigo                   Datacloud diários oficiais / Diário
1                        Proc - 0050859/001  0010903-71.2018.5.03.0029           NaN            NaN  Diário do Tribunal Regional do Trabalho da 3ª Região
2                        Proc - 0001809/001  0010815-45.2018.5.03.0025           NaN            NaN                                                   NaN
[2026-05-05 14:18:17] [INFO] reader — Colunas lidas do arquivo 'Base LO.xlsx': ['Pasta', 'Número de CNJ', 'Outro número', 'Número antigo', 'Datacloud diários oficiais / Diário']
[2026-05-05 14:18:17] [INFO] reader — Primeiras 3 linhas de 'Base LO.xlsx':
                Pasta              Número de CNJ Outro número Número antigo                   Datacloud diários oficiais / Diário
0  Proc - 0050859/001  0010903-71.2018.5.03.0029          NaN           NaN  Diário do Tribunal Regional do Trabalho da 3ª Região
1  Proc - 0001809/001  0010815-45.2018.5.03.0025          NaN           NaN                                                   NaN
2  Proc - 0017762/001  6549225-03.2009.8.13.0024          NaN           NaN           Diário da Justiça do Estado de Minas Gerais
[2026-05-05 14:18:17] [INFO] reader — Pulou 1 linha(s) de cabeçalho extra
[2026-05-05 14:18:17] [INFO] reader — Coluna CNJ mapeada: 'Número de CNJ'
[2026-05-05 14:18:17] [INFO] reader — Base LO.xlsx: total de linhas lidas=149737 | CNJ preenchido=139573 | CNJ vazio=10164
[2026-05-05 14:18:17] [WARNING] reader — Base LO.xlsx: exemplos de linhas com CNJ vazio: [{'Pasta': 'Proc - 0018146/001', 'Número de CNJ': '', 'Outro número': '1028305', 'Número antigo': '2008/0025130-1', 'Datacloud diários oficiais / Diário': 'Diário da Justiça do STJ'}, {'Pasta': 'Proc - 0002924', 'Número de CNJ': '', 'Outro número': '', 'Número antigo': '00118996520155030032', 'Datacloud diários oficiais / Diário': ''}, {'Pasta': 'Proc - 0002925', 'Número de CNJ': '', 'Outro número': '', 'Número antigo': '00126626020135010204', 'Datacloud diários oficiais / Diário': ''}, {'Pasta': 'Proc - 0002929', 'Número de CNJ': '', 'Outro número': '', 'Número antigo': '00260607220155240072', 'Datacloud diários oficiais / Diário': ''}, {'Pasta': 'Proc - 0002933', 'Número de CNJ': '', 'Outro número': '', 'Número antigo': '10000916220145020241', 'Datacloud diários oficiais / Diário': ''}]
[2026-05-05 14:18:17] [INFO] reader — Colunas mapeadas: CNJ='Número de CNJ', DataPublicacao='None', Texto='None', Cliente='None', Tribunal/Sistema extraídos por fonte
[2026-05-05 14:18:18] [INFO] matcher — Legal One: 149737 linhas lidas
[2026-05-05 14:18:32] [INFO] matcher — Legal One: 269555 identificadores no pool
[2026-05-05 14:18:32] [INFO] reader — 📂 Lendo fonte: PAINEL
[2026-05-05 14:18:32] [INFO] reader — Lendo: C:\Users\lucas.paim\Desktop\processo_triage\input\Painel1.xlsx
[2026-05-05 14:18:32] [INFO] reader — Arquivo efetivamente lido para 'Painel1.xlsx': Painel1.xlsx
[2026-05-05 14:18:32] [INFO] reader — Colunas lidas do arquivo 'Painel1.xlsx': ['TRIBUNAL', 'DATA INTIMAÇÃO', 'INICIO DOO PRAZO', 'DATA ACESSO PAINEL', 'CLASSE JUDICIAL', 'PROCESSO', 'CLIENTE']
[2026-05-05 14:18:32] [INFO] reader — Primeiras 3 linhas de 'Painel1.xlsx':
         TRIBUNAL  DATA INTIMAÇÃO INICIO DOO PRAZO   DATA ACESSO PAINEL CLASSE JUDICIAL        PROCESSO         CLIENTE
0             STJ  sem expediente    Não Informado  2026-04-28 00:00:00   Não Informado  sem expediente  sem expediente
1  TJAP TUCUJURIS  sem expediente    Não Informado  2026-04-28 00:00:00   Não Informado  sem expediente  sem expediente
2    TJAP PJE 1°G  sem expediente    Não Informado  2026-04-28 00:00:00   Não Informado  sem expediente  sem expediente
[2026-05-05 14:18:32] [INFO] reader — Coluna CNJ mapeada: 'PROCESSO'
[2026-05-05 14:18:32] [INFO] reader — Painel1.xlsx: total de linhas lidas=64 | CNJ preenchido=64 | CNJ vazio=0
C:\Users\lucas.paim\Desktop\processo_triage\reader.py:85: UserWarning: Parsing dates in %Y-%m-%d %H:%M:%S format when dayfirst=True was specified. Pass `dayfirst=False` or specify a format to silence this warning.
  pd_timestamp = pd.to_datetime(val, errors="coerce", dayfirst=True)
[2026-05-05 14:18:32] [INFO] reader — Colunas mapeadas: CNJ='PROCESSO', DataPublicacao='DATA INTIMAÇÃO', Texto='CLASSE JUDICIAL', Cliente='CLIENTE', Tribunal/Sistema extraídos por fonte
[2026-05-05 14:18:32] [WARNING] reader — Arquivo não encontrado, pulando: C:\Users\lucas.paim\Desktop\processo_triage\input\Painel2.xlsx
[2026-05-05 14:18:32] [INFO] reader — 📂 Lendo fonte: DW
[2026-05-05 14:18:32] [INFO] reader — Lendo: C:\Users\lucas.paim\Desktop\processo_triage\input\DW1.xlsx
[2026-05-05 14:18:32] [INFO] reader — Arquivo efetivamente lido para 'DW1.xlsx': DW1.xlsx
C:\Users\lucas.paim\AppData\Local\Python\pythoncore-3.14-64\Lib\site-packages\openpyxl\styles\stylesheet.py:237: UserWarning: Workbook contains no default style, apply openpyxl's default
  warn("Workbook contains no default style, apply openpyxl's default")
[2026-05-05 14:18:32] [INFO] reader — Colunas lidas do arquivo 'DW1.xlsx': ['Status', 'Advogado', 'Tipo', 'Sistema', 'Processo', 'Disponibilização', 'Data da leitura', 'Prazo', 'Última Pesquisa', '1ª Pesquisa', 'Limite da Leitura', 'Captura da intimação', 'Data para leitura', 'Tip. Intim.', 'Intimado', 'Intimação', 'Partes', 'Juízo', 'Vara', 'Blacklist', 'Link', 'Intimacao deflagrada', 'Intimação ID', 'Texto da Intimação 01', 'Texto da Intimação 02', 'Texto da Intimação 03']
[2026-05-05 14:18:32] [INFO] reader — Primeiras 3 linhas de 'DW1.xlsx':
                       Status                              Advogado      Tipo                    Sistema                   Processo     Disponibilização      Data da leitura             Prazo      Última Pesquisa          1ª Pesquisa Limite da Leitura Captura da intimação    Data para leitura                          Tip. Intim.                                 Intimado   Intimação                                                                           Partes                            Juízo                                                       Vara Blacklist                                                                                                                                                                                            Link Intimacao deflagrada Intimação ID                                                                                                                                                                                                                                                                                                                                                                                                                                                                                                                                                                                                                                                                                                                                                                                                                                                                                                                                                                                                                                                                                                                                                                                                                                                                                                                                                                                                                                                                                                                                                                                                                                                                                                                                                                                                                                                                                                                                                                                                                                                                                                                                                                                                                                                                                                                                                                                                                                                                                                                                                                                                                                                                                                                                                                                                                                                                                                                                                                                                                                                                                                                                                                                                                                                                                                                                                                                     Texto da Intimação 01 Texto da Intimação 02 Texto da Intimação 03
0  6001 - INTIMAÇÃO CAPTURADA  DECIO FLAVIO GONCALVES TORRES FREIRE  ADVOGADO  TJMG - PJE - 1ª instância  5259447-66.2022.8.13.0024  27/04/2026 15:27:00  28/04/2026 01:09:15  Prazo: sem prazo  28/04/2026 00:19:11  28/04/2026 00:07:23               NaN  28/04/2026 01:09:15  28/04/2026 00:00:00  Certidão de Comunicação de Migração                   MASTERCARD BRASIL LTDA  2949113875  TEREZINHA DALVA FELICIO DOS SANTOS DUARTE X MASTERCARD BRASIL LTDA e outros (1)                   Belo Horizonte                33ª Vara Cível da Comarca de Belo Horizonte       Não  https://objectstorage.sa-saopaulo-1.oraclecloud.com/n/grgzajrtoi0u/b/eprotocol/o/intimation%2FDFA%2F20260428%2F5259447-66.2022.8.13.0024%2F31322000%2Fb6c017ab-f628-4e37-8c17-0af3f1297efd.pdf                  Não     31322000                                                                                                                                                                                                                                                                                                                                                                                                                                                                                                                                                                                                          INTIMAÇÃO CAPTURADA EM: 28/04/2026\n====================================\nNúmero do processo: 5259447-66.2022.8.13.0024\nDisponibilização: 27/04/2026\nPesquisado: DECIO FLAVIO GONCALVES TORRES FREIRE - ADVOGADO\nTribunal/Sistema: TJMG-PJE-1ª instância\nPrazo:  sem prazo\nIntimado: MASTERCARD BRASIL LTDA\nParte: TEREZINHA DALVA FELICIO DOS SANTOS DUARTE X MASTERCARD BRASIL LTDA e outros (1)\nVara/Juízo:  33ª Vara Cível da Comarca de Belo Horizonte - Belo Horizonte\nTipo : Certidão de Comunicação de Migração\n====================================\n------------------------\nIntimação (2949113875)\nDestinatário MASTERCARD BRASIL LTDA\nFechado? NÃO\nINTIMAÇÃO LIDA SEM A ABERTURA DO PRAZO\n------------------------\n PODER JUDICIÁRIO DO ESTADO DE MINAS GERAIS \nJustiça de Primeira Instância  \nComarca de Belo Horizonte / 33ª Vara Cível da Comarca de Belo Horizonte\nAvenida Raja Gabaglia, 1753, Luxemburgo, Belo Horizonte - MG - CEP: 30380-900\n CERTIDÃO DE COMUNICAÇÃO DE MIGRAÇÃO \n  \nFicam as partes intimadas quanto a migração do processo para o sistema EPROC. \nAdvogados e procuradores ficam, desde já, cientes da impossibilidade e vedação ao peticionamento neste processo por meio do PJe, devendo atuar exclusivamente no sistema EPROC.\nO acesso ao sistema EPROC pode ser feito pelo seguinte endereço: https://eproc1g.tjmg.jus.br/eproc/\nOs advogados já cadastrados no sistema PJe precisam apenas validar o seu cadastro no EPROC com certificação digital no primeiro acesso (tela e formulários disponíveis no sistema), oportunidade na qual poderão realizar eventuais correções e atualizações das informações.\n   Assinado eletronicamente por Usuário do sistema\n27/04/2026 15:27:37\nUsuário do sistema\n27/04/2026 15:27:36\nhttps://pje.tjmg.jus.br:443/pje/Processo/ConsultaDocumento/listView.seam 26042715273699000010665096559\n------------------------\nhttps://objectstorage.sa-saopaulo-1.oraclecloud.com/n/grgzajrtoi0u/b/eprotocol/o/intimation%2FDFA%2F20260428%2F5259447-66.2022.8.13.0024%2F31322000%2Fb6c017ab-f628-4e37-8c17-0af3f1297efd.pdf\n====================================\nDW LAW - Leitura automatizada painel de intimações\nID Intimação: 2949113875\nData da captura: 28/04/26\nALERTA DE INSTRUÇÃO: Nos termos do art. 5º, §1,º da Lei 11.419/2016, o acesso ao conteúdo das intimações processuais no sistema de processo eletrônico efetiva  \na consulta e certifica a ciência da intimação, deflagrando imediatamente o início da contagem do prazo. \nPortanto, É NECESSÁRIA A VERIFICAÇÃO DIRETA PELO USUÁRIO DO PRAZO INICIAL E FINAL para fins de resposta e/ou prática de ato processual pertinente à intimação lida.\n#ID_DW31322000#\n====================================\n                   NaN                   NaN
1  6001 - INTIMAÇÃO CAPTURADA  DECIO FLAVIO GONCALVES TORRES FREIRE  ADVOGADO  TJMG - PJE - 1ª instância  5010870-65.2023.8.13.0231  27/04/2026 10:40:00  28/04/2026 01:09:42  Prazo: sem prazo  28/04/2026 00:19:11  28/04/2026 00:07:23               NaN  28/04/2026 01:09:42  28/04/2026 00:00:00  Certidão de Comunicação de Migração        OI S.A. - EM RECUPERACAO JUDICIAL  2948762278             WALLACE HENRIQUE SOARES DA SILVA X OI S.A. - EM RECUPERACAO JUDICIAL                   Belo Horizonte                 5ª Vara Cível da Comarca de Belo Horizonte       Não  https://objectstorage.sa-saopaulo-1.oraclecloud.com/n/grgzajrtoi0u/b/eprotocol/o/intimation%2FDFA%2F20260428%2F5010870-65.2023.8.13.0231%2F31322001%2F56461796-f84b-44fc-806b-ac613e3c4e47.pdf                  Não     31322001                                                                                                                                                                                                                                                                                                                                                                                                                                                                                                                                                                                                 INTIMAÇÃO CAPTURADA EM: 28/04/2026\n====================================\nNúmero do processo: 5010870-65.2023.8.13.0231\nDisponibilização: 27/04/2026\nPesquisado: DECIO FLAVIO GONCALVES TORRES FREIRE - ADVOGADO\nTribunal/Sistema: TJMG-PJE-1ª instância\nPrazo:  sem prazo\nIntimado: OI S.A. - EM RECUPERACAO JUDICIAL\nParte: WALLACE HENRIQUE SOARES DA SILVA X OI S.A. - EM RECUPERACAO JUDICIAL\nVara/Juízo:  5ª Vara Cível da Comarca de Belo Horizonte - Belo Horizonte\nTipo : Certidão de Comunicação de Migração\n====================================\n------------------------\nIntimação (2948762278)\nDestinatário OI S.A. - EM RECUPERACAO JUDICIAL\nFechado? NÃO\nINTIMAÇÃO LIDA SEM A ABERTURA DO PRAZO\n------------------------\n PODER JUDICIÁRIO DO ESTADO DE MINAS GERAIS \nJustiça de Primeira Instância  \nComarca de Belo Horizonte / 5ª Vara Cível da Comarca de Belo Horizonte\nAvenida Raja Gabaglia, 1753, Luxemburgo, Belo Horizonte - MG - CEP: 30380-900\n CERTIDÃO DE COMUNICAÇÃO DE MIGRAÇÃO \n  \nFicam as partes intimadas quanto a migração do processo para o sistema EPROC. \nAdvogados e procuradores ficam, desde já, cientes da impossibilidade e vedação ao peticionamento neste processo por meio do PJe, devendo atuar exclusivamente no sistema EPROC.\nO acesso ao sistema EPROC pode ser feito pelo seguinte endereço: https://eproc1g.tjmg.jus.br/eproc/\nOs advogados já cadastrados no sistema PJe precisam apenas validar o seu cadastro no EPROC com certificação digital no primeiro acesso (tela e formulários disponíveis no sistema), oportunidade na qual poderão realizar eventuais correções e atualizações das informações.\n   Assinado eletronicamente por Usuário do sistema\n27/04/2026 10:40:04\nUsuário do sistema\n27/04/2026 10:40:04\nhttps://pje.tjmg.jus.br:443/pje/Processo/ConsultaDocumento/listView.seam 26042710400491900010664753085\n------------------------\nhttps://objectstorage.sa-saopaulo-1.oraclecloud.com/n/grgzajrtoi0u/b/eprotocol/o/intimation%2FDFA%2F20260428%2F5010870-65.2023.8.13.0231%2F31322001%2F56461796-f84b-44fc-806b-ac613e3c4e47.pdf\n====================================\nDW LAW - Leitura automatizada painel de intimações\nID Intimação: 2948762278\nData da captura: 28/04/26\nALERTA DE INSTRUÇÃO: Nos termos do art. 5º, §1,º da Lei 11.419/2016, o acesso ao conteúdo das intimações processuais no sistema de processo eletrônico efetiva  \na consulta e certifica a ciência da intimação, deflagrando imediatamente o início da contagem do prazo. \nPortanto, É NECESSÁRIA A VERIFICAÇÃO DIRETA PELO USUÁRIO DO PRAZO INICIAL E FINAL para fins de resposta e/ou prática de ato processual pertinente à intimação lida.\n#ID_DW31322001#\n====================================\n                   NaN                   NaN
2  6001 - INTIMAÇÃO CAPTURADA  DECIO FLAVIO GONCALVES TORRES FREIRE  ADVOGADO  TJMG - PJE - 1ª instância  5008025-56.2020.8.13.0525  27/04/2026 21:02:00  28/04/2026 01:08:22  Prazo: sem prazo  28/04/2026 01:09:29  28/04/2026 00:09:45               NaN  28/04/2026 01:08:22  28/04/2026 00:00:00                            Intimação  OI MOVEL S.A. - EM RECUPERACAO JUDICIAL  2949360485            DEISE LOPES NUNES FERNANDES X OI MOVEL S.A. - EM RECUPERACAO JUDICIAL  Pouso Alegre - Juizado Especial   Unidade Jurisdicional - 1º JD da Comarca de Pouso Alegre       Não                            https://objectstorage.sa-saopaulo-1.oraclecloud.com/n/grgzajrtoi0u/b/eprotocol/o/intimation%2FDFA%2F20260428%2F5008025-56.2020.8.13.0525%2F31322692%2F2949360485.pdf                  Não     31322692  INTIMAÇÃO CAPTURADA EM: 28/04/2026\n====================================\nNúmero do processo: 5008025-56.2020.8.13.0525\nDisponibilização: 27/04/2026\nPesquisado: DECIO FLAVIO GONCALVES TORRES FREIRE - ADVOGADO\nTribunal/Sistema: TJMG-PJE-1ª instância\nPrazo:  sem prazo\nIntimado: OI MOVEL S.A. - EM RECUPERACAO JUDICIAL\nParte: DEISE LOPES NUNES FERNANDES X OI MOVEL S.A. - EM RECUPERACAO JUDICIAL\nVara/Juízo:  Unidade Jurisdicional - 1º JD da Comarca de Pouso Alegre - Pouso Alegre - Juizado Especial\nTipo : Intimação\n====================================\n------------------------\nIntimação (2949360485)\nDestinatário OI MOVEL S.A. - EM RECUPERACAO JUDICIAL\nPrazo 0 sem prazo\nFechado? NÃO\nINTIMAÇÃO LIDA SEM A ABERTURA DO PRAZO\n------------------------\n PODER JUDICIÁRIO DO EST ADO DE MINAS GERAIS\n Justiça de Primeira Instância  \nComarca de Pouso Alegre / Unidade Jurisdicional - 1º JD da Comarca de Pouso Alegre \n Avenida Doutor Carlos Blanco, 245, Residencial Santa Rita, Pouso Alegre - MG - CEP: 37558-720\n \nPROCESSO Nº: 5008025-56.2020.8.13.0525 \nCLASSE: [CÍVEL] CUMPRIMENT O DE SENTENÇA  (156) \nASSUNT O: [Oferta e Publicidade] \nAUT OR: DEISE LOPES NUNES FERNANDES CPF: 034.163.456-57\nRÉU: OI MOVEL  S.A. - EM RECUPERACAO JUDICIAL  CPF: 05.423.963/0001-1 1 \n \nDESPACHO\nVistos.\nConsiderando a manifestação da parte executada alegando erro material\nquanto à vinculação do valor depositado na conta judicial nº 3000117963344\ne requerendo sua liberação em seu favor.\nAssim, defiro o pedido da executada. \nPortanto, REVOGO o despacho de ID 10665663441, primeira parte, para que o\nvalor depositado na conta judicial nº 3000117963344,  R$ 783,80, que\natualizado é de R$ 1.033,66, seja em beneficio da parte executada. \nExpeçam-se os competentes alvarás, nos termos das decisões já lançadas nos\nautos.\nApós o cumprimento, intime-se a parte exequente para, no prazo de 5 (cinco)\ndias, requerer o que entender de direito para prosseguimento da execução,\ninclusive com atualização do débito remanescente, sob pena extinção da\nexecução.\nPublique-se. Intimem-se. \n Pouso Alegre, data da assinatura eletrônica.  \nADRIANE APARECIDA  DE BESSA  ROSA\nJuiz(íza) de Direito\n Unidade Jurisdicional - 1º JD da Comarca de Pouso Alegre\nAssinado eletronicamente por JAKELINE FERREIRA MACHADO PEREIRA\n27/04/2026 21:02:54\nhttps://pje.tjmg.jus.br:443/pje/Processo/ConsultaDocumento/listView.seam26042721025429100010665366786\n------------------------\nhttps://objectstorage.sa-saopaulo-1.oraclecloud.com/n/grgzajrtoi0u/b/eprotocol/o/intimation%2FDFA%2F20260428%2F5008025-56.2020.8.13.0525%2F31322692%2F2949360485.pdf\n====================================\nDW LAW - Leitura automatizada painel de intimações\nID Intimação: 2949360485\nData da captura: 28/04/26\nALERTA DE INSTRUÇÃO: Nos termos do art. 5º, §1,º da Lei 11.419/2016, o acesso ao conteúdo das intimações processuais no sistema de processo eletrônico efetiva  \na consulta e certifica a ciência da intimação, deflagrando imediatamente o início da contagem do prazo. \nPortanto, É NECESSÁRIA A VERIFICAÇÃO DIRETA PELO USUÁRIO DO PRAZO INICIAL E FINAL para fins de resposta e/ou prática de ato processual pertinente à intimação lida.\n#ID_DW31322692#\n====================================\n                   NaN                   NaN
[2026-05-05 14:18:32] [INFO] reader — Coluna CNJ mapeada: 'Processo'
[2026-05-05 14:18:32] [INFO] reader — DW1.xlsx: total de linhas lidas=232 | CNJ preenchido=232 | CNJ vazio=0
[2026-05-05 14:18:32] [INFO] reader — Colunas mapeadas: CNJ='Processo', DataPublicacao='Disponibilização', Texto='Intimação', Cliente='Advogado', Tribunal/Sistema extraídos por fonte
[2026-05-05 14:18:32] [WARNING] reader — Arquivo não encontrado, pulando: C:\Users\lucas.paim\Desktop\processo_triage\input\DW2.xlsx
[2026-05-05 14:18:32] [INFO] reader — 📂 Lendo fonte: WEBJUR
[2026-05-05 14:18:32] [INFO] reader — Arquivo bruto detectado: C:\Users\lucas.paim\Desktop\processo_triage\input\Webjur1.csv
[2026-05-05 14:18:32] [INFO] reader — Arquivo sanitizado detectado: C:\Users\lucas.paim\Desktop\processo_triage\input\Webjur1_SANITIZADO.csv
[2026-05-05 14:18:32] [INFO] reader — Usando sanitizado no lugar do bruto.
[2026-05-05 14:18:32] [INFO] reader — Lendo: C:\Users\lucas.paim\Desktop\processo_triage\input\Webjur1_SANITIZADO.csv
[2026-05-05 14:18:32] [INFO] reader — Arquivo efetivamente lido para 'Webjur1.csv': Webjur1_SANITIZADO.csv
[2026-05-05 14:18:33] [INFO] reader — CSV 'Webjur1.csv' lido com encoding=cp1252, sep=';', skiprows=0
[2026-05-05 14:18:33] [INFO] reader — Colunas lidas do arquivo 'Webjur1.csv': ['Codigo', 'Número do Processo', 'Data da Publicação', 'Termo Localizado', 'Diário Oficial', 'Página', 'Juizo', 'Publicação', 'targetID']
[2026-05-05 14:18:33] [INFO] reader — Primeiras 3 linhas de 'Webjur1.csv':
       Codigo         Número do Processo Data da Publicação             Termo Localizado                                          Diário Oficial   Página                                      Juizo                                                                                                                                                                                                                                                                                                                                                                                                                                                                                                                                                                                                                                                                                                                                                                                                                                                                                                                                                                                                                                                                                                                                                                                                                                                                                                                                                                                                                                                                                                                                                                                                                                                                                                                                                                                                                                                                                                                                                                                                                                                                                                                                                                                                                                                                                                                                                                                                                                                                                                                                                                                                                                                                                                                                                                                                                                                                                                                                                                                                                                                                                                                                                                                                                                                                                                                                                                                                                                                                                                                                                                                                                                                                                                                                                                                                                                                                                                                                                                                                                                                                                                                                                                                                                                                                                                                                                                                                                                                                                                                                                                                                                                                                                                                                                                                                                                                                                                                                                                                                                                                                                                                                                                                                                                                                                                                                                                                                                                                                                                                                                                                                                                                                                                                                                                                                                                                                                                                                                                                                                                                                                                                                                                                                                                                                                                                                                                                                                                                                                                                                                                                                                                                                                                                                                                                                                                                                                                                                                                                                                                                                                                                                                                                                                                                                                                                                                                                                                                                                                                                                                                                                                                                                                                                                                                                                                                                                                                                                                                                                                                                                                                                                                                                                                                                                                                                                                                                                                                                                                                                                                                                                                                                                                                                                                                                                                                                                                                                                                                                                                                                                                                                                                                                                                                                                                                                                                                                                                                                                                                                                                                                                                                                                                                                                                                                                                                                                                                                                                                                                                                                                                                                                                                                                                                                                                                                                                                                                                                                                                                                                                                                                                                                                                                                                                                                                                                                                                                                                                                                                                                                                                                                                                                                                                                                                                                                                                                                                                                                                                                                                                                                                                                                                                                                                                                                                                                                                                                                                                                                                                                                                                                                                                                                                                                                                                                                                                                                                                                                                                                                                                                                                                                                                                                                                                                                                                                                                                                                                                                                                                                                                                                                                                                                                                                                                                                                                                                                                                                                                                                                                                                                                                                                                                                                                                                                                                                                                                                                                                                                                                                                                                                                                                                                                                                                                                                                                                                                                                                                                                                                                                                                                                                                                                                                                                                                                                                                                                                                                                                                                                                                                                                                                                                                                                                                                                                                                                                                                                                                                                                                                                                                                                                                                                                                                                                                                                                                                                                                                                                                                                                                                                                                                                                                                                                                                                                                                                                                                                                                                                                                                                                                                                                                                                                                                                                                                                                                                                                                                                                                                                                                                                                                                                                                                                                                                                                                                                                                                                                                                                                                                                                                                                                                                                                                                                                                                                                                                                                                                                                                                                                                                                                                                                                                                                                                                                                                                                                                                                                                                                                                                                                                                                                                                                                                                                                                                                                                                                                                                                                                                                                                                                                                                                                                                                                                                                                                                                                                                                                                                                                                                                                                                                                                                                                                                                                                                                                                                                                                                                                                                                                                                                                                                                  Publicação targetID
0  9181411196  1005581-24.2026.4.01.3000         2026-04-29      FUNDACAO GETULIO VARGAS  DJEN - Diário de Justiça Eletrônico Nacional - JFED-AC  5088359   2ª Vara Federal Cível e Criminal da SJAC                                                                                                                                                                                                                                                                                                                                                                                                                                                                                                                                                                                                                                                                                                                                                                                                                                                                                                                                                                                                                                                                                                                                                                                                                                                                                                                                                                                                                                                                                                                                                                                                                                                                                                                                                                                                                                                                                                                                                                                                                                                                                                                                                                                                                                                                                                                                                                                                                                                                                                                                                                                                                                                                                                                                                                                                                                                                                                                                                                                                                                                                                                                                                                                                                                                                                                                                                                                                                                                                                                                                                                                                                                                                                                                                                                                                                                                                                                                                                                                                                                                                                                                                                                                                                                                                                                                                                                                                                                                                                                                                                                                                                                                                                                                                                                                                                                                                                                                                                                                                                                                                                                                                                                                                                                                                                                                                                                                                                                                                                                                                                                                                                                                                                                                                                                                                                                                                                                                                                                                                                                                                                                                                                                                                                                                                                                                                                                                                                                                                                                                                                                                                                                                                                                                                                                                                                                                                                                                                                                                                                                                                                                                                                                                                                                                                                                                                                                                                                                                                                                                                                                                                                                                                                                                                                                                                                                                                                                                                                                                                                                                                                                                                                                                                                                                                                                                                                                                                                                                                                                                                                                                                                                                                                                                                                                                                                                                                                                                                                                                                                                                                                                                                                                                                                                                                                                                                                                                                                                                                                                                                                                                                                                                                                                                                                                                                                                                                                                                                                                                                                                                                                                                                                                                                                                                                                                                                                                                                                                                                                                                                                                                                                                                                                                                                                                                                                                                                                                                                                                                                                                                                                                                                                                                                                                                                                                                                                                                                                                                                                                                                                             Intimação    PROCESSO: 1005581-24.2026.4.01.3000 - MANDADO DE SEGURANcA CiVEL - || PODER JUDICIARIO JUSTICA FEDERAL Secao Judiciaria do Acre 2ª Vara Federal Civel e Criminal da SJAC PROCESSO: 1005581-24.2026.4.01.3000 CLASSE: MANDADO DE SEGURANCA CIVEL (120) POLO ATIVO: CAIQUE RAMOS CANEDO REPRESENTANTES POLO ATIVO: JANDERSON SOARES DA SILVA - AC6345-A POLO PASSIVO: FUNDACAO GETULIO VARGAS e outros DECISAO CAIQUE RAMOS CANEDO impetrou mandado de seguranca em face de ato atribuido ao PRESIDENTE DO CONSELHO FEDERAL DA ORDEM DOS ADVOGADOS DO BRASIL - CFOAB e a FUNDACAO GETULIO VARGAS objetivando, liminarmente: a) que seja determinada a analise e julgamento dos seus recursos administrativos interpostos na 2ª fase do 45º Exame de Ordem Unificado da OAB, e b) a suspensao dos efeitos desfavoraveis do resultado final, impedindo que sua situacao seja tratada como encerrada administrativamente. Subsidiariamente, requer que seja determinada a reabertura do prazo recursal para nova interposicao. No merito, requer a confirmacao do pedido liminar. Tambem requer os beneficios da justica gratuita. Narra que se inscreveu no 45º Exame de Ordem Unificado da OAB e que participou da segunda fase do certame, consistente na prova pratico-profissional. Relata que obteve pontuacao considerada insuficiente para aprovacao, conforme espelho de correcao disponibilizado pela banca examinadora. Aduz que interpos recursos administrativos em face do resultado, indicando supostos erros de correcao e divergencia em relacao ao padrao de respostas divulgado pela banca. Afirma que os recursos administrativos por ele regularmente interpostos deixaram de ser apreciados em razao de falha sistemica no ambiente eletronico da banca examinadora. Ressalta que, no periodo destinado a interposicao recursal, a propria organizacao do certame reconheceu a ocorrencia de instabilidade no sistema eletronico, tendo posteriormente restituido o prazo e divulgado comunicado orientando os candidatos a realizarem nova interposicao de recursos. Entretanto, sustenta que tal orientacao nao possuia carater obrigatorio nem foi acompanhada de comando claro e inequivoco no sentido de invalidar os protocolos anteriormente gerados, razao pela qual nao poderia a Administracao desconsiderar os recursos ja regularmente interpostos. Argumenta que cumpriu integralmente o procedimento previsto no edital, tendo obtido os respectivos numeros de protocolo, os quais, por forca das regras do certame, constituem prova da valida interposicao recursal. Sustenta que, somados, os pedidos recursais poderiam elevar sua nota de 4,60 para patamar superior ao minimo exigido para aprovacao, circunstancia que evidencia o prejuizo material decorrente da ausencia de apreciacao administrativa. Foi proferida decisao (ID n. 2251708542) determinando ao impetrante que emendasse a inicial a fim de indicar a autoridade coatora vinculada a Fundacao Getulio Vargas. A parte impetrante apresentou emenda a inicial (ID n. 2251889661) pleiteando a inclusao do Diretor da Fundacao Getulio Vargas no polo passivo. E o relato. Decido. Para a concessao da medida liminar em mandado de seguranca a lei exige a presenca simultanea de dois requisitos: a presenca de fundamento relevante para o pedido e o risco de ineficacia da medida judicial, caso concedida somente ao final. A parte impetrante objetiva, em sintese, que seja determinada a analise e julgamento dos recursos administrativos por ele interpostos na segunda fase do 45º Exame de Ordem Unificado ou, subsidiariamente, a reabertura do prazo recursal para nova interposicao de recursos. Para fundamentar a sua pretensao, argumenta, em sintese, que houve falha sistemica no ambiente eletronico da banca examinadora, a qual teria impedido o processamento regular de seus recursos, sustentando que cumpriu as exigencias editalicias e que os protocolos gerados comprovam a valida interposicao, nao podendo a Administracao desconsidera-los com base em orientacao que reputa nao obrigatoria. No contexto de certames publicos e exames de proficiencia, como e o caso do 45º Exame de Ordem Unificado, o controle jurisdicional deve se pautar, primordialmente, pela verificacao da legalidade do procedimento e pela observancia das regras contidas no respectivo instrumento convocatorio. O edital impoe vinculacao estrita tanto a Administracao quanto aos candidatos, os quais devem observar integralmente as regras previamente estabelecidas. Nesse contexto, eventual flexibilizacao das normas editalicias somente se justifica diante de manifesta ilegalidade. Nesse sentido, tambem se evidencia o dever de diligencia e acompanhamento continuo dos atos do certame. O item 6.2 do edital (ID n. 2248827972, p. 28) atribui ao candidato a responsabilidade exclusiva de acompanhar todos os editais, comunicados e demais publicacoes oficiais. Trata-se de encargo inerente a participacao em processos seletivos dessa natureza, nao sendo possivel imputar a Administracao as consequencias da inobservancia desse dever. No caso concreto, verifica-se que a propria banca examinadora reconheceu a ocorrencia de instabilidade no sistema eletronico e, em observancia aos principios da autotutela administrativa e da razoabilidade, adotou providencias para sanar o vicio, mediante a restituicao integral do prazo recursal (de 21/03 a 24/03) e a divulgacao de comunicado com instrucoes especificas para nova interposicao dos recursos. Tais comunicados assumem carater vinculante no contexto do certame, na medida em que visam regular a forma adequada de superacao da falha tecnica reconhecida. Ademais, nao procede a alegacao de que tais instrucoes constituiriam mera sugestao. O termo  orientacao , no contexto do comunicado de ID n. 2248828436, deve ser interpretado a luz do dever de cooperacao e diligencia do candidato, assumindo carater diretivo e obrigatorio para a regularizacao da situacao excepcional criada pela falha sistemica. Ao deixar de seguir as instrucoes expressamente divulgadas pela banca, o impetrante assumiu o risco de nao processamento de seus recursos. Dessa forma, nao se verifica ilegalidade no ato administrativo que desconsiderou protocolos gerados em sistema reconhecidamente instavel, quando oportunizada, de forma clara e tempestiva, a regularizacao mediante novo envio. A previsibilidade de falhas tecnologicas, aliada a disponibilizacao de solucao pela banca organizadora, impoe ao candidato o dever de agir com cautela e diligencia reforcadas. Para alem disso, a pretensao deduzida pelo impetrante, se acolhida, implicaria violacao ao principio da isonomia, na medida em que beneficiaria candidato que deixou de observar as orientacoes oficiais, em detrimento daqueles que, diante da mesma situacao, diligenciaram e procederam a nova interposicao de seus recursos dentro do prazo restituido. Tal cenario comprometeria a igualdade de condicoes entre os participantes do certame. Assim, nao se verifica a existencia de fundamento relevante para o deferimento do pedido, tendo em vista que a banca examinadora atuou em conformidade com as regras editalicias, tendo reconhecido a falha sistemica, adotado medidas adequadas para sua correcao e oportunizado, de forma clara e isonomica, a regularizacao da situacao por todos os candidatos, nao sendo possivel imputar ilegalidade a conduta administrativa nem afastar as consequencias decorrentes da inobservancia, pelo impetrante, do dever de diligencia que lhe competia. Diante do exposto, INDEFIRO o pedido liminar requerido. Retifique-se a autuacao a fim de incluir o Diretor da FGV no polo passivo do feito. Notifique-se a autoridade coatora para que preste as informacoes necessarias no prazo de 10 (dez) dias. Intime-se o orgao de representacao judicial da autoridade, na forma do artigo 7º, inciso II, da Lei nº 12.016/2009. Apos o prazo legal de manifestacao da autoridade, manifeste-se o Ministerio Publico Federal, em 10 (dez) dias. Intimem-se. Rio Branco/AC, data da assinatura eletronica. Juiz Federal Documento assinado eletronicamente ||| POLO ATIVO: CAIQUE RAMOS CANEDO ADVOGADO: JANDERSON SOARES DA SILVA - OAB: 006345/AC Acesso ao documento: https://pje1g.trf1.jus.br:443/pje/Processo/ConsultaDocumento/listView.seam?x=26042712030173600002168237325 Identificador do documento: 595088359      NaN
1  9181530212  1006613-64.2026.4.01.3000         2026-04-29      FUNDACAO GETULIO VARGAS  DJEN - Diário de Justiça Eletrônico Nacional - JFED-AC  5696786   1ª Vara Federal Cível e Criminal da SJAC                                                                                                                                                                                                                                                                                                                                                                                                                                                                                                                                                                                                                                                                                                                                                                                                                                                                                                                                                                                                                                                                                                                                                                                                                                                                                                                                                                                                                                                                                                                                                                                                                                                                                                                                                                                                                                                                                                                                                                                                                                                                                                                                                                                                                                                                                                                                                                                                                                                                                                                                                                                                                                                                                                                                                                                                                                                                                                                                                                                                                                                                                                                                                                                                                                                                                                                                                                                                                                                                                                                                                                                                                                                                                                                                                                                                                                                                                                                                                                                                                                                                                                                                                                                                                                                                                                                                                                                                                                                                                                                                                                                                                                                                                                                                                                                                                                                                                                                                                                                                                                                                                                                                                                                                                                                                                                                                                                                                                                                                                                                                                                                                                                                                                                                                                                                                                                                                                                                                                                                                                                                                                                                                                                                                                                                                                                                                                                                                                                                                                                                                                                                                                                                                                                                                                                                                                                                                                                                                                                                                                                                                                                                                                                                                                                                                                                                                                                                                                                                                                                                                                                                                                                                                                                                                                                                                                                                                                                                                                                                                                                                                                                                                                                                                                                                                                                                                                                                                                                                                                                                                                                                                                                                                                                                                                                                                                                                                                                                                                                                                                                                                                                                                                                                                                                                                                                                                                                                                                                                                                                                                                                                                                                                                                                                                                                                                                                                                                                                                                                                                                                                                                                                                                                                                                                                                                                                                                                                                                                                                                                                                                                                                                                                                                                                                                                                                                                                                                                                                                                                                                                                                                                                                                                                                                                                                                                                                                                                                                                                                                                                                                                                                                                                                                                                                                                                                                                                                                                                                                                                                                                                                                                                                                                                                                                                                                                                                                                                                                                                                                                                                                                                                                                                                                                                                                                                                                                                                                                                                                                                                                                                                                                                                                                                                                                                                                                                                                                                                                                                                                                                                    Intimação    PROCESSO: 1006613-64.2026.4.01.3000 - MANDADO DE SEGURANcA CiVEL - || PODER JUDICIARIO JUSTICA FEDERAL Secao Judiciaria do Acre 1ª Vara Federal Civel e Criminal da SJAC SENTENCA TIPO  A  PROCESSO: 1006613-64.2026.4.01.3000 CLASSE: MANDADO DE SEGURANCA CIVEL (120) POLO ATIVO: DEBORA MELO SIMOES REPRESENTANTES POLO ATIVO: JOAO VICTOR BRANDAO REIS - AC7012 POLO PASSIVO: Ordem dos Advogados do Brasil Seccional Acre e outros SENTENCA Trata-se de mandado de seguranca impetrado por DEBORA MELO SIMOES em face do PRESIDENTE DO CONSELHO FEDERAL DA ORDEM DOS ADVOGADOS DO BRASIL, e da FUNDACAO GETULIO VARGAS (FGV), postulando a concessao de liminar que determine a reavaliacao das respostas as questoes 1-B, 3-B e 4-A de sua prova pratico-profissional de Direito Constitucional, atribuindo-se a pontuacao devida conforme o espelho de correcao, com a consequente expedicao e liberacao do certificado de aprovacao. Alega, em sintese, que se inscreveu para o 45º Exame de Ordem Unificado, optando pela Disciplina Direito Constitucional, tendo obtido 4,65 pontos na prova pratico-profissional, postulando a concessao de liminar que atribua 1,35 pontos ilegalmente suprimidos que alterariam sua nota final para 6 pontos e a colocaria na condicao de aprovada referido certame. Assere que lhe foi atribuida nota 0,00 nos tres itens citados, sendo que em cada um deles a candidata apresentou fundamentacao juridica pertinente e alinhada ao nucleo do conhecimento exigido, tendo inclusive acertado o posicionamento (positivo ou negativo) solicitado pelo enunciado Juntou documentos e requereu o beneficio da assistencia judiciaria gratuita. E o relatorio. Decido. Para a concessao da medida liminar em mandado de seguranca a lei exige a presenca simultanea de dois requisitos: a presenca de fundamento relevante para o pedido e o risco de ineficacia da medida judicial, caso concedida somente ao final. Pretende a parte autora a revisao dos criterios utilizados pela Banca Examinadora na correcao da sua prova pratico-profissional de Direito Constitucional do 45º Exame de Ordem Unificado da Ordem dos Advogados do Brasil - OAB. A materia aqui discutida nao apresenta maiores digressoes, ate mesmo porque analisando detidamente as alegacoes da parte autora ve-se que ela questiona o proprio acerto/desacerto dos criterios utilizados pela banca examinadora para corrigir a prova pratico profissional relacionada a area de Direito Constitucional. Em que pesem os argumentos levantados o que, de fato, se postula na presente demanda e uma revisao judicial acerca da correcao feita pela Banca do certame que diverge das escolhas feitas pelo impetrante. O impetrante recorreu da nota que foi atribuida a sua prova, justificando que as questoes 1-B, 3-B e 4-A foram corrigidas de forma ilegal pela Banca Examinadora, que nao lhe atribuiu os pontos devidos, causando-lhe sua reprovacao. Nao aponta erros materiais evidentes e de facil percepcao nem muito menos possiveis incongruencias perceptiveis primo ictu oculi entre as questoes e a matriz curricular prevista no edital. Em verdade, visa que este juizo faca prevalecer seu entendimento em substituicao ao entendimento da Banca Examinadora, o que contraria, claramente, acordao vinculante do STF sobre tal materia. O Supremo Tribunal Federal, por ocasiao do julgamento do Recurso Extraordinario 632.853, na sessao plenaria do dia 23.04.2015, sob o regime de repercussao geral (Tema 485), consolidou sua jurisprudencia pacifica no sentido de que nao compete ao Poder Judiciario substituir banca examinadora de concurso publico para reavaliar as respostas dadas pelos candidatos e as respectivas notas a eles atribuidas. O acordao restou ementado da seguinte forma: Recurso extraordinario com repercussao geral. 2. Concurso publico. Correcao de prova. Nao compete ao Poder Judiciario, no controle de legalidade, substituir banca examinadora para avaliar respostas dadas pelos candidatos e notas a elas atribuidas. Precedentes. 3. Excepcionalmente, e permitido ao Judiciario juizo de compatibilidade do conteudo das questoes do concurso com o previsto no edital do certame. Precedentes. 4. Recurso extraordinario provido. A anulacao de questao de prova pelo Poder Judiciario somente tem lugar na hipotese de flagrante ilegalidade na sua elaboracao, por parte da banca examinadora, sem o respeito as normas veiculadas no edital, nao sendo essa a hipotese que se examina. A jurisprudencia patria tem manifestado reiterado entendimento de que o Poder Judiciario e incompetente para, substituindo-se a banca examinadora de concurso publico, reexaminar o conteudo das questoes formuladas e os criterios de correcao das provas. Claramente, a eventual atribuicao de pontuacao a impetrante, enseja o exame e consideracoes sobre possiveis interpretacoes que o enunciado comportaria, extrapolando o limite do controle da legalidade e reexaminando os criterios de correcao, o que incumbe unicamente a banca examinadora. O caso, portanto, se amolda, a rigor, na hipotese prevista no artigo 332, II, do CPC, cujo teor e o seguinte: Art. 332. Nas causas que dispensem a fase instrutoria, o juiz, independentemente da citacao do reu, julgara liminarmente improcedente o pedido que contrariar: (...) II - acordao proferido pelo Supremo Tribunal Federal ou pelo Superior Tribunal de Justica em julgamento de recursos repetitivos, Considerando que o pedido contraria clara e inequivocamente a tese fixada pelo STF no julgamento do RE 632.853, nao resta alternativa a este juizo senao, adota-la como razao de decidir, para rejeita-lo liminarmente. Ante o exposto, JULGO LIMINARMENTE IMPROCEDENTE O PEDIDO com fundamento no artigo 332, II, do Codigo de Processo Civil. Defiro a assistencia judiciaria gratuita. Sem custas e sem honorarios advocaticios. Havendo recurso de apelacao, cite-se a parte recorrida para contrarrazoes. Apresentadas preliminares nas contrarrazoes, vista ao apelante. Tudo cumprido, remetam-se ao TRF(art. 1.010 ,§§ 1º ao 3º, do CPC). Transitada em julgado, arquivem-se os autos, com baixa na distribuicao. Intime-se a parte autora. Arquive-se, oportunamente. ||| POLO ATIVO: DEBORA MELO SIMOES ADVOGADO: JOAO VICTOR BRANDAO REIS - OAB: 007012/AC Acesso ao documento: https://pje1g.trf1.jus.br:443/pje/Processo/ConsultaDocumento/listView.seam?x=26042712174031800002168243792 Identificador do documento: 595696786      NaN
2  9181449363  1011963-67.2025.4.01.3000         2026-04-29  FUNDACAO GETULIO VARGAS FGV  DJEN - Diário de Justiça Eletrônico Nacional - JFED-AC  5406739   2ª Vara Federal Cível e Criminal da SJAC  Intimação    PROCESSO: 1011963-67.2025.4.01.3000 - MANDADO DE SEGURANcA CiVEL - || PODER JUDICIARIO TRIBUNAL REGIONAL FEDERAL DA PRIMEIRA REGIAO SECAO JUDICIARIA DO ESTADO DO ACRE 2ª VARA FEDERAL CIVEL E CRIMINAL DA SJAC SENTENCA TIPO  A  PROCESSO: 1011963-67.2025.4.01.3000 CLASSE: MANDADO DE SEGURANCA CIVEL (120) IMPETRANTE: FRANCISCO ALVES DE SOUZA NETO LITISCONSORTE: ORDEM DOS ADVOGADOS DO BRASIL CONSELHO FEDERAL, ORDEM DOS ADVOGADOS DO BRASIL SECCIONAL ACRE, FUNDACAO GETULIO VARGAS IMPETRADO: PRESIDENTE DA FUNDACAO GETULIO VARGAS - FGV, PRESIDENTE NACIONAL DA ORDEM DOS ADVOGADOS DO BRASIL - OAB SENTENCA FRANCISCO ALVES DE SOUZA NETO impetrou mandado de seguranca em face de ato atribuido ao PRESIDENTE NACIONAL DA ORDEM DOS ADVOGADOS DO BRASIL - OAB e ao PRESIDENTE DA FUNDACAO GETULIO VARGAS - FGV objetivando, liminarmente: a) a revisao da correcao de sua prova pratico-profissional do 43º Exame de Ordem Unificado, com a consequente atribuicao dos pontos que alega terem sido indevidamente suprimidos, e b) a declaracao de sua aprovacao no certame e expedicao do certificado de habilitacao para o exercicio da advocacia. No merito, requer a confirmacao do pedido liminar. Narra que se submeteu ao referido exame pratico-profissional na area de Direito do Trabalho e, apos a divulgacao do resultado preliminar, obteve a nota final de 5,65 (cinco e sessenta e cinco) pontos, sendo considerado reprovado, uma vez que a nota minima para aprovacao e de 6,00 (seis) pontos. Relata que a correcao de sua prova contem flagrantes erros materiais, que consistiram na nao atribuicao de pontuacao a respostas que estariam em estrita conformidade com o proprio gabarito definitivo divulgado pela banca examinadora. Aponta, de forma detalhada e especifica, cinco equivocos na avaliacao, os quais, se sanados, resultariam na majoracao de sua nota para 6,75 (seis e setenta e cinco) pontos, superando o patamar necessario para a aprovacao. Impugna, especificamente, os seguintes quesitos da sua peca pratico-profissional: a) nao pontuacao do Item 04, referente ao pedido de nulidade da citacao (0,70 pontos), b) nao pontuacao pela mencao expressa ao artigo 833, § 2º, do Codigo de Processo Civil, no Item 06 (0,10 pontos), c) nao pontuacao pela indicacao do artigo 224, § 2º, da Consolidacao das Leis do Trabalho (0,10 pontos), d) nao pontuacao pela mencao ao artigo 543, § 3º, da CLT (0,10 pontos), e e) nao pontuacao pela indicacao do artigo 462, § 1º, da CLT (0,10 pontos). Juntou documentos. Foi proferida decisao (ID 2214401419) deferindo o beneficio da justica gratuita contudo indeferindo o pedido liminar. As Autoridades Coatoras apresentaram informacoes (IDs 2215035226, 2222322501). O Ministerio Publico Federal entendeu ser desnecessario intervir no feito (ID 2232741761). E o relatorio. Decido. Seguem os fundamentos da decisao que indeferiu o pedido liminar (ID 2214401419):  Confira-se a seguir a resposta exigida pelo espelho de correcao, a resposta dada pelo candidato e a pontuacao atribuida para cada um dos pontos impugnados: Peca Pratico-Profissional, Item 4. Nulidade da Citacao (0,00/0,70/0,80 pontos) - ID n. 2205293425, p. 21 Resposta exigida: Requerer a nulidade de todo o processo porque nula/inexistente a citacao (0,70). Indicacao Art. 803, inciso II ou Art. 239 ou Art. 280, todos do CPC (0,10) Resposta do impetrante: (…) Diante do exposto, requer que seja declarada a nulidade da citacao, e a extincao da execucao. (ID n. 2205293425, p. 32). Recurso interposto: Na peca, constou:  Diante da inexistencia de citacao valida da Executada, requer-se a decretacao da nulidade da citacao e a extincao dos atos processuais subsequentes . Essa redacao contempla exatamente o nucleo padrao - nulidade de todo o processo por ausencia/inexistencia de citacao, fundamentada na legislacao processual aplicavel. (ID n. 2212799645, p. 2/3). Resposta ao recurso interposto: Recurso identificado: Francisco Alves de Souza Neto. Inscricao: 823033651 O Edital do Exame veda peremptoriamente a identificacao do examinando, justamente para manter incolume a impessoalidade e a transparencia. Assim, conforme termos do edital, a identificacao ocorrida neste caso impede a analise dos motivos apresentados. (ID n. 2212799645, p. 3) Da analise do item impugnado, verifica-se que, ao interpor o recurso administrativo, o candidato se identificou expressamente (nome e numero de inscricao constam do proprio recurso). Como ressaltado pela banca examinadora, o edital veda peremptoriamente qualquer identificacao do examinando, justamente para resguardar impessoalidade e isonomia. A banca, coerente com a clausula editalicia, nao conheceu do merito do recurso. Note-se que nao se trata de capricho burocratico, mas sim de regra de integridade do certame. Ainda que o conteudo da resposta do impetrante dialogue com o espelho, o candidato violou regra editalicia nuclear ao se identificar no recurso. Atribuir pontuacao por via judicial, a revelia da vedacao editalicia, convalidaria o vicio decorrente da propria conduta do candidato e comprometeria a isonomia entre os demais examinandos que observaram as regras do certame. O controle judicial nao se presta a sanar irregularidades autoinfligidas, tampouco a substituir criterios de impessoalidade por solucoes casuisticas. A intervencao jurisdicional nao pode desfigurar a impessoalidade, premissa basilar de concursos publicos. Portanto, a analise do item mostra-se prejudicada. Passo a analise do item 06. Peca Pratico-Profissional, Item 06. (...) Indicacao do Art. 529, §3°, ou Art. 833, §2°, ambos do CPC (0,00/0,70/0,80 pontos) - ID n. 2205293425, p. 21 Resposta exigida: Beneficio Previdenciario 6. Requerer a liberacao total da aposentadoria pela sua natureza alimentar/impenhorabilidade (0,70). Indicacao Art. 833, inciso IV, do CPC (0,10). ou Requerer a liberacao parcial da aposentadoria porque excedeu o limite legal (0,70). Indicacao do Art. 529, § 3º, ou Art. 833, § 2º, ambos do CPC (0,10). Resposta do impetrante: (…) Nos termos do art. 822, §2° do CPC, sao impenhoraveis (...) (ID n. 2205293425, p. 32, linha 81). Recurso interposto: Na peca constou a mencao ao artigo 833, §2° do CPC na linha 81 que diz:   nos termos do art. 833 §2° do CPC, sao impenhoraveis as prestacoes de carater alimentar . Portanto solicito a pontuacao de 0,10 pois foi mencionado correto o artigo. Resposta ao recurso interposto: Recurso identificado: Francisco Alves de Souza Neto. Inscricao: 823033651 O Edital do Exame veda peremptoriamente a identificacao do examinando, justamente para manter incolume a impessoalidade e a transparencia. Assim, conforme termos do edital, a identificacao ocorrida neste caso impede a analise dos motivos apresentados. (ID n. 2212799645, p. 3) Assim, como no item anterior, verifica-se que o candidato novamente se identificou no recurso interposto, razao pela qual a analise dos fundamentos apresentados, mais uma vez, mostra-se prejudicada, conforme fundamentos destacados no item anterior. Passo a analise do ponto item seguinte (questao 1). Questao 1 (ID n. 2205293425, p. 11). Jorge e Sonia sao casados, trabalhavam no banco Dinheiro Vivo S.A., e foram dispensados sem justa causa em novembro de 2023. Nos ultimos cinco anos, Jorge ocupava o cargo de gerente de agencia, com carteira de clientes, assinatura autorizada e tinha dois assistentes que o auxiliavam quando necessario. Sonia era a gerente-geral da agencia nos ultimos sete anos, estando hierarquicamente acima dos demais gerentes, de modo que controlava a produtividade deles, participava do comite de credito e reportava o que de relevante havia a direcao do banco. Ambos recebiam salario e gratificacao de funcao de 100%. Apos a dispensa, o casal ajuizou uma reclamacao trabalhista plurima requerendo o pagamento de horas extras e reflexos. Jorge disse que apesar de o bancario ter jornada de seis horas diarias, conforme o Art. 224, caput, da CLT, ele se ativava das 9 as 18 horas, com intervalo de 1 (uma) hora para a refeicao. Ja Sonia disse que trabalhava das 8 as 20 horas, com pausa alimentar de uma hora. Considerando a situacao narrada, os termos da CLT e o entendimento consolidado do TST, responda as indagacoes a seguir, ciente de que voce e o(a) advogado(a) do banco. A) Que tese juridica voce sustentaria na contestacao contra o pedido de horas extras formulada por Jorge? Justifique. (Valor 0,65) B) Que tese juridica voce advogaria na contestacao contra o pedido de horas extras formulada por Sonia? Justifique. (Valor 0,60) Resposta exigida: A. Jorge esta vinculado a uma jornada de oito horas diarias (0,55). Art. 224, §2°, da CLT, ou Sumula 102, incisos II ou IV, do TST (0,10). (0,00/0,55/0,65 pontos) - ID n. 2205293425, p. 21 Resposta do impetrante: A) A Tese juridica a ser sustentada e a de que Jorge por ser gerente de agencia e receber gratificacao de 100% pela funcao, nao se enquadra no art. 224, §2° da CLT, pois exerce funcao de gerencia, desta forma nao lhe cabe o recebimento de horas extras, nos termos da Sumula 102 do TST (ID n. 2205293425, p. 23). Recurso interposto: Preliminarmente, requer-se a atribuicao da pontuacao integral aos itens A e B da resposta ao candidato, tendo em vista que as teses juridicas apresentadas estao em conformidade com a legislacao trabalhista e com a jurisprudencia consolidada do TST, ainda que com terminologia distinta da utilizada pela banca. (…) (ID n. 2212799645, p. 4/5) Resposta ao recurso interposto: a) Muito embora seja correto afirmar que Jorge exerce cargo de confianca bancaria na forma art. 224 §2°, da CLT, de tal circunstancia nao se pode inferir que ele nao tem direito a horas extras. Isso porque a norma trabalhista, em realidade, preve que o bancario enquadrado no referido dispositivo legal vincula-se a jornada de oito horas diarias e por certo que o trabalho alem desse modulo diario implica necessariamente em horas extras. Ante o exposto, forcoso concluir que a resposta nao pode ser validada porque encerra fundamentacao em desconformidade com a norma de regencia e ainda porque o examinando nao soube extrair dos fatos narrados uma adequada qualificacao juridica. Nota mantida. b) Prospera em parte o inconformismo, pois a resposta do candidato esta conforme o gabarito, exceto quanto ao fundamento legal/jurisprudencial, de modo que a nota e alterada para 0,50. (ID n. 2212799645, p. 5/6) No que se refere a questao 1, item A, o espelho de correcao exigia o enquadramento do bancario na jornada de oito horas diarias, nos termos do art. 224, § 2º, da CLT, ou da Sumula 102 do TST, admitindo-se o pagamento de horas extras apenas quanto ao labor excedente. O impetrante, contudo, sustentou tese no sentido de que Jorge nao faria jus a horas extras em razao da gratificacao de funcao e do enquadramento no art. 224, § 2º, da CLT, conclusao que destoa da norma e da jurisprudencia consolidada. Nao se trata, portanto, de erro material, mas de divergencia interpretativa quanto a aplicacao da lei, hipotese em que nao cabe ao Poder Judiciario substituir a banca examinadora. Assim, nao assiste razao ao impetrante quanto a esse ponto. Passo a analise do item seguinte (questao 3). Questao 3 (ID n. 2205293425, p. 14) Sonia, empregada de uma sociedade empresaria, foi eleita dirigente sindical e empossada em janeiro de 2023 para um mandato de dois anos. Em julho de 2024, a sociedade empresaria acusou Sonia de estimular os empregados a realizar uma especie de motim. Sonia teria combinado com varios empregados a ausencia coletiva em determinado dia, para prejudicar financeiramente a sociedade empresaria e forca-la a aceitar novos beneficios para os empregados. Por conta disso, o empregador imediatamente dispensou Sonia por justa causa, afirmando possuir provas robustas de todo o alegado. A ex-empregada o(a) procurou, como advogado(a), para resolver a situacao. A) A forma pela qual a sociedade empresaria realizou a dispensa por justa causa foi adequada? Justifique. (Valor: 0,65) Resposta exigida: A. Nao, porque deveria ajuizar inquerito/inquerito judicial/inquerito para a apuracao de falta grave (0,55). Art. 543, § 3º, da CLT, ou Sumula 197 STF ou Sumula 379 TST (0,10). (0,00/0,55/0,65 pontos) - ID n. 2205293425, p. 22 Resposta do impetrante: A forma de dispensa foi indevida, pois Sonia por ter sido eleita dirigente sindical, conta com estabilidade ate 1 ano apos o final do seu mandato, o mandato termina em janeiro de 2025 e sua estabilidade se daria ate janeiro de 2026, conforme art. 543 § 3º da CLT. (ID n. 2205293425, p. 24). Recurso interposto: Preliminarmente, requer-se a atribuicao da pontuacao integral ao item A da resposta do candidato, tendo em vista que a fundamentacao apresentada esta em conformidade com a legislacao vigente e nao diverge do entendimento consolidado pela jurisprudencia (…) (ID n. 2212799645, p. 6/7) Resposta ao recurso interposto: a) O que se buscava medir na questao era se a dispensa por justa causa aplicada de plano pelo empregador foi adequada, impondo-se resposta negativa porque esse ato juridico deveria, obrigatoriamente, ser antecedido de uma acao (inquerito/inquerito judicial/inquerito para a apuracao de falta grave). Isso nao foi atendido pelo candidato, pelo que a nota deve ser mantida. (ID n. 2212799645, p. 8) No tocante a questao 3, item A, o espelho de correcao estabelecia como resposta adequada a negativa da dispensa por justa causa, em razao da necessidade de previo inquerito judicial para apuracao de falta grave, com fundamento no art. 543, § 3º, da CLT, ou em sumulas correlatas do STF e TST. O impetrante, entretanto, limitou-se a sustentar que Sonia, na qualidade de dirigente sindical, possuia estabilidade provisoria ate um ano apos o termino do mandato, citando expressamente o art. 543, § 3º, da CLT. Ainda que o dispositivo legal tenha sido corretamente mencionado, a resposta nao enfrentou o nucleo da questao proposta, que residia na obrigatoriedade de instauracao de inquerito judicial previo. Assim, constata-se que nao houve erro na correcao, mas inadequacao da resposta ao comando da questao. Nao ha, portanto, espaco para intervencao jurisdicional nesse ponto. Passo a analise do ultimo item (questao 4). Questao 4 (ID n. 2205293425, p. 16) Maria trabalhou em uma sociedade empresaria de 2015 a 2024, quando foi dispensada sem justa causa, ocasiao em que recebia o salario fixo de R$ 3.000,00 (tres mil reais) mensais. A sociedade empresaria marcou uma data para o pagamento das verbas devidas, no prazo fixado na CLT. Ao comparecer para o recebimento, Maria verificou que no seu Termo de Rescisao doContrato de Trabalho (TRCT) havia um desconto de R$ 2.500,00 (dois mil e quinhentos reais), justificado como  prejuizo a empresa . Maria questionou a situacao e foi informada que a subtracao era pela compensacao de uma maquina que, por distracao, foi inutilizada por Maria, sendo que havia a previsao em seu contrato de trabalho de descontos por prejuizos causados pela empregada. Foi ainda apresentada a nota fiscal de compra de uma nova maquina tal qual a avariada. Maria recordava-se de que, de fato, havia quebrado um equipamento da sociedade empresaria por descuido. Considerando o caso narrado e a legislacao de regencia, responda as indagacoes a seguir. A) O desconto efetuado pela sociedade empresaria no TRCT e valido? Justifique. (Valor: 0,65) Resposta exigida: A. Sim, porque esta previsto no contrato e houve culpa (0,55). Art. 462, §1°, CLT (0,10). (0,00/0,55/0,65 pontos) - ID n. 2205293425, p. 22 Resposta do impetrante: o desconto nao e valido, tendo em vista que maria nao teve dolo em quebrar o equipamento, o desconto so seria valido se maria autorizasse o desconto, conforme o artigo 462 § 1º da CLT (ID n. 2205293425, p. 25). Recurso interposto: Preliminarmente, requer-se a atribuicao de pontuacao integral a resposta apresentada pelo candidato, tendo em vista que a fundamentacao juridica esta em conformidade com a legislacao vigente e coma jurisprudencia consolidada (...) (ID n. 2205293425, p. 8) Resposta ao recurso interposto: a) Trata-se de resposta diametralmente oposta a constante no gabarito e advogando tese que nao se ancora no art. 462, §1°, da CLT. De acordo com esse dispositivo legal, a possibilidade de desconto em razao de dano causado pelo empregado nao deriva exclusivamente da conduta dolosa, sendo certo que no caso concreto houve culpa de Maria e previsao contratual para desconto. Nota mantida. (ID n. 2212799645, p. 10) No que se refere a questao 4, item A, o espelho de correcao fixou como resposta adequada a validade do desconto diante da culpa da empregada e da previa previsao contratual, com referencia ao art. 462, § 1º, da CLT. O impetrante defendeu a invalidade do desconto por ausencia de dolo e por suposta necessidade de autorizacao expressa, tese que contraria o nucleo exigido: o dispositivo legal admite o desconto quando houver culpa do empregado e ajuste contratual, prescindindo de autorizacao especifica nessa hipotese. Logo, nao ha erro a ser corrigido, mas inadequacao da resposta ao comando da questao. Portanto, mantem-se a nota atribuida pela banca quanto a este item. Diante do exposto, INDEFIRO o pedido liminar requerido.  No caso em exame, nao se verifica qualquer alteracao no quadro fatico anteriormente delineado. O impetrante pretende o reexame de avaliacao de natureza eminentemente subjetiva realizada pela banca examinadora. No tocante aos itens impugnados na via administrativa, verifica-se que as razoes recursais nao evidenciam erro material grosseiro, limitando-se a demonstrar divergencia entre a resposta apresentada pelo candidato e o padrao tecnico-juridico fixado no espelho de correcao. Ademais, quanto a peca pratico-profissional, constata-se que o impetrante violou regra editalicia essencial relativa ao anonimato, ao inserir identificacao no corpo do recurso, circunstancia que, nos termos do edital, obsta o conhecimento do merito pela banca examinadora. Nesse contexto, a intervencao do Poder Judiciario para promover a majoracao de notas, em descompasso com os criterios tecnicos adotados pela banca e com as normas do certame, implicaria indevida ingerencia na esfera administrativa, em afronta ao principio da separacao de poderes, alem de comprometer a isonomia entre os candidatos submetidos as mesmas regras e condicoes de avaliacao. Diante disso, impoe-se a denegacao da seguranca. Ante o exposto, DENEGO a seguranca pleiteada por FRANCISCO ALVES DE SOUZA NETO, fazendo-o com resolucao do merito, na forma do art. 487, I do CPC. Custas pela parte impetrante cuja exigibilidade ficara suspensa em face do deferimento da assistencia judiciaria gratuita. Sem condenacao em honorarios (art. 25 da Lei 12.016/09). Havendo recurso, intime-se a parte contraria para que apresente contrarrazoes. Sentenca nao sujeita ao reexame necessario. Apos o transito em julgado, arquivem-se os autos. Intimem-se. Rio Branco-AC, data da assinatura eletronica. THIAGO MILHOMEM DE SOUZA BATISTA Juiz Federal Documento assinado eletronicamente ||| POLO ATIVO: FRANCISCO ALVES DE SOUZA NETO POLO PASSIVO: ORDEM DOS ADVOGADOS DO BRASIL CONSELHO FEDERAL POLO PASSIVO: ORDEM DOS ADVOGADOS DO BRASIL SECCIONAL ACRE ADVOGADO: ALFREDO SEVERINO JARES DAOU - OAB: 003446/AC Acesso ao documento: https://pje1g.trf1.jus.br:443/pje/Processo/ConsultaDocumento/listView.seam?x=26041511560293500002166051783 Identificador do documento: 595406739      NaN
[2026-05-05 14:18:33] [INFO] reader — Coluna CNJ mapeada: 'Número do Processo'
C:\Users\lucas.paim\Desktop\processo_triage\reader.py:103: UserWarning: Parsing dates in %Y-%m-%d format when dayfirst=True was specified. Pass `dayfirst=False` or specify a format to silence this warning.
  d = pd.to_datetime(val, errors="coerce", dayfirst=True)
[2026-05-05 14:18:33] [INFO] reader — Webjur1.csv: total de linhas lidas=9418 | CNJ preenchido=9374 | CNJ vazio=44
[2026-05-05 14:18:33] [WARNING] reader — Webjur1.csv: exemplos de linhas com CNJ vazio: [{'Codigo': '9184952444', 'Número do Processo': '', 'Data da Publicação': '2026-04-29', 'Termo Localizado': 'MINISTERIO PUBLICO FEDERAL', 'Diário Oficial': '', 'Página': '8', 'Juizo': ' ', 'Publicação': '    Publicação eletrônica em formato de documento digitalizado br URL da imagem: http://www.webjur.com.br/ImagemPublicacao/?cdjornaloriginal=13&dtpublicacao=20260429&cdsequencial=9184952444&html=1 br  br [[ MINISTERIO PUBLICO ESTADUAL ]] [[ MINISTERIO PUBLICO FEDERAL ]]   BR  font face=verdana size=1 color=black Link Imagem:   /font  font face=verdana size=2 color=black  A HREF= http://webjur.com.br/ImagemPublicacao/?cdjornaloriginal=13&dtpublicacao=20260428&html=1&cdsequencial=9184952444  Target=_Blank Está publicação está em forma de imagem. Clique aqui para vê-la. /A   font color=White size=1px http://webjur.com.br/ImagemPublicacao/?cdjornaloriginal=13&dtpublicacao=20260428&html=1&cdsequencial=9184952444 /font ', 'targetID': ''}, {'Codigo': '9184967945', 'Número do Processo': '', 'Data da Publicação': '2026-04-29', 'Termo Localizado': 'MINISTERIO PUBLICO FEDERAL', 'Diário Oficial': '', 'Página': '10', 'Juizo': ' ', 'Publicação': '    Publicação eletrônica em formato de documento digitalizado br URL da imagem: http://www.webjur.com.br/ImagemPublicacao/?cdjornaloriginal=13&dtpublicacao=20260429&cdsequencial=9184967945&html=1 br  br [[ MINISTERIO PUBLICO ESTADUAL ]] [[ MINISTERIO PUBLICO FEDERAL ]]   BR  font face=verdana size=1 color=black Link Imagem:   /font  font face=verdana size=2 color=black  A HREF= http://webjur.com.br/ImagemPublicacao/?cdjornaloriginal=13&dtpublicacao=20260428&html=1&cdsequencial=9184967945  Target=_Blank Está publicação está em forma de imagem. Clique aqui para vê-la. /A   font color=White size=1px http://webjur.com.br/ImagemPublicacao/?cdjornaloriginal=13&dtpublicacao=20260428&html=1&cdsequencial=9184967945 /font ', 'targetID': ''}, {'Codigo': '9184968405', 'Número do Processo': '', 'Data da Publicação': '2026-04-29', 'Termo Localizado': 'MINISTERIO PUBLICO FEDERAL', 'Diário Oficial': '', 'Página': '11', 'Juizo': ' ', 'Publicação': '    Publicação eletrônica em formato de documento digitalizado br URL da imagem: http://www.webjur.com.br/ImagemPublicacao/?cdjornaloriginal=13&dtpublicacao=20260429&cdsequencial=9184968405&html=1 br  br [[ MINISTERIO PUBLICO ESTADUAL ]] [[ MINISTERIO PUBLICO FEDERAL ]]   BR  font face=verdana size=1 color=black Link Imagem:   /font  font face=verdana size=2 color=black  A HREF= http://webjur.com.br/ImagemPublicacao/?cdjornaloriginal=13&dtpublicacao=20260428&html=1&cdsequencial=9184968405  Target=_Blank Está publicação está em forma de imagem. Clique aqui para vê-la. /A   font color=White size=1px http://webjur.com.br/ImagemPublicacao/?cdjornaloriginal=13&dtpublicacao=20260428&html=1&cdsequencial=9184968405 /font ', 'targetID': ''}, {'Codigo': '9184968653', 'Número do Processo': '', 'Data da Publicação': '2026-04-29', 'Termo Localizado': 'MINISTERIO PUBLICO FEDERAL', 'Diário Oficial': '', 'Página': '12', 'Juizo': ' ', 'Publicação': '    Publicação eletrônica em formato de documento digitalizado br URL da imagem: http://www.webjur.com.br/ImagemPublicacao/?cdjornaloriginal=13&dtpublicacao=20260429&cdsequencial=9184968653&html=1 br  br [[ MINISTERIO PUBLICO ESTADUAL ]] [[ MINISTERIO PUBLICO FEDERAL ]]   BR  font face=verdana size=1 color=black Link Imagem:   /font  font face=verdana size=2 color=black  A HREF= http://webjur.com.br/ImagemPublicacao/?cdjornaloriginal=13&dtpublicacao=20260428&html=1&cdsequencial=9184968653  Target=_Blank Está publicação está em forma de imagem. Clique aqui para vê-la. /A   font color=White size=1px http://webjur.com.br/ImagemPublicacao/?cdjornaloriginal=13&dtpublicacao=20260428&html=1&cdsequencial=9184968653 /font ', 'targetID': ''}, {'Codigo': '9184968904', 'Número do Processo': '', 'Data da Publicação': '2026-04-29', 'Termo Localizado': 'MINISTERIO PUBLICO FEDERAL', 'Diário Oficial': '', 'Página': '13', 'Juizo': ' ', 'Publicação': '    Publicação eletrônica em formato de documento digitalizado br URL da imagem: http://www.webjur.com.br/ImagemPublicacao/?cdjornaloriginal=13&dtpublicacao=20260429&cdsequencial=9184968904&html=1 br  br [[ MINISTERIO PUBLICO ESTADUAL ]] [[ MINISTERIO PUBLICO FEDERAL ]]   BR  font face=verdana size=1 color=black Link Imagem:   /font  font face=verdana size=2 color=black  A HREF= http://webjur.com.br/ImagemPublicacao/?cdjornaloriginal=13&dtpublicacao=20260428&html=1&cdsequencial=9184968904  Target=_Blank Está publicação está em forma de imagem. Clique aqui para vê-la. /A   font color=White size=1px http://webjur.com.br/ImagemPublicacao/?cdjornaloriginal=13&dtpublicacao=20260428&html=1&cdsequencial=9184968904 /font ', 'targetID': ''}]
C:\Users\lucas.paim\Desktop\processo_triage\reader.py:85: UserWarning: Parsing dates in %Y-%m-%d format when dayfirst=True was specified. Pass `dayfirst=False` or specify a format to silence this warning.
  pd_timestamp = pd.to_datetime(val, errors="coerce", dayfirst=True)
[2026-05-05 14:18:37] [INFO] reader — Colunas mapeadas: CNJ='Número do Processo', DataPublicacao='Data da Publicação', Texto='Publicação', Cliente='Termo Localizado', Tribunal/Sistema extraídos por fonte
[2026-05-05 14:18:37] [INFO] reader — Sanitizado não encontrado; usando bruto: C:\Users\lucas.paim\Desktop\processo_triage\input\Webjur2.csv
[2026-05-05 14:18:37] [WARNING] reader — Arquivo não encontrado, pulando: C:\Users\lucas.paim\Desktop\processo_triage\input\Webjur2.csv
[2026-05-05 14:18:37] [INFO] reader — 📂 Lendo fonte: MODO_LEGALONE_INTIMACOES
[2026-05-05 14:18:37] [WARNING] reader — Arquivo não encontrado, pulando: C:\Users\lucas.paim\Desktop\processo_triage\input\ModoLegalOneIntimacoes1.xlsx
[2026-05-05 14:18:37] [WARNING] reader — Arquivo não encontrado, pulando: C:\Users\lucas.paim\Desktop\processo_triage\input\ModoLegalOneIntimacoes2.xlsx
[2026-05-05 14:18:37] [WARNING] reader — Nenhum arquivo encontrado para esta fonte.
[2026-05-05 14:18:37] [INFO] reader — read_all_external: antes do filtro CNJ vazio=9714 | com CNJ=9670 | sem CNJ=44
[2026-05-05 14:18:37] [WARNING] reader — read_all_external: exemplos sem CNJ: [{'cnj': '', '_data': '2026-04-29', '_data_publicacao': '2026-04-29', '_texto': '    Publicação eletrônica em formato de documento digitalizado br URL da imagem: http://www.webjur.com.br/ImagemPublicacao/?cdjornaloriginal=13&dtpublicacao=20260429&cdsequencial=9184952444&html=1 br  br [[ MINISTERIO PUBLICO ESTADUAL ]] [[ MINISTERIO PUBLICO FEDERAL ]]   BR  font face=verdana size=1 color=black Link Imagem:   /font  font face=verdana size=2 color=black  A HREF= http://webjur.com.br/ImagemPublicacao/?cdjornaloriginal=13&dtpublicacao=20260428&html=1&cdsequencial=9184952444  Target=_Blank Está publicação está em forma de imagem. Clique aqui para vê-la. /A   font color=White size=1px http://webjur.com.br/ImagemPublicacao/?cdjornaloriginal=13&dtpublicacao=20260428&html=1&cdsequencial=9184952444 /font ', '_cliente': 'MINISTERIO PUBLICO FEDERAL', '_tribunal': '', '_sistema': 'DJEN', '_origem_arquivo': 'Webjur1_SANITIZADO.csv', '_fonte': 'webjur'}, {'cnj': '', '_data': '2026-04-29', '_data_publicacao': '2026-04-29', '_texto': '    Publicação eletrônica em formato de documento digitalizado br URL da imagem: http://www.webjur.com.br/ImagemPublicacao/?cdjornaloriginal=13&dtpublicacao=20260429&cdsequencial=9184967945&html=1 br  br [[ MINISTERIO PUBLICO ESTADUAL ]] [[ MINISTERIO PUBLICO FEDERAL ]]   BR  font face=verdana size=1 color=black Link Imagem:   /font  font face=verdana size=2 color=black  A HREF= http://webjur.com.br/ImagemPublicacao/?cdjornaloriginal=13&dtpublicacao=20260428&html=1&cdsequencial=9184967945  Target=_Blank Está publicação está em forma de imagem. Clique aqui para vê-la. /A   font color=White size=1px http://webjur.com.br/ImagemPublicacao/?cdjornaloriginal=13&dtpublicacao=20260428&html=1&cdsequencial=9184967945 /font ', '_cliente': 'MINISTERIO PUBLICO FEDERAL', '_tribunal': '', '_sistema': 'DJEN', '_origem_arquivo': 'Webjur1_SANITIZADO.csv', '_fonte': 'webjur'}, {'cnj': '', '_data': '2026-04-29', '_data_publicacao': '2026-04-29', '_texto': '    Publicação eletrônica em formato de documento digitalizado br URL da imagem: http://www.webjur.com.br/ImagemPublicacao/?cdjornaloriginal=13&dtpublicacao=20260429&cdsequencial=9184968405&html=1 br  br [[ MINISTERIO PUBLICO ESTADUAL ]] [[ MINISTERIO PUBLICO FEDERAL ]]   BR  font face=verdana size=1 color=black Link Imagem:   /font  font face=verdana size=2 color=black  A HREF= http://webjur.com.br/ImagemPublicacao/?cdjornaloriginal=13&dtpublicacao=20260428&html=1&cdsequencial=9184968405  Target=_Blank Está publicação está em forma de imagem. Clique aqui para vê-la. /A   font color=White size=1px http://webjur.com.br/ImagemPublicacao/?cdjornaloriginal=13&dtpublicacao=20260428&html=1&cdsequencial=9184968405 /font ', '_cliente': 'MINISTERIO PUBLICO FEDERAL', '_tribunal': '', '_sistema': 'DJEN', '_origem_arquivo': 'Webjur1_SANITIZADO.csv', '_fonte': 'webjur'}, {'cnj': '', '_data': '2026-04-29', '_data_publicacao': '2026-04-29', '_texto': '    Publicação eletrônica em formato de documento digitalizado br URL da imagem: http://www.webjur.com.br/ImagemPublicacao/?cdjornaloriginal=13&dtpublicacao=20260429&cdsequencial=9184968653&html=1 br  br [[ MINISTERIO PUBLICO ESTADUAL ]] [[ MINISTERIO PUBLICO FEDERAL ]]   BR  font face=verdana size=1 color=black Link Imagem:   /font  font face=verdana size=2 color=black  A HREF= http://webjur.com.br/ImagemPublicacao/?cdjornaloriginal=13&dtpublicacao=20260428&html=1&cdsequencial=9184968653  Target=_Blank Está publicação está em forma de imagem. Clique aqui para vê-la. /A   font color=White size=1px http://webjur.com.br/ImagemPublicacao/?cdjornaloriginal=13&dtpublicacao=20260428&html=1&cdsequencial=9184968653 /font ', '_cliente': 'MINISTERIO PUBLICO FEDERAL', '_tribunal': '', '_sistema': 'DJEN', '_origem_arquivo': 'Webjur1_SANITIZADO.csv', '_fonte': 'webjur'}, {'cnj': '', '_data': '2026-04-29', '_data_publicacao': '2026-04-29', '_texto': '    Publicação eletrônica em formato de documento digitalizado br URL da imagem: http://www.webjur.com.br/ImagemPublicacao/?cdjornaloriginal=13&dtpublicacao=20260429&cdsequencial=9184968904&html=1 br  br [[ MINISTERIO PUBLICO ESTADUAL ]] [[ MINISTERIO PUBLICO FEDERAL ]]   BR  font face=verdana size=1 color=black Link Imagem:   /font  font face=verdana size=2 color=black  A HREF= http://webjur.com.br/ImagemPublicacao/?cdjornaloriginal=13&dtpublicacao=20260428&html=1&cdsequencial=9184968904  Target=_Blank Está publicação está em forma de imagem. Clique aqui para vê-la. /A   font color=White size=1px http://webjur.com.br/ImagemPublicacao/?cdjornaloriginal=13&dtpublicacao=20260428&html=1&cdsequencial=9184968904 /font ', '_cliente': 'MINISTERIO PUBLICO FEDERAL', '_tribunal': '', '_sistema': 'DJEN', '_origem_arquivo': 'Webjur1_SANITIZADO.csv', '_fonte': 'webjur'}]
[2026-05-05 14:18:37] [WARNING] reader — Removidas 44 linhas com CNJ vazio das bases externas.
[2026-05-05 14:18:37] [INFO] matcher — Bases externas: 9670 linhas lidas (antes de dedup)
[2026-05-05 14:18:37] [INFO] matcher — Duplicatas removidas: 2402
   🔍 Matching:   0%|          | 0/7268 [00:00<?, ?it/s]
   🔍 Matching: 100%|██████████| 7268/7268 [00:00<00:00, 92309.51it/s]
[2026-05-05 14:18:37] [INFO] matcher — Matching: 6531 SEM MATCH, 737 COM MATCH
[2026-05-05 14:18:37] [INFO] matcher — 
[2026-05-05 14:18:37] [INFO] matcher — ============================================================
[2026-05-05 14:18:37] [INFO] matcher — RESULTADOS DO MATCHING
[2026-05-05 14:18:37] [INFO] matcher — ============================================================
[2026-05-05 14:18:37] [INFO] matcher —    Total processado: 7268
[2026-05-05 14:18:37] [INFO] matcher —    Trabalhista sem match: 833 (11.5%)
[2026-05-05 14:18:37] [INFO] matcher —    Civel sem match: 5698 (78.4%)
[2026-05-05 14:18:37] [INFO] matcher —    COM MATCH: 737 (10.1%)
[2026-05-05 14:18:37] [INFO] matcher — 📋 INICIANDO CLASSIFICAÇÃO TRABALHISTA
[2026-05-05 14:18:37] [INFO] matcher — ✅ Exportado BRUTO: sem_match_trab_bruto_20260505_141759.xlsx (833 registros)
[2026-05-05 14:18:40] [INFO] matcher — ✅ Classificação TRABALHISTA concluída
[2026-05-05 14:18:40] [INFO] matcher — 
============================================================
[2026-05-05 14:18:40] [INFO] matcher — 📊 ESTATÍSTICAS — TRABALHISTA
[2026-05-05 14:18:40] [INFO] matcher — ============================================================
[2026-05-05 14:18:40] [INFO] matcher —    Total de registros: 833
[2026-05-05 14:18:40] [INFO] matcher — 
   Classificação por categoria:
[2026-05-05 14:18:40] [INFO] matcher —       • Ação Trabalhista: 435 (52.2%)
[2026-05-05 14:18:40] [INFO] matcher —       • Ação de Cumprimento: 207 (24.8%)
[2026-05-05 14:18:40] [INFO] matcher —       • Recurso Ordinário: 85 (10.2%)
[2026-05-05 14:18:40] [INFO] matcher —       • Embargos de Declaração: 35 (4.2%)
[2026-05-05 14:18:40] [INFO] matcher —       • Agravo de Instrumento: 35 (4.2%)
[2026-05-05 14:18:40] [INFO] matcher —       • Agravo de Petição: 17 (2.0%)
[2026-05-05 14:18:40] [INFO] matcher —       • Recurso Extraordinário: 8 (1.0%)
[2026-05-05 14:18:40] [INFO] matcher —       • Recurso de Revista: 7 (0.8%)
[2026-05-05 14:18:40] [INFO] matcher —       • Décio Freire: 3 (0.4%)
[2026-05-05 14:18:40] [INFO] matcher —       • Mandado de Segurança: 1 (0.1%)
[2026-05-05 14:18:40] [INFO] matcher — ✅ Exportado: sem_match_trab_prioridade_20260505_141759.xlsx (3 registros)
[2026-05-05 14:18:40] [INFO] matcher — ✅ Exportado: agravo_de_instrumento_20260505_141759.xlsx (35 registros)
[2026-05-05 14:18:40] [INFO] matcher — ✅ Exportado: agravo_de_peticao_20260505_141759.xlsx (17 registros)
[2026-05-05 14:18:40] [INFO] matcher — ✅ Exportado: acao_trabalhista_20260505_141759.xlsx (435 registros)
[2026-05-05 14:18:40] [INFO] matcher — ✅ Exportado: acao_de_cumprimento_20260505_141759.xlsx (207 registros)
[2026-05-05 14:18:40] [INFO] matcher — ✅ Exportado: embargos_de_declaracao_20260505_141759.xlsx (35 registros)
[2026-05-05 14:18:40] [INFO] matcher — ✅ Exportado: mandado_de_seguranca_20260505_141759.xlsx (1 registros)
[2026-05-05 14:18:40] [INFO] matcher — ✅ Exportado: recurso_extraordinario_20260505_141759.xlsx (8 registros)
[2026-05-05 14:18:41] [INFO] matcher — ✅ Exportado: recurso_ordinario_20260505_141759.xlsx (85 registros)
[2026-05-05 14:18:41] [INFO] matcher — ✅ Exportado: recurso_de_revista_20260505_141759.xlsx (7 registros)
[2026-05-05 14:18:41] [INFO] matcher — ✅ Exportado: sem_match_trab_todos_classificados_20260505_141759.xlsx (833 registros)
[2026-05-05 14:19:00] [INFO] matcher — ✅ Classificação CÍVEL concluída
[2026-05-05 14:19:00] [INFO] matcher — 
============================================================
[2026-05-05 14:19:00] [INFO] matcher — 📊 ESTATÍSTICAS — CÍVEL
[2026-05-05 14:19:00] [INFO] matcher — ============================================================
[2026-05-05 14:19:00] [INFO] matcher —    Total de registros: 5698
[2026-05-05 14:19:00] [INFO] matcher — 
   Classificação por categoria:
[2026-05-05 14:19:00] [INFO] matcher —       • nan: 1926 (33.8%)
[2026-05-05 14:19:00] [INFO] matcher —       • EXCLUIDO: 696 (12.2%)
[2026-05-05 14:19:00] [INFO] matcher —       • Cumprimento de Sentença: 570 (10.0%)
[2026-05-05 14:19:00] [INFO] matcher —       • IAC: 547 (9.6%)
[2026-05-05 14:19:00] [INFO] matcher —       • Recurso Inominado: 467 (8.2%)
[2026-05-05 14:19:00] [INFO] matcher —       • Agravo de Instrumento: 313 (5.5%)
[2026-05-05 14:19:00] [INFO] matcher —       • Recursos: 258 (4.5%)
[2026-05-05 14:19:00] [INFO] matcher —       • Embargos de Declaração: 168 (2.9%)
[2026-05-05 14:19:00] [INFO] matcher —       • Agravo Interno: 143 (2.5%)
[2026-05-05 14:19:00] [INFO] matcher —       • Mandado de Segurança Cível: 89 (1.6%)
[2026-05-05 14:19:00] [INFO] matcher —       • Tutela Provisória: 77 (1.4%)
[2026-05-05 14:19:00] [INFO] matcher —       • Recurso Especial: 72 (1.3%)
[2026-05-05 14:19:00] [INFO] matcher —       • Embargos à Execução: 71 (1.2%)
[2026-05-05 14:19:00] [INFO] matcher —       • Agravo Regimental: 42 (0.7%)
[2026-05-05 14:19:00] [INFO] matcher —       • Impedimento/Suspeição do Juiz: 40 (0.7%)
[2026-05-05 14:19:00] [INFO] matcher —       • Carta Precatória Cível: 30 (0.5%)
[2026-05-05 14:19:00] [INFO] matcher —       • Recurso Extraordinário: 29 (0.5%)
[2026-05-05 14:19:00] [INFO] matcher —       • Assistência: 26 (0.5%)
[2026-05-05 14:19:00] [INFO] matcher —       • Oposição: 21 (0.4%)
[2026-05-05 14:19:00] [INFO] matcher —       • Embargos: 18 (0.3%)
[2026-05-05 14:19:00] [INFO] matcher —       • Liquidação de Sentença: 13 (0.2%)
[2026-05-05 14:19:00] [INFO] matcher —       • Incidente de Arbitramento: 12 (0.2%)
[2026-05-05 14:19:00] [INFO] matcher —       • Coisa Julgada: 9 (0.2%)
[2026-05-05 14:19:00] [INFO] matcher —       • Arresto ou Sequestro: 9 (0.2%)
[2026-05-05 14:19:00] [INFO] matcher —       • IRDR: 9 (0.2%)
[2026-05-05 14:19:00] [INFO] matcher —       • Conflito de Competência: 8 (0.1%)
[2026-05-05 14:19:00] [INFO] matcher —       • RPV: 6 (0.1%)
[2026-05-05 14:19:00] [INFO] matcher —       • Embargos de Divergência: 5 (0.1%)
[2026-05-05 14:19:00] [INFO] matcher —       • Recurso Adesivo: 4 (0.1%)
[2026-05-05 14:19:00] [INFO] matcher —       • Pré-executividade: 4 (0.1%)
[2026-05-05 14:19:00] [INFO] matcher —       • Exibição de Documento ou Coisa: 3 (0.1%)
[2026-05-05 14:19:00] [INFO] matcher —       • Tutela Cautelar Antecedente: 3 (0.1%)
[2026-05-05 14:19:00] [INFO] matcher —       • Desconsideração da Personalidade Jurídica: 3 (0.1%)
[2026-05-05 14:19:00] [INFO] matcher —       • Produção Antecipada de Provas: 2 (0.0%)
[2026-05-05 14:19:00] [INFO] matcher —       • Impugnação ao Valor da Causa: 2 (0.0%)
[2026-05-05 14:19:00] [INFO] matcher —       • Litispendência: 1 (0.0%)
[2026-05-05 14:19:00] [INFO] matcher —       • Carta de Ordem: 1 (0.0%)
[2026-05-05 14:19:00] [INFO] matcher —       • Precatório Judicial: 1 (0.0%)
[2026-05-05 14:19:00] [WARNING] matcher — 
   ⚠️  1926 registros SEM CATEGORIA (33.8%)
[2026-05-05 14:19:00] [INFO] matcher — 
============================================================
[2026-05-05 14:19:00] [INFO] matcher — 📈 DISTRIBUIÇÃO DE CONFIANÇA
[2026-05-05 14:19:00] [INFO] matcher — ============================================================
[2026-05-05 14:19:00] [INFO] matcher —    [  0- 20]:   1926 ( 33.8%)
[2026-05-05 14:19:00] [INFO] matcher —    [ 20- 40]:      0 (  0.0%)
[2026-05-05 14:19:00] [INFO] matcher —    [ 40- 60]:      0 (  0.0%)
[2026-05-05 14:19:00] [INFO] matcher —    [ 60- 80]:     13 (  0.2%)
[2026-05-05 14:19:00] [INFO] matcher —    [ 80-100]:   1080 ( 19.0%)
[2026-05-05 14:19:00] [INFO] matcher —    [ 90-100]:   3562 ( 62.5%)
[2026-05-05 14:19:00] [INFO] matcher —    [100-100]:   2679 ( 47.0%)
[2026-05-05 14:19:03] [INFO] matcher — ✅ Exportado: sem_match_civel_20260505_141759.xlsx (5698 registros)
[2026-05-05 14:19:05] [INFO] matcher — ✅ Exportado: sem_match_civel_prioridade_20260505_141759.xlsx (4640 registros prioritários)
[2026-05-05 14:19:05] [INFO] matcher — ✅ Exportado: agravo_interno_20260505_141759.xlsx (143 registros)
[2026-05-05 14:19:05] [INFO] matcher — ✅ Exportado: agravo_regimental_20260505_141759.xlsx (42 registros)
[2026-05-05 14:19:05] [INFO] matcher — ✅ Exportado: agravo_de_instrumento_20260505_141759.xlsx (313 registros)
[2026-05-05 14:19:05] [INFO] matcher — ✅ Exportado: arresto_ou_sequestro_20260505_141759.xlsx (9 registros)
[2026-05-05 14:19:05] [INFO] matcher — ✅ Exportado: assistência_20260505_141759.xlsx (26 registros)
[2026-05-05 14:19:05] [INFO] matcher — ✅ Exportado: carta_precatoria_civel_20260505_141759.xlsx (30 registros)
[2026-05-05 14:19:05] [INFO] matcher — ✅ Exportado: carta_de_ordem_20260505_141759.xlsx (1 registros)
[2026-05-05 14:19:06] [INFO] matcher — ✅ Exportado: coisa_julgada_20260505_141759.xlsx (9 registros)
[2026-05-05 14:19:06] [INFO] matcher — ✅ Exportado: conflito_de_competência_20260505_141759.xlsx (8 registros)
[2026-05-05 14:19:06] [INFO] matcher — ✅ Exportado: cumprimento_de_sentenca_20260505_141759.xlsx (570 registros)
[2026-05-05 14:19:06] [INFO] matcher — ✅ Exportado: desconsideracao_da_personalidade_juridica_20260505_141759.xlsx (3 registros)
[2026-05-05 14:19:06] [INFO] matcher — ✅ Exportado: excluido_20260505_141759.xlsx (696 registros)
[2026-05-05 14:19:07] [INFO] matcher — ✅ Exportado: embargos_20260505_141759.xlsx (18 registros)
[2026-05-05 14:19:07] [INFO] matcher — ✅ Exportado: embargos_de_declaracao_20260505_141759.xlsx (168 registros)
[2026-05-05 14:19:07] [INFO] matcher — ✅ Exportado: embargos_de_divergência_20260505_141759.xlsx (5 registros)
[2026-05-05 14:19:07] [INFO] matcher — ✅ Exportado: embargos_à_execucao_20260505_141759.xlsx (71 registros)
[2026-05-05 14:19:07] [INFO] matcher — ✅ Exportado: exibicao_de_documento_ou_coisa_20260505_141759.xlsx (3 registros)
[2026-05-05 14:19:07] [INFO] matcher — ✅ Exportado: iac_20260505_141759.xlsx (547 registros)
[2026-05-05 14:19:07] [INFO] matcher — ✅ Exportado: irdr_20260505_141759.xlsx (9 registros)
[2026-05-05 14:19:07] [INFO] matcher — ✅ Exportado: impedimentosuspeicao_do_juiz_20260505_141759.xlsx (40 registros)
[2026-05-05 14:19:07] [INFO] matcher — ✅ Exportado: impugnacao_ao_valor_da_causa_20260505_141759.xlsx (2 registros)
[2026-05-05 14:19:07] [INFO] matcher — ✅ Exportado: incidente_de_arbitramento_20260505_141759.xlsx (12 registros)
[2026-05-05 14:19:07] [INFO] matcher — ✅ Exportado: liquidacao_de_sentenca_20260505_141759.xlsx (13 registros)
[2026-05-05 14:19:07] [INFO] matcher — ✅ Exportado: litispendência_20260505_141759.xlsx (1 registros)
[2026-05-05 14:19:08] [INFO] matcher — ✅ Exportado: mandado_de_seguranca_civel_20260505_141759.xlsx (89 registros)
[2026-05-05 14:19:08] [INFO] matcher — ✅ Exportado: oposicao_20260505_141759.xlsx (21 registros)
[2026-05-05 14:19:08] [INFO] matcher — ✅ Exportado: precatorio_judicial_20260505_141759.xlsx (1 registros)
[2026-05-05 14:19:08] [INFO] matcher — ✅ Exportado: producao_antecipada_de_provas_20260505_141759.xlsx (2 registros)
[2026-05-05 14:19:08] [INFO] matcher — ✅ Exportado: pre_executividade_20260505_141759.xlsx (4 registros)
[2026-05-05 14:19:08] [INFO] matcher — ✅ Exportado: rpv_20260505_141759.xlsx (6 registros)
[2026-05-05 14:19:08] [INFO] matcher — ✅ Exportado: recurso_adesivo_20260505_141759.xlsx (4 registros)
[2026-05-05 14:19:08] [INFO] matcher — ✅ Exportado: recurso_especial_20260505_141759.xlsx (72 registros)
[2026-05-05 14:19:08] [INFO] matcher — ✅ Exportado: recurso_extraordinario_20260505_141759.xlsx (29 registros)
[2026-05-05 14:19:08] [INFO] matcher — ✅ Exportado: recurso_inominado_20260505_141759.xlsx (467 registros)
[2026-05-05 14:19:08] [INFO] matcher — ✅ Exportado: recursos_20260505_141759.xlsx (258 registros)
[2026-05-05 14:19:08] [INFO] matcher — ✅ Exportado: tutela_cautelar_antecedente_20260505_141759.xlsx (3 registros)
[2026-05-05 14:19:08] [INFO] matcher — ✅ Exportado: tutela_provisoria_20260505_141759.xlsx (77 registros)
[2026-05-05 14:19:09] [INFO] matcher — ⚠️  Exportado: sem_match_civel_sem_categoria_20260505_141759.xlsx (1926 registros sem categoria)
[2026-05-05 14:19:10] [INFO] matcher — ✅ Exportado: com_match_descartados_20260505_141759.xlsx (737 registros descartados)
C:\Users\lucas.paim\Desktop\processo_triage\reporting\summary.py:46: UserWarning: Cell contents too long (52229), truncated to 32767 characters
  civel_export[cols].to_excel(writer, sheet_name=sanitize_sheet_name("Cíveis Brutos"), index=False)
C:\Users\lucas.paim\Desktop\processo_triage\reporting\summary.py:46: UserWarning: Cell contents too long (34673), truncated to 32767 characters
  civel_export[cols].to_excel(writer, sheet_name=sanitize_sheet_name("Cíveis Brutos"), index=False)
C:\Users\lucas.paim\Desktop\processo_triage\reporting\summary.py:46: UserWarning: Cell contents too long (91118), truncated to 32767 characters
  civel_export[cols].to_excel(writer, sheet_name=sanitize_sheet_name("Cíveis Brutos"), index=False)
C:\Users\lucas.paim\Desktop\processo_triage\reporting\summary.py:46: UserWarning: Cell contents too long (33315), truncated to 32767 characters
  civel_export[cols].to_excel(writer, sheet_name=sanitize_sheet_name("Cíveis Brutos"), index=False)
C:\Users\lucas.paim\Desktop\processo_triage\reporting\summary.py:46: UserWarning: Cell contents too long (43183), truncated to 32767 characters
  civel_export[cols].to_excel(writer, sheet_name=sanitize_sheet_name("Cíveis Brutos"), index=False)
C:\Users\lucas.paim\Desktop\processo_triage\reporting\summary.py:46: UserWarning: Cell contents too long (34542), truncated to 32767 characters
  civel_export[cols].to_excel(writer, sheet_name=sanitize_sheet_name("Cíveis Brutos"), index=False)
C:\Users\lucas.paim\Desktop\processo_triage\reporting\summary.py:46: UserWarning: Cell contents too long (42887), truncated to 32767 characters
  civel_export[cols].to_excel(writer, sheet_name=sanitize_sheet_name("Cíveis Brutos"), index=False)
C:\Users\lucas.paim\Desktop\processo_triage\reporting\summary.py:46: UserWarning: Cell contents too long (34687), truncated to 32767 characters
  civel_export[cols].to_excel(writer, sheet_name=sanitize_sheet_name("Cíveis Brutos"), index=False)
C:\Users\lucas.paim\Desktop\processo_triage\reporting\summary.py:46: UserWarning: Cell contents too long (42690), truncated to 32767 characters
  civel_export[cols].to_excel(writer, sheet_name=sanitize_sheet_name("Cíveis Brutos"), index=False)
C:\Users\lucas.paim\Desktop\processo_triage\reporting\summary.py:46: UserWarning: Cell contents too long (51537), truncated to 32767 characters
  civel_export[cols].to_excel(writer, sheet_name=sanitize_sheet_name("Cíveis Brutos"), index=False)
C:\Users\lucas.paim\Desktop\processo_triage\reporting\summary.py:46: UserWarning: Cell contents too long (45752), truncated to 32767 characters
  civel_export[cols].to_excel(writer, sheet_name=sanitize_sheet_name("Cíveis Brutos"), index=False)
C:\Users\lucas.paim\Desktop\processo_triage\reporting\summary.py:46: UserWarning: Cell contents too long (34592), truncated to 32767 characters
  civel_export[cols].to_excel(writer, sheet_name=sanitize_sheet_name("Cíveis Brutos"), index=False)
C:\Users\lucas.paim\Desktop\processo_triage\reporting\summary.py:46: UserWarning: Cell contents too long (38067), truncated to 32767 characters
  civel_export[cols].to_excel(writer, sheet_name=sanitize_sheet_name("Cíveis Brutos"), index=False)
C:\Users\lucas.paim\Desktop\processo_triage\reporting\summary.py:46: UserWarning: Cell contents too long (72542), truncated to 32767 characters
  civel_export[cols].to_excel(writer, sheet_name=sanitize_sheet_name("Cíveis Brutos"), index=False)
C:\Users\lucas.paim\Desktop\processo_triage\reporting\summary.py:46: UserWarning: Cell contents too long (44032), truncated to 32767 characters
  civel_export[cols].to_excel(writer, sheet_name=sanitize_sheet_name("Cíveis Brutos"), index=False)
C:\Users\lucas.paim\Desktop\processo_triage\reporting\summary.py:46: UserWarning: Cell contents too long (34169), truncated to 32767 characters
  civel_export[cols].to_excel(writer, sheet_name=sanitize_sheet_name("Cíveis Brutos"), index=False)
C:\Users\lucas.paim\Desktop\processo_triage\reporting\summary.py:46: UserWarning: Cell contents too long (35431), truncated to 32767 characters
  civel_export[cols].to_excel(writer, sheet_name=sanitize_sheet_name("Cíveis Brutos"), index=False)
C:\Users\lucas.paim\Desktop\processo_triage\reporting\summary.py:46: UserWarning: Cell contents too long (35471), truncated to 32767 characters
  civel_export[cols].to_excel(writer, sheet_name=sanitize_sheet_name("Cíveis Brutos"), index=False)
C:\Users\lucas.paim\Desktop\processo_triage\reporting\summary.py:46: UserWarning: Cell contents too long (50802), truncated to 32767 characters
  civel_export[cols].to_excel(writer, sheet_name=sanitize_sheet_name("Cíveis Brutos"), index=False)
C:\Users\lucas.paim\Desktop\processo_triage\reporting\summary.py:46: UserWarning: Cell contents too long (50727), truncated to 32767 characters
  civel_export[cols].to_excel(writer, sheet_name=sanitize_sheet_name("Cíveis Brutos"), index=False)
C:\Users\lucas.paim\Desktop\processo_triage\reporting\summary.py:46: UserWarning: Cell contents too long (79849), truncated to 32767 characters
  civel_export[cols].to_excel(writer, sheet_name=sanitize_sheet_name("Cíveis Brutos"), index=False)
C:\Users\lucas.paim\Desktop\processo_triage\reporting\summary.py:46: UserWarning: Cell contents too long (77096), truncated to 32767 characters
  civel_export[cols].to_excel(writer, sheet_name=sanitize_sheet_name("Cíveis Brutos"), index=False)
C:\Users\lucas.paim\Desktop\processo_triage\reporting\summary.py:46: UserWarning: Cell contents too long (44120), truncated to 32767 characters
  civel_export[cols].to_excel(writer, sheet_name=sanitize_sheet_name("Cíveis Brutos"), index=False)
C:\Users\lucas.paim\Desktop\processo_triage\reporting\summary.py:46: UserWarning: Cell contents too long (34202), truncated to 32767 characters
  civel_export[cols].to_excel(writer, sheet_name=sanitize_sheet_name("Cíveis Brutos"), index=False)
C:\Users\lucas.paim\Desktop\processo_triage\reporting\summary.py:46: UserWarning: Cell contents too long (62368), truncated to 32767 characters
  civel_export[cols].to_excel(writer, sheet_name=sanitize_sheet_name("Cíveis Brutos"), index=False)
C:\Users\lucas.paim\Desktop\processo_triage\reporting\summary.py:46: UserWarning: Cell contents too long (37240), truncated to 32767 characters
  civel_export[cols].to_excel(writer, sheet_name=sanitize_sheet_name("Cíveis Brutos"), index=False)
C:\Users\lucas.paim\Desktop\processo_triage\reporting\summary.py:46: UserWarning: Cell contents too long (37367), truncated to 32767 characters
  civel_export[cols].to_excel(writer, sheet_name=sanitize_sheet_name("Cíveis Brutos"), index=False)
C:\Users\lucas.paim\Desktop\processo_triage\reporting\summary.py:46: UserWarning: Cell contents too long (40124), truncated to 32767 characters
  civel_export[cols].to_excel(writer, sheet_name=sanitize_sheet_name("Cíveis Brutos"), index=False)
C:\Users\lucas.paim\Desktop\processo_triage\reporting\summary.py:46: UserWarning: Cell contents too long (33435), truncated to 32767 characters
  civel_export[cols].to_excel(writer, sheet_name=sanitize_sheet_name("Cíveis Brutos"), index=False)
C:\Users\lucas.paim\Desktop\processo_triage\reporting\summary.py:46: UserWarning: Cell contents too long (47019), truncated to 32767 characters
  civel_export[cols].to_excel(writer, sheet_name=sanitize_sheet_name("Cíveis Brutos"), index=False)
C:\Users\lucas.paim\Desktop\processo_triage\reporting\summary.py:46: UserWarning: Cell contents too long (50776), truncated to 32767 characters
  civel_export[cols].to_excel(writer, sheet_name=sanitize_sheet_name("Cíveis Brutos"), index=False)
C:\Users\lucas.paim\Desktop\processo_triage\reporting\summary.py:46: UserWarning: Cell contents too long (39401), truncated to 32767 characters
  civel_export[cols].to_excel(writer, sheet_name=sanitize_sheet_name("Cíveis Brutos"), index=False)
C:\Users\lucas.paim\Desktop\processo_triage\reporting\summary.py:46: UserWarning: Cell contents too long (39106), truncated to 32767 characters
  civel_export[cols].to_excel(writer, sheet_name=sanitize_sheet_name("Cíveis Brutos"), index=False)
C:\Users\lucas.paim\Desktop\processo_triage\reporting\summary.py:46: UserWarning: Cell contents too long (42930), truncated to 32767 characters
  civel_export[cols].to_excel(writer, sheet_name=sanitize_sheet_name("Cíveis Brutos"), index=False)
C:\Users\lucas.paim\Desktop\processo_triage\reporting\summary.py:46: UserWarning: Cell contents too long (60572), truncated to 32767 characters
  civel_export[cols].to_excel(writer, sheet_name=sanitize_sheet_name("Cíveis Brutos"), index=False)
C:\Users\lucas.paim\Desktop\processo_triage\reporting\summary.py:46: UserWarning: Cell contents too long (103559), truncated to 32767 characters
  civel_export[cols].to_excel(writer, sheet_name=sanitize_sheet_name("Cíveis Brutos"), index=False)
C:\Users\lucas.paim\Desktop\processo_triage\reporting\summary.py:46: UserWarning: Cell contents too long (95748), truncated to 32767 characters
  civel_export[cols].to_excel(writer, sheet_name=sanitize_sheet_name("Cíveis Brutos"), index=False)
C:\Users\lucas.paim\Desktop\processo_triage\reporting\summary.py:46: UserWarning: Cell contents too long (51939), truncated to 32767 characters
  civel_export[cols].to_excel(writer, sheet_name=sanitize_sheet_name("Cíveis Brutos"), index=False)
C:\Users\lucas.paim\Desktop\processo_triage\reporting\summary.py:46: UserWarning: Cell contents too long (70262), truncated to 32767 characters
  civel_export[cols].to_excel(writer, sheet_name=sanitize_sheet_name("Cíveis Brutos"), index=False)
C:\Users\lucas.paim\Desktop\processo_triage\reporting\summary.py:46: UserWarning: Cell contents too long (35355), truncated to 32767 characters
  civel_export[cols].to_excel(writer, sheet_name=sanitize_sheet_name("Cíveis Brutos"), index=False)
C:\Users\lucas.paim\Desktop\processo_triage\reporting\summary.py:46: UserWarning: Cell contents too long (35396), truncated to 32767 characters
  civel_export[cols].to_excel(writer, sheet_name=sanitize_sheet_name("Cíveis Brutos"), index=False)
C:\Users\lucas.paim\Desktop\processo_triage\reporting\summary.py:46: UserWarning: Cell contents too long (47754), truncated to 32767 characters
  civel_export[cols].to_excel(writer, sheet_name=sanitize_sheet_name("Cíveis Brutos"), index=False)
C:\Users\lucas.paim\Desktop\processo_triage\reporting\summary.py:46: UserWarning: Cell contents too long (49731), truncated to 32767 characters
  civel_export[cols].to_excel(writer, sheet_name=sanitize_sheet_name("Cíveis Brutos"), index=False)
C:\Users\lucas.paim\Desktop\processo_triage\reporting\summary.py:46: UserWarning: Cell contents too long (58663), truncated to 32767 characters
  civel_export[cols].to_excel(writer, sheet_name=sanitize_sheet_name("Cíveis Brutos"), index=False)
C:\Users\lucas.paim\Desktop\processo_triage\reporting\summary.py:46: UserWarning: Cell contents too long (44603), truncated to 32767 characters
  civel_export[cols].to_excel(writer, sheet_name=sanitize_sheet_name("Cíveis Brutos"), index=False)
C:\Users\lucas.paim\Desktop\processo_triage\reporting\summary.py:46: UserWarning: Cell contents too long (103770), truncated to 32767 characters
  civel_export[cols].to_excel(writer, sheet_name=sanitize_sheet_name("Cíveis Brutos"), index=False)
C:\Users\lucas.paim\Desktop\processo_triage\reporting\summary.py:46: UserWarning: Cell contents too long (53987), truncated to 32767 characters
  civel_export[cols].to_excel(writer, sheet_name=sanitize_sheet_name("Cíveis Brutos"), index=False)
C:\Users\lucas.paim\Desktop\processo_triage\reporting\summary.py:46: UserWarning: Cell contents too long (50982), truncated to 32767 characters
  civel_export[cols].to_excel(writer, sheet_name=sanitize_sheet_name("Cíveis Brutos"), index=False)
C:\Users\lucas.paim\Desktop\processo_triage\reporting\summary.py:46: UserWarning: Cell contents too long (36594), truncated to 32767 characters
  civel_export[cols].to_excel(writer, sheet_name=sanitize_sheet_name("Cíveis Brutos"), index=False)
C:\Users\lucas.paim\Desktop\processo_triage\reporting\summary.py:46: UserWarning: Cell contents too long (40725), truncated to 32767 characters
  civel_export[cols].to_excel(writer, sheet_name=sanitize_sheet_name("Cíveis Brutos"), index=False)
C:\Users\lucas.paim\Desktop\processo_triage\reporting\summary.py:46: UserWarning: Cell contents too long (110359), truncated to 32767 characters
  civel_export[cols].to_excel(writer, sheet_name=sanitize_sheet_name("Cíveis Brutos"), index=False)
C:\Users\lucas.paim\Desktop\processo_triage\reporting\summary.py:46: UserWarning: Cell contents too long (37346), truncated to 32767 characters
  civel_export[cols].to_excel(writer, sheet_name=sanitize_sheet_name("Cíveis Brutos"), index=False)
C:\Users\lucas.paim\Desktop\processo_triage\reporting\summary.py:46: UserWarning: Cell contents too long (50641), truncated to 32767 characters
  civel_export[cols].to_excel(writer, sheet_name=sanitize_sheet_name("Cíveis Brutos"), index=False)
C:\Users\lucas.paim\Desktop\processo_triage\reporting\summary.py:46: UserWarning: Cell contents too long (44650), truncated to 32767 characters
  civel_export[cols].to_excel(writer, sheet_name=sanitize_sheet_name("Cíveis Brutos"), index=False)
C:\Users\lucas.paim\Desktop\processo_triage\reporting\summary.py:46: UserWarning: Cell contents too long (47802), truncated to 32767 characters
  civel_export[cols].to_excel(writer, sheet_name=sanitize_sheet_name("Cíveis Brutos"), index=False)
C:\Users\lucas.paim\Desktop\processo_triage\reporting\summary.py:46: UserWarning: Cell contents too long (36512), truncated to 32767 characters
  civel_export[cols].to_excel(writer, sheet_name=sanitize_sheet_name("Cíveis Brutos"), index=False)
C:\Users\lucas.paim\Desktop\processo_triage\reporting\summary.py:46: UserWarning: Cell contents too long (37401), truncated to 32767 characters
  civel_export[cols].to_excel(writer, sheet_name=sanitize_sheet_name("Cíveis Brutos"), index=False)
C:\Users\lucas.paim\Desktop\processo_triage\reporting\summary.py:46: UserWarning: Cell contents too long (39866), truncated to 32767 characters
  civel_export[cols].to_excel(writer, sheet_name=sanitize_sheet_name("Cíveis Brutos"), index=False)
C:\Users\lucas.paim\Desktop\processo_triage\reporting\summary.py:46: UserWarning: Cell contents too long (64498), truncated to 32767 characters
  civel_export[cols].to_excel(writer, sheet_name=sanitize_sheet_name("Cíveis Brutos"), index=False)
C:\Users\lucas.paim\Desktop\processo_triage\reporting\summary.py:46: UserWarning: Cell contents too long (38869), truncated to 32767 characters
  civel_export[cols].to_excel(writer, sheet_name=sanitize_sheet_name("Cíveis Brutos"), index=False)
C:\Users\lucas.paim\Desktop\processo_triage\reporting\summary.py:46: UserWarning: Cell contents too long (55317), truncated to 32767 characters
  civel_export[cols].to_excel(writer, sheet_name=sanitize_sheet_name("Cíveis Brutos"), index=False)
C:\Users\lucas.paim\Desktop\processo_triage\reporting\summary.py:46: UserWarning: Cell contents too long (50954), truncated to 32767 characters
  civel_export[cols].to_excel(writer, sheet_name=sanitize_sheet_name("Cíveis Brutos"), index=False)
C:\Users\lucas.paim\Desktop\processo_triage\reporting\summary.py:46: UserWarning: Cell contents too long (67157), truncated to 32767 characters
  civel_export[cols].to_excel(writer, sheet_name=sanitize_sheet_name("Cíveis Brutos"), index=False)
C:\Users\lucas.paim\Desktop\processo_triage\reporting\summary.py:46: UserWarning: Cell contents too long (55658), truncated to 32767 characters
  civel_export[cols].to_excel(writer, sheet_name=sanitize_sheet_name("Cíveis Brutos"), index=False)
C:\Users\lucas.paim\Desktop\processo_triage\reporting\summary.py:46: UserWarning: Cell contents too long (39698), truncated to 32767 characters
  civel_export[cols].to_excel(writer, sheet_name=sanitize_sheet_name("Cíveis Brutos"), index=False)
C:\Users\lucas.paim\Desktop\processo_triage\reporting\summary.py:46: UserWarning: Cell contents too long (39640), truncated to 32767 characters
  civel_export[cols].to_excel(writer, sheet_name=sanitize_sheet_name("Cíveis Brutos"), index=False)
C:\Users\lucas.paim\Desktop\processo_triage\reporting\summary.py:46: UserWarning: Cell contents too long (83772), truncated to 32767 characters
  civel_export[cols].to_excel(writer, sheet_name=sanitize_sheet_name("Cíveis Brutos"), index=False)
C:\Users\lucas.paim\Desktop\processo_triage\reporting\summary.py:46: UserWarning: Cell contents too long (33948), truncated to 32767 characters
  civel_export[cols].to_excel(writer, sheet_name=sanitize_sheet_name("Cíveis Brutos"), index=False)
C:\Users\lucas.paim\Desktop\processo_triage\reporting\summary.py:46: UserWarning: Cell contents too long (34252), truncated to 32767 characters
  civel_export[cols].to_excel(writer, sheet_name=sanitize_sheet_name("Cíveis Brutos"), index=False)
C:\Users\lucas.paim\Desktop\processo_triage\reporting\summary.py:46: UserWarning: Cell contents too long (56182), truncated to 32767 characters
  civel_export[cols].to_excel(writer, sheet_name=sanitize_sheet_name("Cíveis Brutos"), index=False)
C:\Users\lucas.paim\Desktop\processo_triage\reporting\summary.py:46: UserWarning: Cell contents too long (90924), truncated to 32767 characters
  civel_export[cols].to_excel(writer, sheet_name=sanitize_sheet_name("Cíveis Brutos"), index=False)
C:\Users\lucas.paim\Desktop\processo_triage\reporting\summary.py:46: UserWarning: Cell contents too long (88068), truncated to 32767 characters
  civel_export[cols].to_excel(writer, sheet_name=sanitize_sheet_name("Cíveis Brutos"), index=False)
C:\Users\lucas.paim\Desktop\processo_triage\reporting\summary.py:46: UserWarning: Cell contents too long (89364), truncated to 32767 characters
  civel_export[cols].to_excel(writer, sheet_name=sanitize_sheet_name("Cíveis Brutos"), index=False)
C:\Users\lucas.paim\Desktop\processo_triage\reporting\summary.py:46: UserWarning: Cell contents too long (62242), truncated to 32767 characters
  civel_export[cols].to_excel(writer, sheet_name=sanitize_sheet_name("Cíveis Brutos"), index=False)
C:\Users\lucas.paim\Desktop\processo_triage\reporting\summary.py:46: UserWarning: Cell contents too long (62061), truncated to 32767 characters
  civel_export[cols].to_excel(writer, sheet_name=sanitize_sheet_name("Cíveis Brutos"), index=False)
C:\Users\lucas.paim\Desktop\processo_triage\reporting\summary.py:46: UserWarning: Cell contents too long (62055), truncated to 32767 characters
  civel_export[cols].to_excel(writer, sheet_name=sanitize_sheet_name("Cíveis Brutos"), index=False)
C:\Users\lucas.paim\Desktop\processo_triage\reporting\summary.py:46: UserWarning: Cell contents too long (42439), truncated to 32767 characters
  civel_export[cols].to_excel(writer, sheet_name=sanitize_sheet_name("Cíveis Brutos"), index=False)
C:\Users\lucas.paim\Desktop\processo_triage\reporting\summary.py:46: UserWarning: Cell contents too long (91148), truncated to 32767 characters
  civel_export[cols].to_excel(writer, sheet_name=sanitize_sheet_name("Cíveis Brutos"), index=False)
C:\Users\lucas.paim\Desktop\processo_triage\reporting\summary.py:46: UserWarning: Cell contents too long (93644), truncated to 32767 characters
  civel_export[cols].to_excel(writer, sheet_name=sanitize_sheet_name("Cíveis Brutos"), index=False)
C:\Users\lucas.paim\Desktop\processo_triage\reporting\summary.py:46: UserWarning: Cell contents too long (90142), truncated to 32767 characters
  civel_export[cols].to_excel(writer, sheet_name=sanitize_sheet_name("Cíveis Brutos"), index=False)
C:\Users\lucas.paim\Desktop\processo_triage\reporting\summary.py:46: UserWarning: Cell contents too long (93760), truncated to 32767 characters
  civel_export[cols].to_excel(writer, sheet_name=sanitize_sheet_name("Cíveis Brutos"), index=False)
C:\Users\lucas.paim\Desktop\processo_triage\reporting\summary.py:46: UserWarning: Cell contents too long (93617), truncated to 32767 characters
  civel_export[cols].to_excel(writer, sheet_name=sanitize_sheet_name("Cíveis Brutos"), index=False)
C:\Users\lucas.paim\Desktop\processo_triage\reporting\summary.py:46: UserWarning: Cell contents too long (34960), truncated to 32767 characters
  civel_export[cols].to_excel(writer, sheet_name=sanitize_sheet_name("Cíveis Brutos"), index=False)
C:\Users\lucas.paim\Desktop\processo_triage\reporting\summary.py:46: UserWarning: Cell contents too long (35258), truncated to 32767 characters
  civel_export[cols].to_excel(writer, sheet_name=sanitize_sheet_name("Cíveis Brutos"), index=False)
C:\Users\lucas.paim\Desktop\processo_triage\reporting\summary.py:46: UserWarning: Cell contents too long (52620), truncated to 32767 characters
  civel_export[cols].to_excel(writer, sheet_name=sanitize_sheet_name("Cíveis Brutos"), index=False)
C:\Users\lucas.paim\Desktop\processo_triage\reporting\summary.py:46: UserWarning: Cell contents too long (80002), truncated to 32767 characters
  civel_export[cols].to_excel(writer, sheet_name=sanitize_sheet_name("Cíveis Brutos"), index=False)
C:\Users\lucas.paim\Desktop\processo_triage\reporting\summary.py:46: UserWarning: Cell contents too long (74749), truncated to 32767 characters
  civel_export[cols].to_excel(writer, sheet_name=sanitize_sheet_name("Cíveis Brutos"), index=False)
C:\Users\lucas.paim\Desktop\processo_triage\reporting\summary.py:46: UserWarning: Cell contents too long (86303), truncated to 32767 characters
  civel_export[cols].to_excel(writer, sheet_name=sanitize_sheet_name("Cíveis Brutos"), index=False)
C:\Users\lucas.paim\Desktop\processo_triage\reporting\summary.py:46: UserWarning: Cell contents too long (87617), truncated to 32767 characters
  civel_export[cols].to_excel(writer, sheet_name=sanitize_sheet_name("Cíveis Brutos"), index=False)
C:\Users\lucas.paim\Desktop\processo_triage\reporting\summary.py:46: UserWarning: Cell contents too long (49112), truncated to 32767 characters
  civel_export[cols].to_excel(writer, sheet_name=sanitize_sheet_name("Cíveis Brutos"), index=False)
C:\Users\lucas.paim\Desktop\processo_triage\reporting\summary.py:46: UserWarning: Cell contents too long (48656), truncated to 32767 characters
  civel_export[cols].to_excel(writer, sheet_name=sanitize_sheet_name("Cíveis Brutos"), index=False)
C:\Users\lucas.paim\Desktop\processo_triage\reporting\summary.py:46: UserWarning: Cell contents too long (37246), truncated to 32767 characters
  civel_export[cols].to_excel(writer, sheet_name=sanitize_sheet_name("Cíveis Brutos"), index=False)
C:\Users\lucas.paim\Desktop\processo_triage\reporting\summary.py:46: UserWarning: Cell contents too long (38862), truncated to 32767 characters
  civel_export[cols].to_excel(writer, sheet_name=sanitize_sheet_name("Cíveis Brutos"), index=False)
C:\Users\lucas.paim\Desktop\processo_triage\reporting\summary.py:46: UserWarning: Cell contents too long (37403), truncated to 32767 characters
  civel_export[cols].to_excel(writer, sheet_name=sanitize_sheet_name("Cíveis Brutos"), index=False)
C:\Users\lucas.paim\Desktop\processo_triage\reporting\summary.py:46: UserWarning: Cell contents too long (46295), truncated to 32767 characters
  civel_export[cols].to_excel(writer, sheet_name=sanitize_sheet_name("Cíveis Brutos"), index=False)
C:\Users\lucas.paim\Desktop\processo_triage\reporting\summary.py:46: UserWarning: Cell contents too long (41586), truncated to 32767 characters
  civel_export[cols].to_excel(writer, sheet_name=sanitize_sheet_name("Cíveis Brutos"), index=False)
C:\Users\lucas.paim\Desktop\processo_triage\reporting\summary.py:46: UserWarning: Cell contents too long (41507), truncated to 32767 characters
  civel_export[cols].to_excel(writer, sheet_name=sanitize_sheet_name("Cíveis Brutos"), index=False)
C:\Users\lucas.paim\Desktop\processo_triage\reporting\summary.py:46: UserWarning: Cell contents too long (50246), truncated to 32767 characters
  civel_export[cols].to_excel(writer, sheet_name=sanitize_sheet_name("Cíveis Brutos"), index=False)
C:\Users\lucas.paim\Desktop\processo_triage\reporting\summary.py:46: UserWarning: Cell contents too long (44377), truncated to 32767 characters
  civel_export[cols].to_excel(writer, sheet_name=sanitize_sheet_name("Cíveis Brutos"), index=False)
C:\Users\lucas.paim\Desktop\processo_triage\reporting\summary.py:46: UserWarning: Cell contents too long (53554), truncated to 32767 characters
  civel_export[cols].to_excel(writer, sheet_name=sanitize_sheet_name("Cíveis Brutos"), index=False)
C:\Users\lucas.paim\Desktop\processo_triage\reporting\summary.py:46: UserWarning: Cell contents too long (47169), truncated to 32767 characters
  civel_export[cols].to_excel(writer, sheet_name=sanitize_sheet_name("Cíveis Brutos"), index=False)
C:\Users\lucas.paim\Desktop\processo_triage\reporting\summary.py:46: UserWarning: Cell contents too long (34523), truncated to 32767 characters
  civel_export[cols].to_excel(writer, sheet_name=sanitize_sheet_name("Cíveis Brutos"), index=False)
C:\Users\lucas.paim\Desktop\processo_triage\reporting\summary.py:46: UserWarning: Cell contents too long (56174), truncated to 32767 characters
  civel_export[cols].to_excel(writer, sheet_name=sanitize_sheet_name("Cíveis Brutos"), index=False)
C:\Users\lucas.paim\Desktop\processo_triage\reporting\summary.py:46: UserWarning: Cell contents too long (73819), truncated to 32767 characters
  civel_export[cols].to_excel(writer, sheet_name=sanitize_sheet_name("Cíveis Brutos"), index=False)
C:\Users\lucas.paim\Desktop\processo_triage\reporting\summary.py:46: UserWarning: Cell contents too long (44401), truncated to 32767 characters
  civel_export[cols].to_excel(writer, sheet_name=sanitize_sheet_name("Cíveis Brutos"), index=False)
C:\Users\lucas.paim\Desktop\processo_triage\reporting\summary.py:46: UserWarning: Cell contents too long (57379), truncated to 32767 characters
  civel_export[cols].to_excel(writer, sheet_name=sanitize_sheet_name("Cíveis Brutos"), index=False)
C:\Users\lucas.paim\Desktop\processo_triage\reporting\summary.py:46: UserWarning: Cell contents too long (65925), truncated to 32767 characters
  civel_export[cols].to_excel(writer, sheet_name=sanitize_sheet_name("Cíveis Brutos"), index=False)
C:\Users\lucas.paim\Desktop\processo_triage\reporting\summary.py:46: UserWarning: Cell contents too long (97882), truncated to 32767 characters
  civel_export[cols].to_excel(writer, sheet_name=sanitize_sheet_name("Cíveis Brutos"), index=False)
C:\Users\lucas.paim\Desktop\processo_triage\reporting\summary.py:46: UserWarning: Cell contents too long (50010), truncated to 32767 characters
  civel_export[cols].to_excel(writer, sheet_name=sanitize_sheet_name("Cíveis Brutos"), index=False)
C:\Users\lucas.paim\Desktop\processo_triage\reporting\summary.py:46: UserWarning: Cell contents too long (44794), truncated to 32767 characters
  civel_export[cols].to_excel(writer, sheet_name=sanitize_sheet_name("Cíveis Brutos"), index=False)
C:\Users\lucas.paim\Desktop\processo_triage\reporting\summary.py:46: UserWarning: Cell contents too long (34052), truncated to 32767 characters
  civel_export[cols].to_excel(writer, sheet_name=sanitize_sheet_name("Cíveis Brutos"), index=False)
[2026-05-05 14:19:13] [INFO] matcher — ✅ Resumo exportado: resumo_20260505_141759.xlsx
[2026-05-05 14:19:13] [INFO] matcher — 🎉 PROCESSO FINALIZADO COM SUCESSO
[2026-05-05 14:19:13] [INFO] __main__ — ✅ Processo concluído com sucesso!
[RESULTADO] Procurando arquivos .xlsx na área operacional de output/...
[RESULTADO] Total de .xlsx encontrados na área operacional: 54
[RESULTADO] Novos .xlsx gerados nesta execução: 54
[RESULTADO]   • Civel\prioridade\sem_match_civel_prioridade_20260505_141759.xlsx
[RESULTADO]   • Civel\sem_match_civel_20260505_141759.xlsx
[RESULTADO]   • Civel\sem_match_civel_categorias\agravo_de_instrumento_20260505_141759.xlsx
[RESULTADO]   • Civel\sem_match_civel_categorias\agravo_interno_20260505_141759.xlsx
[RESULTADO]   • Civel\sem_match_civel_categorias\agravo_regimental_20260505_141759.xlsx
[RESULTADO]   • Civel\sem_match_civel_categorias\arresto_ou_sequestro_20260505_141759.xlsx
[RESULTADO]   • Civel\sem_match_civel_categorias\assistência_20260505_141759.xlsx
[RESULTADO]   • Civel\sem_match_civel_categorias\carta_de_ordem_20260505_141759.xlsx
[RESULTADO]   • Civel\sem_match_civel_categorias\carta_precatoria_civel_20260505_141759.xlsx
[RESULTADO]   • Civel\sem_match_civel_categorias\coisa_julgada_20260505_141759.xlsx
[RESULTADO]   • Civel\sem_match_civel_categorias\conflito_de_competência_20260505_141759.xlsx
[RESULTADO]   • Civel\sem_match_civel_categorias\cumprimento_de_sentenca_20260505_141759.xlsx
[RESULTADO]   • Civel\sem_match_civel_categorias\desconsideracao_da_personalidade_juridica_20260505_141759.xlsx
[RESULTADO]   • Civel\sem_match_civel_categorias\embargos_20260505_141759.xlsx
[RESULTADO]   • Civel\sem_match_civel_categorias\embargos_de_declaracao_20260505_141759.xlsx
[RESULTADO]   • Civel\sem_match_civel_categorias\embargos_de_divergência_20260505_141759.xlsx
[RESULTADO]   • Civel\sem_match_civel_categorias\embargos_à_execucao_20260505_141759.xlsx
[RESULTADO]   • Civel\sem_match_civel_categorias\excluido_20260505_141759.xlsx
[RESULTADO]   • Civel\sem_match_civel_categorias\exibicao_de_documento_ou_coisa_20260505_141759.xlsx
[RESULTADO]   • Civel\sem_match_civel_categorias\iac_20260505_141759.xlsx
[RESULTADO]   • Civel\sem_match_civel_categorias\impedimentosuspeicao_do_juiz_20260505_141759.xlsx
[RESULTADO]   • Civel\sem_match_civel_categorias\impugnacao_ao_valor_da_causa_20260505_141759.xlsx
[RESULTADO]   • Civel\sem_match_civel_categorias\incidente_de_arbitramento_20260505_141759.xlsx
[RESULTADO]   • Civel\sem_match_civel_categorias\irdr_20260505_141759.xlsx
[RESULTADO]   • Civel\sem_match_civel_categorias\liquidacao_de_sentenca_20260505_141759.xlsx
[RESULTADO]   • Civel\sem_match_civel_categorias\litispendência_20260505_141759.xlsx
[RESULTADO]   • Civel\sem_match_civel_categorias\mandado_de_seguranca_civel_20260505_141759.xlsx
[RESULTADO]   • Civel\sem_match_civel_categorias\oposicao_20260505_141759.xlsx
[RESULTADO]   • Civel\sem_match_civel_categorias\pre_executividade_20260505_141759.xlsx
[RESULTADO]   • Civel\sem_match_civel_categorias\precatorio_judicial_20260505_141759.xlsx
[RESULTADO]   • Civel\sem_match_civel_categorias\producao_antecipada_de_provas_20260505_141759.xlsx
[RESULTADO]   • Civel\sem_match_civel_categorias\recurso_adesivo_20260505_141759.xlsx
[RESULTADO]   • Civel\sem_match_civel_categorias\recurso_especial_20260505_141759.xlsx
[RESULTADO]   • Civel\sem_match_civel_categorias\recurso_extraordinario_20260505_141759.xlsx
[RESULTADO]   • Civel\sem_match_civel_categorias\recurso_inominado_20260505_141759.xlsx
[RESULTADO]   • Civel\sem_match_civel_categorias\recursos_20260505_141759.xlsx
[RESULTADO]   • Civel\sem_match_civel_categorias\rpv_20260505_141759.xlsx
[RESULTADO]   • Civel\sem_match_civel_categorias\tutela_cautelar_antecedente_20260505_141759.xlsx
[RESULTADO]   • Civel\sem_match_civel_categorias\tutela_provisoria_20260505_141759.xlsx
[RESULTADO]   • Civel\sem_match_civel_sem_categoria_20260505_141759.xlsx
[RESULTADO]   • com_match_descartados_20260505_141759.xlsx
[RESULTADO]   • resumo_20260505_141759.xlsx
[RESULTADO]   • Trabalhista\sem_match_trab_bruto_20260505_141759.xlsx
[RESULTADO]   • Trabalhista\sem_match_trab_categorias\acao_de_cumprimento_20260505_141759.xlsx
[RESULTADO]   • Trabalhista\sem_match_trab_categorias\acao_trabalhista_20260505_141759.xlsx
[RESULTADO]   • Trabalhista\sem_match_trab_categorias\agravo_de_instrumento_20260505_141759.xlsx
[RESULTADO]   • Trabalhista\sem_match_trab_categorias\agravo_de_peticao_20260505_141759.xlsx
[RESULTADO]   • Trabalhista\sem_match_trab_categorias\embargos_de_declaracao_20260505_141759.xlsx
[RESULTADO]   • Trabalhista\sem_match_trab_categorias\mandado_de_seguranca_20260505_141759.xlsx
[RESULTADO]   • Trabalhista\sem_match_trab_categorias\recurso_de_revista_20260505_141759.xlsx
[RESULTADO]   • Trabalhista\sem_match_trab_categorias\recurso_extraordinario_20260505_141759.xlsx
[RESULTADO]   • Trabalhista\sem_match_trab_categorias\recurso_ordinario_20260505_141759.xlsx
[RESULTADO]   • Trabalhista\sem_match_trab_categorias\sem_match_trab_todos_classificados_20260505_141759.xlsx
[RESULTADO]   • Trabalhista\sem_match_trab_prioridade_20260505_141759.xlsx
[OUTPUT] ✓ Snapshot da execução salvo em: C:\Users\lucas.paim\Desktop\processo_triage\output\runs\20260505_141629
[OUTPUT] ✓ Pasta latest atualizada em: C:\Users\lucas.paim\Desktop\processo_triage\output\latest
[AUDITORIA] Lido para consolidado 'sem_match': sem_match_civel_20260505_141759.xlsx (5698 linhas)
[AUDITORIA] Lido para consolidado 'sem_match': sem_match_civel_sem_categoria_20260505_141759.xlsx (1926 linhas)
[AUDITORIA] Lido para consolidado 'sem_match': sem_match_trab_bruto_20260505_141759.xlsx (833 linhas)
[AUDITORIA] Lido para consolidado 'sem_match': sem_match_trab_prioridade_20260505_141759.xlsx (3 linhas)
[AUDITORIA] Lido para consolidado 'sem_match': acao_de_cumprimento_20260505_141759.xlsx (207 linhas)
[AUDITORIA] Lido para consolidado 'sem_match': acao_trabalhista_20260505_141759.xlsx (435 linhas)
[AUDITORIA] Lido para consolidado 'sem_match': agravo_de_instrumento_20260505_141759.xlsx (35 linhas)
[AUDITORIA] Lido para consolidado 'sem_match': agravo_de_peticao_20260505_141759.xlsx (17 linhas)
[AUDITORIA] Lido para consolidado 'sem_match': embargos_de_declaracao_20260505_141759.xlsx (35 linhas)
[AUDITORIA] Lido para consolidado 'sem_match': mandado_de_seguranca_20260505_141759.xlsx (1 linhas)
[AUDITORIA] Lido para consolidado 'sem_match': recurso_de_revista_20260505_141759.xlsx (7 linhas)
[AUDITORIA] Lido para consolidado 'sem_match': recurso_extraordinario_20260505_141759.xlsx (8 linhas)
[AUDITORIA] Lido para consolidado 'sem_match': recurso_ordinario_20260505_141759.xlsx (85 linhas)
[AUDITORIA] Lido para consolidado 'sem_match': sem_match_trab_todos_classificados_20260505_141759.xlsx (833 linhas)
[AUDITORIA] Lido para consolidado 'sem_match': sem_match_civel_prioridade_20260505_141759.xlsx (4640 linhas)
[AUDITORIA] Lido para consolidado 'sem_match': agravo_de_instrumento_20260505_141759.xlsx (313 linhas)
[AUDITORIA] Lido para consolidado 'sem_match': agravo_interno_20260505_141759.xlsx (143 linhas)
[AUDITORIA] Lido para consolidado 'sem_match': agravo_regimental_20260505_141759.xlsx (42 linhas)
[AUDITORIA] Lido para consolidado 'sem_match': arresto_ou_sequestro_20260505_141759.xlsx (9 linhas)
[AUDITORIA] Lido para consolidado 'sem_match': assistência_20260505_141759.xlsx (26 linhas)
[AUDITORIA] Lido para consolidado 'sem_match': carta_de_ordem_20260505_141759.xlsx (1 linhas)
[AUDITORIA] Lido para consolidado 'sem_match': carta_precatoria_civel_20260505_141759.xlsx (30 linhas)
[AUDITORIA] Lido para consolidado 'sem_match': coisa_julgada_20260505_141759.xlsx (9 linhas)
[AUDITORIA] Lido para consolidado 'sem_match': conflito_de_competência_20260505_141759.xlsx (8 linhas)
[AUDITORIA] Lido para consolidado 'sem_match': cumprimento_de_sentenca_20260505_141759.xlsx (570 linhas)
[AUDITORIA] Lido para consolidado 'sem_match': desconsideracao_da_personalidade_juridica_20260505_141759.xlsx (3 linhas)
[AUDITORIA] Lido para consolidado 'sem_match': embargos_20260505_141759.xlsx (18 linhas)
[AUDITORIA] Lido para consolidado 'sem_match': embargos_de_declaracao_20260505_141759.xlsx (168 linhas)
[AUDITORIA] Lido para consolidado 'sem_match': embargos_de_divergência_20260505_141759.xlsx (5 linhas)
[AUDITORIA] Lido para consolidado 'sem_match': embargos_à_execucao_20260505_141759.xlsx (71 linhas)
[AUDITORIA] Lido para consolidado 'sem_match': excluido_20260505_141759.xlsx (696 linhas)
[AUDITORIA] Lido para consolidado 'sem_match': exibicao_de_documento_ou_coisa_20260505_141759.xlsx (3 linhas)
[AUDITORIA] Lido para consolidado 'sem_match': iac_20260505_141759.xlsx (547 linhas)
[AUDITORIA] Lido para consolidado 'sem_match': impedimentosuspeicao_do_juiz_20260505_141759.xlsx (40 linhas)
[AUDITORIA] Lido para consolidado 'sem_match': impugnacao_ao_valor_da_causa_20260505_141759.xlsx (2 linhas)
[AUDITORIA] Lido para consolidado 'sem_match': incidente_de_arbitramento_20260505_141759.xlsx (12 linhas)
[AUDITORIA] Lido para consolidado 'sem_match': irdr_20260505_141759.xlsx (9 linhas)
[AUDITORIA] Lido para consolidado 'sem_match': liquidacao_de_sentenca_20260505_141759.xlsx (13 linhas)
[AUDITORIA] Lido para consolidado 'sem_match': litispendência_20260505_141759.xlsx (1 linhas)
[AUDITORIA] Lido para consolidado 'sem_match': mandado_de_seguranca_civel_20260505_141759.xlsx (89 linhas)
[AUDITORIA] Lido para consolidado 'sem_match': oposicao_20260505_141759.xlsx (21 linhas)
[AUDITORIA] Lido para consolidado 'sem_match': precatorio_judicial_20260505_141759.xlsx (1 linhas)
[AUDITORIA] Lido para consolidado 'sem_match': pre_executividade_20260505_141759.xlsx (4 linhas)
[AUDITORIA] Lido para consolidado 'sem_match': producao_antecipada_de_provas_20260505_141759.xlsx (2 linhas)
[AUDITORIA] Lido para consolidado 'sem_match': recursos_20260505_141759.xlsx (258 linhas)
[AUDITORIA] Lido para consolidado 'sem_match': recurso_adesivo_20260505_141759.xlsx (4 linhas)
[AUDITORIA] Lido para consolidado 'sem_match': recurso_especial_20260505_141759.xlsx (72 linhas)
[AUDITORIA] Lido para consolidado 'sem_match': recurso_extraordinario_20260505_141759.xlsx (29 linhas)
[AUDITORIA] Lido para consolidado 'sem_match': recurso_inominado_20260505_141759.xlsx (467 linhas)
[AUDITORIA] Lido para consolidado 'sem_match': rpv_20260505_141759.xlsx (6 linhas)
[AUDITORIA] Lido para consolidado 'sem_match': tutela_cautelar_antecedente_20260505_141759.xlsx (3 linhas)
[AUDITORIA] Lido para consolidado 'sem_match': tutela_provisoria_20260505_141759.xlsx (77 linhas)
[AUDITORIA] ✓ Consolidado 'sem_match' gerado: auditoria_consolidado_sem_match.xlsx (18535 linhas)
[AUDITORIA] Grupo 'numero_puro' sem arquivos para consolidar.
[AUDITORIA] Grupo 'outro' sem arquivos para consolidar.
[AUDITORIA] ✓ Resumo Excel dos consolidados gerado: auditoria_resumo_consolidados.xlsx
[HISTORICO] ✓ Histórico atualizado em: C:\Users\lucas.paim\Desktop\processo_triage\output\_historico_execucoes\historico_execucoes.csv
[HISTORICO] ✓ Histórico Excel sincronizado em: C:\Users\lucas.paim\Desktop\processo_triage\output\_historico_execucoes\historico_execucoes.xlsx
[COMPARATIVO] ✓ Comparativo com execução anterior salvo em: comparativo_execucao_anterior.json
[COMPARATIVO-MEDIA] ✓ Comparativo com média das últimas execuções salvo em: comparativo_media_ultimas_execucoes.json | critério: ultimas_execucoes_com_sucesso
[ALERTAS] ⚠️ 1 alerta(s) de regressão salvo(s) em: alertas_execucao.json
[RESULTADO] ✓ Processamento concluído com sucesso!
[AUDITORIA] Índice, consolidados, resumo Excel, histórico, comparativos e alertas salvos em: C:\Users\lucas.paim\Desktop\processo_triage\output\runs\20260505_141629\_auditoria
[RESULTADO] Pasta da execução atual: C:\Users\lucas.paim\Desktop\processo_triage\output\runs\20260505_141629
[RESULTADO] Pasta latest atualizada: C:\Users\lucas.paim\Desktop\processo_triage\output\latest
[AUDITORIA] ✓ Resumo Markdown da execução gerado: resumo_execucao.md
