[UI] Iniciando processamento...
[UI] 📂 Diretório raiz: C:\Users\lucas.paim\Desktop\processo_triage
[UI] 📂 Entrada: C:\Users\lucas.paim\Desktop\processo_triage\input
[UI] 📂 Saída raiz: C:\Users\lucas.paim\Desktop\processo_triage\output
[UI] 📂 Saída da execução atual: C:\Users\lucas.paim\Desktop\processo_triage\output\runs\20260429_174625
[UI] 📂 Pasta latest: C:\Users\lucas.paim\Desktop\processo_triage\output\latest
[UI] 📝 Log desta execução: C:\Users\lucas.paim\Desktop\processo_triage\logs_ui\ui_run_20260429_174625.log
[UI] 🧾 Pasta de auditoria desta execução: C:\Users\lucas.paim\Desktop\processo_triage\output\runs\20260429_174625\_auditoria
[INPUT] Limpando arquivos internos de execuções anteriores...
[INPUT] Não é necessário limpar manualmente a pasta input/ antes de rodar.
[INPUT] Removendo arquivo interno anterior: Base LO.xlsx
[INPUT] Removendo arquivo interno anterior: Webjur1.csv
[INPUT] Removendo derivado anterior: Webjur1_SANITIZADO.csv
[INPUT] Removendo arquivo interno anterior: DW1.xlsx
[INPUT] Removendo arquivo interno anterior: Painel1.xlsx
[OUTPUT] Limpando somente a área operacional do output...
[OUTPUT] Pastas preservadas: runs/, latest/, _historico_execucoes/
[OUTPUT] Removendo diretório operacional anterior: Civel
[OUTPUT] Removendo arquivo operacional anterior: com_match_descartados_20260429_143325.xlsx
[OUTPUT] Removendo arquivo operacional anterior: resumo_20260429_143325.xlsx
[OUTPUT] Removendo diretório operacional anterior: Trabalhista
[INPUT] Copiando arquivos selecionados para a pasta de processamento...
[INPUT] Preparando fonte 'Base Legal One' com 1 arquivo(s)...
[INPUT] Copiando 'BASE BATIMENTO LIXO (15).xlsx' para 'Base LO.xlsx'...
[INPUT] ✓ Base Legal One: BASE BATIMENTO LIXO (15).xlsx -> Base LO.xlsx
[INPUT] Preparando fonte 'WebJur' com 1 arquivo(s)...
[INPUT] Copiando '20260429_AC_AL_AM_AP_BA_CE_DF_DJ_DO_ES_GO_MA_MG_MS_MT_PA_PB_PE_PI_PR_RJ_RN_RO_RR_RS_SC_SE_SP_TO_xml.csv' para 'Webjur1.csv'...
[INPUT] ✓ WebJur: 20260429_AC_AL_AM_AP_BA_CE_DF_DJ_DO_ES_GO_MA_MG_MS_MT_PA_PB_PE_PI_PR_RJ_RN_RO_RR_RS_SC_SE_SP_TO_xml.csv -> Webjur1.csv
[WEBJUR] Sanitizando arquivo com sanitizador validado: Webjur1.csv
[WEBJUR] Coluna 'Codigo': 0 de 7701 parecem ser data
[WEBJUR] Coluna 'Número do Processo': 32 de 7701 parecem ser data
[WEBJUR] Coluna 'Data da Publicação': 7632 de 7701 parecem ser data
[WEBJUR] Coluna 'Termo Localizado': 2 de 7701 parecem ser data
[WEBJUR] Coluna 'Diário Oficial': 0 de 7701 parecem ser data
[WEBJUR] Coluna 'Página': 2637 de 7701 parecem ser data
[WEBJUR] Coluna 'Juizo': 0 de 7701 parecem ser data
[WEBJUR] Coluna 'Publicação': 0 de 7701 parecem ser data
[WEBJUR] Coluna 'targetID': 0 de 7701 parecem ser data
[WEBJUR] 🟢 Coluna real de data: posição 3 ('Data da Publicação')
[WEBJUR] Sanitizado: 7632 linhas válidas | 69 linhas removidas por data inválida
[WEBJUR] ✓ Bruto preservado em: Webjur1.csv
[WEBJUR] ✓ Sanitizado gerado em: Webjur1_SANITIZADO.csv
[WEBJUR] ✓ Pipeline deverá consumir o sanitizado, não o bruto.
[WEBJUR] ⚠️ Linhas inválidas salvas em: Webjur1_SANITIZADO_RUINS.csv
[INPUT] Preparando fonte 'DW' com 1 arquivo(s)...
[INPUT] Copiando 'DW.xlsx' para 'DW1.xlsx'...
[INPUT] ✓ DW: DW.xlsx -> DW1.xlsx
[INPUT] ℹ️ Fonte não informada nesta execução: Painel
[INPUT] ℹ️ Fonte não informada nesta execução: Modo LegalOne de Intimações
[INPUT] Arquivos atualmente em input/:
[INPUT]   • Base LO.xlsx
[INPUT]   • DW1.xlsx
[INPUT]   • Webjur1.csv
[INPUT]   • Webjur1_SANITIZADO.csv
[INPUT]   • Webjur1_SANITIZADO_RUINS.csv
[PIPELINE] Iniciando robô de classificação...
[PIPELINE] Executando comando: C:\Users\lucas.paim\AppData\Local\Python\pythoncore-3.14-64\pythonw.exe -X utf8 main.py
[PIPELINE] Return code: 0
[PIPELINE] === STDOUT ===
╔══════════════════════════════════════════════════╗
║       TRIAGEM DE PROCESSOS — Legal One           ║
╚══════════════════════════════════════════════════╝
⚠️  VALIDAÇÃO DE ENTRADA:
   [Painel] Arquivos não encontrados: Painel1.xlsx, Painel2.xlsx
   [DW] Arquivos não encontrados: DW2.xlsx
   [WebJur] Arquivos não encontrados: Webjur2.csv
   [Modo LegalOne de Intimações] Arquivos não encontrados: ModoLegalOneIntimacoes1.xlsx, ModoLegalOneIntimacoes2.xlsx
   ℹ️  Arquivos ausentes serão ignorados quando possível. Continuando...
════════════════════════════════════════════════════════════
📂 Lendo fonte: LEGAL ONE
Headers lidos no arquivo Base LO.xlsx: ['Pasta', 'Número de CNJ', 'Outro número', 'Número antigo', 'Datacloud diários oficiais / Diário']
   → 149464 linhas no Legal One
   → 269037 identificadores únicos no pool de comparação
════════════════════════════════════════════════════════════
Headers lidos no arquivo DW1.xlsx: ['Status', 'Advogado', 'Tipo', 'Sistema', 'Processo', 'Disponibilização', 'Data da leitura', 'Prazo', 'Última Pesquisa', '1ª Pesquisa', 'Limite da Leitura', 'Captura da intimação', 'Data para leitura', 'Tip. Intim.', 'Intimado', 'Intimação', 'Partes', 'Juízo', 'Vara', 'Blacklist', 'Link', 'Intimacao deflagrada', 'Intimação ID', 'Texto da Intimação 01', 'Texto da Intimação 02']
Headers lidos no arquivo Webjur1.csv: ['Codigo', 'Número do Processo', 'Data da Publicação', 'Termo Localizado', 'Diário Oficial', 'Página', 'Juizo', 'Publicação', 'targetID']
   → 7804 linhas totais nas bases externas
════════════════════════════════════════════════════════════
📋 Classificando tipos de número...
   📊 Classificação dos números:
      • cnj: 7588
      • numero_puro: 204
      • outro: 12
════════════════════════════════════════════════════════════
📋 Analisando presença em múltiplas fontes...
   📊 Presença em múltiplas fontes:
      • Em mais de 1 fonte: 131 processos
      • Em apenas 1 fonte:  5890 processos
════════════════════════════════════════════════════════════
📋 Removendo duplicatas...
   🔄 Duplicatas removidas: 1783 linhas
   ✅ Restaram: 6021 linhas únicas
════════════════════════════════════════════════════════════
📋 Extraindo detalhes dos CNJs (UF, Ramo, Ano)...
   📊 Ramo da Justiça (CNJs):
      • Justiça Estadual: 4289
      • Justiça do Trabalho: 883
      • Justiça Federal: 643
      • STJ: 7
      • Justiça Eleitoral: 4
      • Justiça Militar da União: 1
      • CNJ: 1
   📊 UF (CNJs):
      • RJ: 1780
      • CE: 1070
      • AM: 385
      • DF: 280
      • TRT-03: 253
      • MG: 245
      • SP: 184
      • TRT-02: 164
      • TRT-01: 156
      • RJ/ES: 134
      • PE/CE/AL/SE/PB/RN: 116
      • SP/MS: 91
      • TRT-15: 88
      • BA: 67
      • RS/SC/PR: 66
      ... e mais 42 UFs
════════════════════════════════════════════════════════════
📋 Validando dígito verificador dos CNJs...
   📊 Validação de dígito verificador (CNJs):
      • Válidos:   5828
      • Inválidos: 0
════════════════════════════════════════════════════════════
📋 Verificando idade dos processos...
   📊 Idade dos processos (CNJs, corte: 2015):
      • Antigos (antes de 2015): 300
      • Recentes (2015+):        5528
      Distribuição dos antigos:
        • 1979: 1
        • 1982: 1
        • 1984: 1
        • 1993: 1
        • 1995: 2
        • 1996: 1
        • 1997: 2
        • 1998: 3
        • 1999: 1
        • 2000: 15
        • 2001: 1
        • 2002: 4
        • 2003: 9
        • 2004: 7
        • 2005: 11
        • 2006: 11
        • 2007: 14
        • 2008: 19
        • 2009: 12
        • 2010: 41
        • 2011: 29
        • 2012: 32
        • 2013: 42
        • 2014: 40
════════════════════════════════════════════════════════════
🔍 Comparando com Legal One...
   ➡️ SEM MATCH total:  5442
   ➡️ COM MATCH (descartados): 579
   ➡️ Trabalhista SEM MATCH: 776
   ➡️ Cível SEM MATCH:      4666
✅ Exportado BRUTO (sem filtro): sem_match_trab_bruto_20260429_174738.xlsx
Categorias atribuídas (value_counts) - Trabalhista:
_categoria
Ação Trabalhista          371
Ação de Cumprimento       207
Recurso Ordinário         100
Embargos de Declaração     53
Agravo de Instrumento      23
Agravo de Petição          12
Décio Freire                6
Recurso de Revista          2
Recurso Extraordinário      1
Mandado de Segurança        1
Name: count, dtype: int64
   📁 Arquivos TRABALHISTA por categoria:
      • agravo_de_instrumento_20260429_174738.xlsx  (23 linhas)
      • agravo_de_peticao_20260429_174738.xlsx  (12 linhas)
      • acao_trabalhista_20260429_174738.xlsx  (371 linhas)
      • acao_de_cumprimento_20260429_174738.xlsx  (207 linhas)
      • embargos_de_declaracao_20260429_174738.xlsx  (53 linhas)
      • mandado_de_seguranca_20260429_174738.xlsx  (1 linhas)
      • recurso_extraordinario_20260429_174738.xlsx  (1 linhas)
      • recurso_ordinario_20260429_174738.xlsx  (100 linhas)
      • recurso_de_revista_20260429_174738.xlsx  (2 linhas)
Categorias atribuídas (value_counts) - Cível:
_categoria_civel
NaN                                          1592
EXCLUIDO                                      658
IAC                                           507
Cumprimento de Sentença                       469
Agravo de Instrumento                         254
Embargos de Declaração                        218
Recursos                                      195
Recurso Inominado                             126
Agravo Interno                                118
Recurso Especial                               63
Tutela Provisória                              62
Assistência                                    62
Impedimento/Suspeição do Juiz                  58
Mandado de Segurança Cível                     46
Embargos à Execução                            35
Agravo Regimental                              33
Carta Precatória Cível                         31
Coisa Julgada                                  25
Recurso Extraordinário                         20
Embargos                                       14
Oposição                                       10
Incidente de Arbitramento                       9
RPV                                             8
Conflito de Competência                         6
Embargos de Divergência                         5
Impugnação ao Valor da Causa                    5
Arresto ou Sequestro                            4
Pré-executividade                               4
Liquidação de Sentença                          4
Produção Antecipada de Provas                   4
IRDR                                            4
Litispendência                                  3
Arguição de Inconstitucionalidade               3
Desconsideração da Personalidade Jurídica       3
Recurso Adesivo                                 3
Tutela Cautelar Antecedente                     2
Exibição de Documento ou Coisa                  1
Uniformização de Jurisprudência                 1
Intervenção de Terceiros                        1
Name: count, dtype: int64
Prioridade cível (value_counts):
_prioridade_civel
PRIORIDADE    3651
              1015
Name: count, dtype: int64
Confiança cível (histograma simples):
_confidence_civel
0       190
5        27
8      1017
16      358
75       15
83        1
86      145
91       48
95      105
99      658
100    2102
Name: count, dtype: int64
Arquivo cível exportado: C:\Users\lucas.paim\Desktop\processo_triage\output\Civel\sem_match_civel_20260429_174738.xlsx
   📁 Arquivos CÍVEL por categoria:
      • agravo_interno_20260429_174738.xlsx  (118 linhas)
      • agravo_regimental_20260429_174738.xlsx  (33 linhas)
      • agravo_de_instrumento_20260429_174738.xlsx  (254 linhas)
      • arguicao_de_inconstitucionalidade_20260429_174738.xlsx  (3 linhas)
      • arresto_ou_sequestro_20260429_174738.xlsx  (4 linhas)
      • assistência_20260429_174738.xlsx  (62 linhas)
      • carta_precatoria_civel_20260429_174738.xlsx  (31 linhas)
      • coisa_julgada_20260429_174738.xlsx  (25 linhas)
      • conflito_de_competência_20260429_174738.xlsx  (6 linhas)
      • cumprimento_de_sentenca_20260429_174738.xlsx  (469 linhas)
      • desconsideracao_da_personalidade_juridica_20260429_174738.xlsx  (3 linhas)
      • excluido_20260429_174738.xlsx  (658 linhas)
      • embargos_20260429_174738.xlsx  (14 linhas)
      • embargos_de_declaracao_20260429_174738.xlsx  (218 linhas)
      • embargos_de_divergência_20260429_174738.xlsx  (5 linhas)
      • embargos_à_execucao_20260429_174738.xlsx  (35 linhas)
      • exibicao_de_documento_ou_coisa_20260429_174738.xlsx  (1 linhas)
      • iac_20260429_174738.xlsx  (507 linhas)
      • irdr_20260429_174738.xlsx  (4 linhas)
      • impedimentosuspeicao_do_juiz_20260429_174738.xlsx  (58 linhas)
      • impugnacao_ao_valor_da_causa_20260429_174738.xlsx  (5 linhas)
      • incidente_de_arbitramento_20260429_174738.xlsx  (9 linhas)
      • intervencao_de_terceiros_20260429_174738.xlsx  (1 linhas)
      • liquidacao_de_sentenca_20260429_174738.xlsx  (4 linhas)
      • litispendência_20260429_174738.xlsx  (3 linhas)
      • mandado_de_seguranca_civel_20260429_174738.xlsx  (46 linhas)
      • oposicao_20260429_174738.xlsx  (10 linhas)
      • producao_antecipada_de_provas_20260429_174738.xlsx  (4 linhas)
      • pre_executividade_20260429_174738.xlsx  (4 linhas)
      • rpv_20260429_174738.xlsx  (8 linhas)
      • recurso_adesivo_20260429_174738.xlsx  (3 linhas)
      • recurso_especial_20260429_174738.xlsx  (63 linhas)
      • recurso_extraordinario_20260429_174738.xlsx  (20 linhas)
      • recurso_inominado_20260429_174738.xlsx  (126 linhas)
      • recursos_20260429_174738.xlsx  (195 linhas)
      • tutela_cautelar_antecedente_20260429_174738.xlsx  (2 linhas)
      • tutela_provisoria_20260429_174738.xlsx  (62 linhas)
      • uniformizacao_de_jurisprudência_20260429_174738.xlsx  (1 linhas)
════════════════════════════════════════════════════════════
📁 Arquivos gerados em: C:\Users\lucas.paim\Desktop\processo_triage\output
   • Prioridade (Décio Trabal): sem_match_trab_prioridade_20260429_174738.xlsx
   • Categorias TRABALHISTA -> C:\Users\lucas.paim\Desktop\processo_triage\output\Trabalhista\sem_match_trab_categorias
   • Todos classificados TRABALHISTA -> sem_match_trab_todos_classificados_20260429_174738.xlsx
   • Sem categoria TRABALHISTA: sem_match_trab_sem_categoria_20260429_174738.xlsx
   • CÍVEL exportado: sem_match_civel_20260429_174738.xlsx
   • Categorias CÍVEL -> C:\Users\lucas.paim\Desktop\processo_triage\output\Civel\sem_match_civel_categorias
   • Prioridade CÍVEL -> C:\Users\lucas.paim\Desktop\processo_triage\output\Civel\prioridade\sem_match_civel_prioridade_20260429_174738.xlsx
   • Sem categoria CÍVEL: sem_match_civel_sem_categoria_20260429_174738.xlsx
   • COM MATCH descartados: com_match_descartados_20260429_174738.xlsx
════════════════════════════════════════════════════════════
[PIPELINE] === STDERR ===
[2026-04-29 17:47:38] [INFO] matcher — 🚀 INICIANDO PROCESSO DE TRIAGEM
[2026-04-29 17:47:38] [INFO] reader — Lendo: C:\Users\lucas.paim\Desktop\processo_triage\input\Base LO.xlsx
[2026-04-29 17:47:38] [INFO] reader — Arquivo efetivamente lido para 'Base LO.xlsx': Base LO.xlsx
[2026-04-29 17:47:48] [INFO] reader — Colunas lidas do arquivo 'Base LO.xlsx': ['lucaspaim@deciofreire.com.br - 29/04/2026', 'Unnamed: 1', 'Unnamed: 2', 'Unnamed: 3', 'Unnamed: 4']
[2026-04-29 17:47:48] [INFO] reader — Primeiras 3 linhas de 'Base LO.xlsx':
  lucaspaim@deciofreire.com.br - 29/04/2026                 Unnamed: 1    Unnamed: 2     Unnamed: 3                                            Unnamed: 4
0                                     Pasta              Número de CNJ  Outro número  Número antigo                   Datacloud diários oficiais / Diário
1                        Proc - 0050859/001  0010903-71.2018.5.03.0029           NaN            NaN  Diário do Tribunal Regional do Trabalho da 3ª Região
2                        Proc - 0001809/001  0010815-45.2018.5.03.0025           NaN            NaN                                                   NaN
[2026-04-29 17:47:56] [INFO] reader — Colunas lidas do arquivo 'Base LO.xlsx': ['Pasta', 'Número de CNJ', 'Outro número', 'Número antigo', 'Datacloud diários oficiais / Diário']
[2026-04-29 17:47:56] [INFO] reader — Primeiras 3 linhas de 'Base LO.xlsx':
                Pasta              Número de CNJ Outro número Número antigo                   Datacloud diários oficiais / Diário
0  Proc - 0050859/001  0010903-71.2018.5.03.0029          NaN           NaN  Diário do Tribunal Regional do Trabalho da 3ª Região
1  Proc - 0001809/001  0010815-45.2018.5.03.0025          NaN           NaN                                                   NaN
2  Proc - 0017762/001  6549225-03.2009.8.13.0024          NaN           NaN           Diário da Justiça do Estado de Minas Gerais
[2026-04-29 17:47:56] [INFO] reader — Pulou 1 linha(s) de cabeçalho extra
[2026-04-29 17:47:56] [INFO] reader — Coluna CNJ mapeada: 'Número de CNJ'
[2026-04-29 17:47:57] [INFO] reader — Base LO.xlsx: total de linhas lidas=149464 | CNJ preenchido=139306 | CNJ vazio=10158
[2026-04-29 17:47:57] [WARNING] reader — Base LO.xlsx: exemplos de linhas com CNJ vazio: [{'Pasta': 'Proc - 0018146/001', 'Número de CNJ': '', 'Outro número': '1028305', 'Número antigo': '2008/0025130-1', 'Datacloud diários oficiais / Diário': 'Diário da Justiça do STJ'}, {'Pasta': 'Proc - 0002924', 'Número de CNJ': '', 'Outro número': '', 'Número antigo': '00118996520155030032', 'Datacloud diários oficiais / Diário': ''}, {'Pasta': 'Proc - 0002925', 'Número de CNJ': '', 'Outro número': '', 'Número antigo': '00126626020135010204', 'Datacloud diários oficiais / Diário': ''}, {'Pasta': 'Proc - 0002929', 'Número de CNJ': '', 'Outro número': '', 'Número antigo': '00260607220155240072', 'Datacloud diários oficiais / Diário': ''}, {'Pasta': 'Proc - 0002933', 'Número de CNJ': '', 'Outro número': '', 'Número antigo': '10000916220145020241', 'Datacloud diários oficiais / Diário': ''}]
[2026-04-29 17:47:57] [INFO] reader — Colunas mapeadas: CNJ='Número de CNJ', Data='None', Texto='None', Cliente='None', Tribunal/Sistema extraídos por fonte
[2026-04-29 17:47:57] [INFO] matcher — Legal One: 149464 linhas lidas
[2026-04-29 17:48:10] [INFO] matcher — Legal One: 269037 identificadores no pool
[2026-04-29 17:48:10] [INFO] reader — 📂 Lendo fonte: PAINEL
[2026-04-29 17:48:10] [WARNING] reader — Arquivo não encontrado, pulando: C:\Users\lucas.paim\Desktop\processo_triage\input\Painel1.xlsx
[2026-04-29 17:48:10] [WARNING] reader — Arquivo não encontrado, pulando: C:\Users\lucas.paim\Desktop\processo_triage\input\Painel2.xlsx
[2026-04-29 17:48:10] [WARNING] reader — Nenhum arquivo encontrado para esta fonte.
[2026-04-29 17:48:10] [INFO] reader — 📂 Lendo fonte: DW
[2026-04-29 17:48:10] [INFO] reader — Lendo: C:\Users\lucas.paim\Desktop\processo_triage\input\DW1.xlsx
[2026-04-29 17:48:10] [INFO] reader — Arquivo efetivamente lido para 'DW1.xlsx': DW1.xlsx
C:\Users\lucas.paim\AppData\Local\Python\pythoncore-3.14-64\Lib\site-packages\openpyxl\styles\stylesheet.py:237: UserWarning: Workbook contains no default style, apply openpyxl's default
  warn("Workbook contains no default style, apply openpyxl's default")
[2026-04-29 17:48:10] [INFO] reader — Colunas lidas do arquivo 'DW1.xlsx': ['Status', 'Advogado', 'Tipo', 'Sistema', 'Processo', 'Disponibilização', 'Data da leitura', 'Prazo', 'Última Pesquisa', '1ª Pesquisa', 'Limite da Leitura', 'Captura da intimação', 'Data para leitura', 'Tip. Intim.', 'Intimado', 'Intimação', 'Partes', 'Juízo', 'Vara', 'Blacklist', 'Link', 'Intimacao deflagrada', 'Intimação ID', 'Texto da Intimação 01', 'Texto da Intimação 02']
[2026-04-29 17:48:10] [INFO] reader — Primeiras 3 linhas de 'DW1.xlsx':
                       Status                              Advogado      Tipo                    Sistema                   Processo     Disponibilização      Data da leitura                                            Prazo      Última Pesquisa          1ª Pesquisa    Limite da Leitura Captura da intimação    Data para leitura Tip. Intim.                                            Intimado   Intimação                                                                     Partes                              Juízo                                                                                    Vara Blacklist                                                                                                                                                                  Link Intimacao deflagrada Intimação ID                                                                                                                                                                                                                                                                                                                                                                                                                                                                                                                                                                                                                                                                                                                                                                                                                                                                                                                                                                                                                                                                                                                                                                                                                                                                                                                                                                                                                                                                                                                                                                                                                                                                                                                                                                                                                                                                                                                                                                                                                                                                                                                                                                                                                                                                                                                                                                                                                                                                                                                                                                                                                                                                                                                                                                                                                                                                                                                                                                                                                                                                                                                                                                                                                                                                                                                                                                                                                                                                                                                                                                                                                                                                                                                                                                                                                                                                                                                                                                                                                                                                                                                                                                                                                                                                                                                                                                                                                                                                                                                                                                                                                                                                                                                                                                                                                                                                                                                                                                                                                                                                                                                                                                                                                                                                                                                                                                                                                                                                                                                                                                                                                                                                                                                                                                                                                                                                                                                                                                                                                               Texto da Intimação 01 Texto da Intimação 02
0  6001 - INTIMAÇÃO CAPTURADA  DECIO FLAVIO GONCALVES TORRES FREIRE  ADVOGADO  TJMG - PJE - 1ª instância  5181795-65.2025.8.13.0024  28/04/2026 15:44:00  29/04/2026 00:55:03   Prazo:5 dias. Prazo final: 08/05/2026 23:59:59  28/04/2026 20:29:12  28/04/2026 20:16:02  08/05/2026 23:59:00  29/04/2026 00:55:03  28/04/2026 00:00:00   Intimação                             FUNDACAO GETULIO VARGAS  2949894582     MARCIA HELENA MESQUITA FERREIRA X FUNDACAO GETULIO VARGAS e outros (1)  Belo Horizonte - Juizado Especial   2ª Unidade Jurisdicional da Fazenda Pública do Juizado Especial 29º JD Belo Horizonte       Não  https://objectstorage.sa-saopaulo-1.oraclecloud.com/n/grgzajrtoi0u/b/eprotocol/o/intimation%2FDFA%2F20260429%2F5181795-65.2025.8.13.0024%2F31336788%2F2949894582.pdf                  Não     31336788                                                                                                                                                                                                                                                                                                                                                                                                                                                                                                                                                                                                                                                                                                                                                                                                                                                                                                                                                                                                                                                                                                                                                                                                                                  INTIMAÇÃO CAPTURADA EM: 29/04/2026\n====================================\nNúmero do processo: 5181795-65.2025.8.13.0024\nDisponibilização: 28/04/2026\nPesquisado: DECIO FLAVIO GONCALVES TORRES FREIRE - ADVOGADO\nTribunal/Sistema: TJMG-PJE-1ª instância\nPrazo: 5 dias. Prazo final: 08/05/2026 23:59:59\nIntimado: FUNDACAO GETULIO VARGAS\nParte: MARCIA HELENA MESQUITA FERREIRA X FUNDACAO GETULIO VARGAS e outros (1)\nVara/Juízo:  2ª Unidade Jurisdicional da Fazenda Pública do Juizado Especial 29º JD Belo Horizonte - Belo Horizonte - Juizado Especial\nTipo : Intimação\n====================================\n------------------------\nIntimação (2949894582)\nDestinatário FUNDACAO GETULIO VARGAS\nPrazo 5 dias\nData limite para manifestação 08/05/2026 23:59:59\nFechado? NÃO\nINTIMAÇÃO LIDA SEM A ABERTURA DO PRAZO\n------------------------\n29/04/2026 \nNúmero: 5181795-65.2025.8.13.0024  \nClasse: [CÍVEL] PROCEDIMENTO DO JUIZADO ESPECIAL DA FAZENDA PÚBLICA \n Órgão julgador: 2ª Unidade Jurisdicional da Fazenda Pública do Juizado Especial 29º JD Belo\nHorizonte \n Última distribuição : 19/08/2025 \n Valor da causa: R$ 1.000,00 \n Assuntos: Anulação \n Segredo de justiça? NÃO \n Justiça gratuita? SIM \n Pedido de liminar ou antecipação de tutela? NÃO\n \n \nPoder Judiciário do Estado de Minas Gerais\nPJe - Processo Judicial Eletrônico\nPartes Advogados\nMARCIA HELENA MESQUITA FERREIRA (REQUERENTE)\nISRAEL DA CUNHA MATTOZO (ADVOGADO)\nMUNICIPIO DE BELO HORIZONTE (REQUERIDO(A))\nFUNDACAO GETULIO VARGAS (REQUERIDO(A))\nDECIO FLAVIO GONCALVES TORRES FREIRE\n(ADVOGADO)\nDocumentos\nId. Data da Assinatura Documento Tipo\n10669798811 28/04/2026 15:44 Intimação IntimaçãoNum. 10669798811 - Pág. 1\nAssinado eletronicamente por: FLAVIA PINHEIRO DE MORAIS - 28/04/2026 15:44:50https://pje.tjmg.jus.br:443/pje/Processo/ConsultaDocumento/listView.seam?x=26042815442456200010665937280Número do documento: 26042815442456200010665937280\n intimem-se as partes para no prazo comum de 5 (cinco) dias para que apontem,\nde maneira clara, objetiva e sucinta, as questões de fato e de direito que\nentendam pertinentes ao julgamento da lide.\nQuanto às questões de fato, deverão indicar a matéria que consideram\nincontroversa, bem como aquela que entendem já provada pela prova trazida,\nenumerando-se nos autos os documentos que servem de suporte a cada\nalegação.\nCom relação ao restante, remanescendo controvertida, deverão especificar as\nprovas que pretendem produzir, justificando, objetiva e fundamentadamente, sua\nrelevância e pertinência. O silêncio ou o protesto genérico por produção de\nprovas serão interpretados como anuência ao julgamento antecipado,\nindeferindo-se, ainda, os requerimentos de diligências inúteis ou meramente\nprotelatórias.\nQuanto às questões de direito, para que não se alegue prejuízo, deverão, desde\nlogo, manifestar-se sobre a matéria cognoscível de ofício pelo juízo, desde que\ninteressem ao processo. Com relação aos argumentos jurídicos trazidos pelas\npartes, deverão estar de acordo com toda a legislação vigente, que, presume-se,\ntenha sido estudada até o esgotamento pelos litigantes, e cujo desconhecimento\nnão poderá ser posteriormente alegado.Num. 10669798811 - Pág. 2\nAssinado eletronicamente por: FLAVIA PINHEIRO DE MORAIS - 28/04/2026 15:44:50https://pje.tjmg.jus.br:443/pje/Processo/ConsultaDocumento/listView.seam?x=26042815442456200010665937280Número do documento: 26042815442456200010665937280\nRegistre-se, ainda, que não serão consideradas relevantes as questões não\nadequadamente delineadas e fundamentadas nas peças processuais, além de\ntodos os argumentos insubsistentes ou ultrapassados pela jurisprudência\nreiterada.\nAtentem-se ao cumprimento do Provimento no 355 de 2018 da CGJ,\nressaltando-se as disposições dos artigos 63 e 64.\n------------------------\nhttps://objectstorage.sa-saopaulo-1.oraclecloud.com/n/grgzajrtoi0u/b/eprotocol/o/intimation%2FDFA%2F20260429%2F5181795-65.2025.8.13.0024%2F31336788%2F2949894582.pdf\n====================================\nDW LAW - Leitura automatizada painel de intimações\nID Intimação: 2949894582\nData da captura: 29/04/26\nALERTA DE INSTRUÇÃO: Nos termos do art. 5º, §1,º da Lei 11.419/2016, o acesso ao conteúdo das intimações processuais no sistema de processo eletrônico efetiva  \na consulta e certifica a ciência da intimação, deflagrando imediatamente o início da contagem do prazo. \nPortanto, É NECESSÁRIA A VERIFICAÇÃO DIRETA PELO USUÁRIO DO PRAZO INICIAL E FINAL para fins de resposta e/ou prática de ato processual pertinente à intimação lida.\n#ID_DW31336788#\n====================================\n                   NaN
1  6001 - INTIMAÇÃO CAPTURADA  DECIO FLAVIO GONCALVES TORRES FREIRE  ADVOGADO  TJMG - PJE - 1ª instância  5030077-94.2018.8.13.0079  28/04/2026 07:14:00  29/04/2026 00:54:51  Prazo:15 dias. Prazo final: 08/05/2026 23:59:59  28/04/2026 20:39:34  28/04/2026 20:16:56  08/05/2026 23:59:00  29/04/2026 00:54:51  28/04/2026 00:00:00   Intimação  TELEMAR NORTE LESTE S/A. - EM RECUPERACAO JUDICIAL  2949429586  JOSE ADAO DOS SANTOS X TELEMAR NORTE LESTE S/A. - EM RECUPERACAO JUDICIAL                           Contagem                                                    4ª Vara Cível da Comarca de Contagem       Não  https://objectstorage.sa-saopaulo-1.oraclecloud.com/n/grgzajrtoi0u/b/eprotocol/o/intimation%2FDFA%2F20260429%2F5030077-94.2018.8.13.0079%2F31336902%2F2949429586.pdf                  Não     31336902                                                                                                                                                                                                                                                                                                                                                                                                                                                                                                                                                                                                                                                                                                                                                                                                                                                                                                             INTIMAÇÃO CAPTURADA EM: 29/04/2026\n====================================\nNúmero do processo: 5030077-94.2018.8.13.0079\nDisponibilização: 28/04/2026\nPesquisado: DECIO FLAVIO GONCALVES TORRES FREIRE - ADVOGADO\nTribunal/Sistema: TJMG-PJE-1ª instância\nPrazo: 15 dias. Prazo final: 08/05/2026 23:59:59\nIntimado: TELEMAR NORTE LESTE S/A. - EM RECUPERACAO JUDICIAL\nParte: JOSE ADAO DOS SANTOS X TELEMAR NORTE LESTE S/A. - EM RECUPERACAO JUDICIAL\nVara/Juízo:  4ª Vara Cível da Comarca de Contagem - Contagem\nTipo : Intimação\n====================================\n------------------------\nIntimação (2949429586)\nDestinatário TELEMAR NORTE LESTE S/A. - EM RECUPERACAO JUDICIAL\nPrazo 15 dias\nData limite para manifestação 08/05/2026 23:59:59\nFechado? NÃO\nINTIMAÇÃO LIDA SEM A ABERTURA DO PRAZO\n------------------------\n29/04/2026 \nNúmero: 5030077-94.2018.8.13.0079  \nClasse: [CÍVEL] CUMPRIMENTO DE SENTENÇA \n Órgão julgador: 4ª Vara Cível da Comarca de Contagem \n Última distribuição : 03/10/2018 \n Valor da causa: R$ 39.565,00 \n Assuntos: Inclusão Indevida em Cadastro de Inadimplentes \n Segredo de justiça? NÃO \n Justiça gratuita? SIM \n Pedido de liminar ou antecipação de tutela? NÃO\n \n \nPoder Judiciário do Estado de Minas Gerais\nPJe - Processo Judicial Eletrônico\nPartes Advogados\nJOSE ADAO DOS SANTOS (REQUERENTE)\nPEDRO HENRIQUE DE GOUVEA FERREIRA VIANA E\nDAMASCENO (ADVOGADO)\nMERIVALDO FERREIRA DAMACENA (ADVOGADO)\nTELEMAR NORTE LESTE S/A. - EM RECUPERACAO\nJUDICIAL (REQUERIDO(A))\nEVERALDO LUIS RESTANHO (ADVOGADO)\nDECIO FLAVIO GONCALVES TORRES FREIRE\n(ADVOGADO)\nDocumentos\nId. Data da Assinatura Documento Tipo\n10669334943 28/04/2026 07:14 Decisão IntimaçãoNum. 10669334943 - Pág. 1\nAssinado eletronicamente por: ERICA PASSOS DA SILVA - 28/04/2026 07:14:59https://pje.tjmg.jus.br:443/pje/Processo/ConsultaDocumento/listView.seam?x=26042807145958500010665473462Número do documento: 26042807145958500010665473462\n  PODER JUDICIÁRIO DO ESTADO DE MINAS GERAIS\n Justiça de Primeira Instância\nComarca de Contagem / 4ª Vara Cível da Comarca de Contagem\nAvenida Maria da Glória Rocha, 425, Centro, Contagem - MG - CEP: 32010-375\nPROCESSO Nº: 5030077-94.2018.8.13.0079\nCLASSE: [CÍVEL] CUMPRIMENTO DE SENTENÇA (156)\nASSUNTO: [Inclusão Indevida em Cadastro de Inadimplentes]\nAUTOR: JOSE ADAO DOS SANTOS CPF: 355.625.366-68\nRÉU: TELEMAR NORTE LESTE S/A. - EM RECUPERACAO JUDICIAL CPF:\n33.000.118/0003-30\nDECISÃO\nVistos.\nAnalisando os autos, verifico que o executado apresentou impugnação ao cumprimento de\nsentença (ID 10013756701), contudo, deixou de recolher as custas processuais devidas para o\nprocessamento do incidente, tampouco formulou pedido de concessão dos benefícios da\njustiça gratuita.\n Nos termos do §3º do art. 12 do Provimento Conjunto nº 75/2018, com redação conferida\npelo Provimento nº 126/2023, é exigido o recolhimento prévio das custas no ato da\napresentação da impugnação. Ademais, conforme entendimento firmado pelo STJ no Tema\nRepetitivo nº 675, a ausência de recolhimento das custas no prazo de 30 dias implica o\ncancelamento da distribuição, independentemente de prévia intimação da parte.\nDessa forma,  da impugnação ao cumprimento de sentença, diante DEIXO DE CONHECER\nda ausência de pressuposto de constituição e desenvolvimento válido do incidente.\nAto contínuo,  a parte exequente para requerer o que entender de direito, no INTIME-SE\nprazo de 05 (cinco) dias, sob pena de arquivamento.Num. 10669334943 - Pág. 2\nAssinado eletronicamente por: ERICA PASSOS DA SILVA - 28/04/2026 07:14:59https://pje.tjmg.jus.br:443/pje/Processo/ConsultaDocumento/listView.seam?x=26042807145958500010665473462Número do documento: 26042807145958500010665473462\nSe a parte exequente deixar de tomar providência que lhe caiba para promover o andamento\ndo feito,  o disposto no Provimento nº 301/2015, da Corregedoria de Justiça do CUMPRA-SE\nEstado de Minas Gerais,  os autos com baixa. ARQUIVANDO-SE\nI. C.\nContagem, data da assinatura eletrônica.  \nHERILENE DE OLIVEIRA ANDRADE\nJuiz(íza) de Direito\n 4ª Vara Cível da Comarca de Contagem\n------------------------\nhttps://objectstorage.sa-saopaulo-1.oraclecloud.com/n/grgzajrtoi0u/b/eprotocol/o/intimation%2FDFA%2F20260429%2F5030077-94.2018.8.13.0079%2F31336902%2F2949429586.pdf\n====================================\nDW LAW - Leitura automatizada painel de intimações\nID Intimação: 2949429586\nData da captura: 29/04/26\nALERTA DE INSTRUÇÃO: Nos termos do art. 5º, §1,º da Lei 11.419/2016, o acesso ao conteúdo das intimações processuais no sistema de processo eletrônico efetiva  \na consulta e certifica a ciência da intimação, deflagrando imediatamente o início da contagem do prazo. \nPortanto, É NECESSÁRIA A VERIFICAÇÃO DIRETA PELO USUÁRIO DO PRAZO INICIAL E FINAL para fins de resposta e/ou prática de ato processual pertinente à intimação lida.\n#ID_DW31336902#\n====================================\n                   NaN
2  6001 - INTIMAÇÃO CAPTURADA  DECIO FLAVIO GONCALVES TORRES FREIRE  ADVOGADO  TJMG - PJE - 1ª instância  5018143-08.2022.8.13.0433  28/04/2026 14:13:00  29/04/2026 00:55:16                                 Prazo: sem prazo  28/04/2026 21:05:50  28/04/2026 20:18:20                  NaN  29/04/2026 00:55:16  28/04/2026 00:00:00   Intimação             OI MOVEL S.A. - EM RECUPERACAO JUDICIAL  2949762880       MARCELINY RODRIGUES BORGES X OI MOVEL S.A. - EM RECUPERACAO JUDICIAL                      Montes Claros                                               5ª Vara Cível da Comarca de Montes Claros       Não  https://objectstorage.sa-saopaulo-1.oraclecloud.com/n/grgzajrtoi0u/b/eprotocol/o/intimation%2FDFA%2F20260429%2F5018143-08.2022.8.13.0433%2F31337144%2F2949762880.pdf                  Não     31337144  INTIMAÇÃO CAPTURADA EM: 29/04/2026\n====================================\nNúmero do processo: 5018143-08.2022.8.13.0433\nDisponibilização: 28/04/2026\nPesquisado: DECIO FLAVIO GONCALVES TORRES FREIRE - ADVOGADO\nTribunal/Sistema: TJMG-PJE-1ª instância\nPrazo:  sem prazo\nIntimado: OI MOVEL S.A. - EM RECUPERACAO JUDICIAL\nParte: MARCELINY RODRIGUES BORGES X OI MOVEL S.A. - EM RECUPERACAO JUDICIAL\nVara/Juízo:  5ª Vara Cível da Comarca de Montes Claros - Montes Claros\nTipo : Intimação\n====================================\n------------------------\nIntimação (2949762880)\nDestinatário OI MOVEL S.A. - EM RECUPERACAO JUDICIAL\nPrazo 0 sem prazo\nFechado? NÃO\nINTIMAÇÃO LIDA SEM A ABERTURA DO PRAZO\n------------------------\n29/04/2026 \nNúmero: 5018143-08.2022.8.13.0433  \nClasse: [CÍVEL] PROCEDIMENTO COMUM CÍVEL \n Órgão julgador: 5ª Vara Cível da Comarca de Montes Claros \n Última distribuição : 22/07/2022 \n Valor da causa: R$ 24.240,00 \n Assuntos: Inclusão Indevida em Cadastro de Inadimplentes \n Segredo de justiça? NÃO \n Justiça gratuita? SIM \n Pedido de liminar ou antecipação de tutela? NÃO\n \n \nPoder Judiciário do Estado de Minas Gerais\nPJe - Processo Judicial Eletrônico\nPartes Advogados\nMARCELINY RODRIGUES BORGES (AUTOR)\nADRIANO GORGULHO DE ABREU SILVA (ADVOGADO)\nOI MOVEL S.A. - EM RECUPERACAO JUDICIAL (RÉU/RÉ)\nEVERALDO LUIS RESTANHO (ADVOGADO)\nDECIO FLAVIO GONCALVES TORRES FREIRE\n(ADVOGADO)\nJESSICA GARCIA MESQUITA (ADVOGADO)\nDocumentos\nId. Data da Assinatura Documento Tipo\n10669678688 28/04/2026 14:13 Sentença IntimaçãoNum. 10669678688 - Pág. 1\nAssinado eletronicamente por: SALVIANA SIMOES CANELA DA PAIXAO - 28/04/2026 14:13:14https://pje.tjmg.jus.br:443/pje/Processo/ConsultaDocumento/listView.seam?x=26042814131473400010665817157Número do documento: 26042814131473400010665817157\n     PODER JUDICIÁRIO DO ESTADO DE MINAS GERAIS\nJustiça de Primeira Instância \nComarca de Montes Claros / 5ª Vara Cível da Comarca de Montes Claros\nPraça Doutor Lourenço Pimenta de Figueiredo, 0, Ibituruna, Montes Claros - MG -\nCEP: 39408-030\n  \n \nPROCESSO Nº: 5018143-08.2022.8.13.0433 \nCLASSE: [CÍVEL] PROCEDIMENTO COMUM CÍVEL (7) \nASSUNTO: [Inclusão Indevida em Cadastro de Inadimplentes] \nAUTOR: MARCELINY RODRIGUES BORGES CPF: 067.178.166-94\nRÉU: OI MOVEL S.A. - EM RECUPERACAO JUDICIAL CPF: 05.423.963/0001-11 \n \nSENTENÇA\n        Trata-se de cumprimento de sentença movido por Marceliny Rodrigues Borges em desfavor\nde Oi Móvel S/A – Em Recuperação Judicial, todos qualificados nos autos.\n        Por meio da petição de ID 9798526100, a executada noticiou a decretação da falência, nos\nautos nº 0809863-36.2023.8.19.0001, em trâmite perante a 7ª Vara Empresarial da Comarca da Capital do\nEstado do Rio de Janeiro.\n        À ID 10238874305, foi determinada a expedição de certidão de crédito em favor da parte\nexequente para a devida habilitação.\n        Transcorrido o prazo de suspensão, estabelecido pela Lei nº 11.101/05, a parte exequente foi\nintimada para informar sobre eventual recebimento do crédito junto ao juízo falimentar. Todavia, deixou\ntranscorrer o prazo sem manifestação nos autos.\n        Ante a inércia da parte exequente e expedida a certidão de habilitação do crédito nos autos\ndo juízo universal da falência, implica a perda do objeto do procedimento executivo anterior à decretação\nda falência.Num. 10669678688 - Pág. 2\nAssinado eletronicamente por: SALVIANA SIMOES CANELA DA PAIXAO - 28/04/2026 14:13:14https://pje.tjmg.jus.br:443/pje/Processo/ConsultaDocumento/listView.seam?x=26042814131473400010665817157Número do documento: 26042814131473400010665817157\n        Sobre o ponto, o Eg. TJMG já se pronunciou:\n \nEMENTA: EXECUÇÃO POR QUANTIA CERTA - FALÊNCIA DO EXECUTADO - HABILITAÇÃO DE CRÉDITO -\nSUPERVENIENTE AUSÊNCIA DE INTERESSE PROCESSUAL - EXTINÇÃO DO PROCESSO EXECUTIVO.\n- A superveniente falência do executado, com a conseqüente habilitação do crédito em execução no quadro geral de credores da\nmassa falida, importa na conseqüente perda do objeto da ação executiva, tendo em vista que a exeqüente se encontra sujeita ao\nconcurso de credores perante o juízo universal, circunstância que dá ensejo à extinção da execução por falta de interesse processual,\nnos termos dos artigos 267, inciso VI c/c 598, do Código de Processo Civil. (TJMG - Apelação Cível 1.0035.02.002058-8/001,\nRelator(a): Des.(a) Paulo Balbino , 11ª CÂMARA CÍVEL, julgamento em 25/09/2014, publicação da súmula em 02/10/2014)\n \n        Ante o exposto, JULGO EXTINTO o presente cumprimento de sentença, pela ausência de\ninteresse processual, nos termos do art. 485, VI, do CPC.\n        Custas, acaso existentes, pela Executada.\n        Após o trânsito em julgado, arquivem-se com baixa definitiva.\n        Publique-se. Registre-se. Intime-se. Cumpra-se.\n         \nMontes Claros, data da assinatura eletrônica.  \nEVANDRO CANGUSSU MELO\nJuiz(íza) de Direito\n 5ª Vara Cível da Comarca de Montes Claros\n------------------------\nhttps://objectstorage.sa-saopaulo-1.oraclecloud.com/n/grgzajrtoi0u/b/eprotocol/o/intimation%2FDFA%2F20260429%2F5018143-08.2022.8.13.0433%2F31337144%2F2949762880.pdf\n====================================\nDW LAW - Leitura automatizada painel de intimações\nID Intimação: 2949762880\nData da captura: 29/04/26\nALERTA DE INSTRUÇÃO: Nos termos do art. 5º, §1,º da Lei 11.419/2016, o acesso ao conteúdo das intimações processuais no sistema de processo eletrônico efetiva  \na consulta e certifica a ciência da intimação, deflagrando imediatamente o início da contagem do prazo. \nPortanto, É NECESSÁRIA A VERIFICAÇÃO DIRETA PELO USUÁRIO DO PRAZO INICIAL E FINAL para fins de resposta e/ou prática de ato processual pertinente à intimação lida.\n#ID_DW31337144#\n====================================\n                   NaN
[2026-04-29 17:48:10] [INFO] reader — Coluna CNJ mapeada: 'Processo'
[2026-04-29 17:48:10] [INFO] reader — DW1.xlsx: total de linhas lidas=205 | CNJ preenchido=205 | CNJ vazio=0
[2026-04-29 17:48:11] [INFO] reader — Colunas mapeadas: CNJ='Processo', Data='Disponibilização', Texto='Intimação', Cliente='Advogado', Tribunal/Sistema extraídos por fonte
[2026-04-29 17:48:11] [WARNING] reader — Arquivo não encontrado, pulando: C:\Users\lucas.paim\Desktop\processo_triage\input\DW2.xlsx
[2026-04-29 17:48:11] [INFO] reader — 📂 Lendo fonte: WEBJUR
[2026-04-29 17:48:11] [INFO] reader — Arquivo bruto detectado: C:\Users\lucas.paim\Desktop\processo_triage\input\Webjur1.csv
[2026-04-29 17:48:11] [INFO] reader — Arquivo sanitizado detectado: C:\Users\lucas.paim\Desktop\processo_triage\input\Webjur1_SANITIZADO.csv
[2026-04-29 17:48:11] [INFO] reader — Usando sanitizado no lugar do bruto.
[2026-04-29 17:48:11] [INFO] reader — Lendo: C:\Users\lucas.paim\Desktop\processo_triage\input\Webjur1_SANITIZADO.csv
[2026-04-29 17:48:11] [INFO] reader — Arquivo efetivamente lido para 'Webjur1.csv': Webjur1_SANITIZADO.csv
[2026-04-29 17:48:11] [INFO] reader — CSV 'Webjur1.csv' lido com encoding=cp1252, sep=';', skiprows=0
[2026-04-29 17:48:11] [INFO] reader — Colunas lidas do arquivo 'Webjur1.csv': ['Codigo', 'Número do Processo', 'Data da Publicação', 'Termo Localizado', 'Diário Oficial', 'Página', 'Juizo', 'Publicação', 'targetID']
[2026-04-29 17:48:11] [INFO] reader — Primeiras 3 linhas de 'Webjur1.csv':
       Codigo         Número do Processo Data da Publicação         Termo Localizado         Diário Oficial   Página        Juizo                                                                                                                                                                                                                                                                                                                                                                                                                                                                                                                                                                                                                                                                                                                                                                                                                                                                                                                                                                                                                                                                                                                                                                                                                                                                                                                                                                                                                                                                                                                                                                                                                                                                                                                                                                                                                                                                                                                                                                                                                                                                                                                                                                                                                                                                                                                                                                                                                                                                                                                                                                                                                                                                                                                                                                                                                                                                                                                                                                                                                                                                                                                                                                                                                                                                                                                                                                                                                                                                                                                                                                                                                                                                                                                                                                                                                                                                                                                                                                                                                                                                                                                                                                                                                                                                                                                                                                                                                                                                                                                                                                                                                                                                                                                                                                                                                                                                                                                                                                                                                                                                                                                                                                                                                                                                                                                                                                                                                                                                                                                                                                                                                                                                                                                                                                                                                                                                                                                                                                                                                                                                                                                                                                                                                                                                                                                                                                                                                                                                                                                                                                                                                                                                                                                                                                                                                                                                                                                                                                                                                                                                                                                                                                                                                                                                                                                                                                                                                                                                                                                                                                                                                                                                                                                                                                                                                                                                                                                                                                                                                                                                                                                                                                                                                                                                                                                                                                                                                                                                                                                                                                                                                                                                                                                                                                                                                                                                                                                                                                                                                                                                                                                                                                                                                                                                                                                                                                                                                                                                                                                                                                                                                                                                                                                                                                                                                                                                                                                                                                                                                                                                                                                                                                                                                                                                                                                                                                                                                                                                                                                                                                                                                                                                                                                                                                                                                                                                                                                                                                                                                                                                                                                                                                                                                                                                                                                                                                                                                                                                                                                                                                                                                                                                                                                                                                                                                                                                                                                                                                                                                                                                                                                                                                                                                                                                                                                                                                                                                                                                                                                                                                                                                                                                                                                                                                                                                                                                                                                                                                                                                                                                                                                                                                                                                                                                                                                                                                                                                                                                                                                                                                                                                                                                                                                                                                                                                                                                                                                                                                                                                                                                                                                                                                                                                                                                                                                                                                                                                                                                                                                                                                                                                                                                                                                                                                                                                                                                                                                                                                                                                                                                                                                                                                                                                                                                                                                                                                                                                                                                                                                                                                                                                                                                                                                                                                                                                                                                                                                                                                                                                                                                                                                                                                                                                                                                                                                                                                                                                                                                                                                                                                                                                                                                                                                                                                                                                                                                                                                                                                                                                                                                                                                                                                                                                                                                                                                                                                                                                                                                                                                                                                                                                                                                                                                                                                                                                                                                                                                                                                                                                                                                                                                                                                                                                                                                                                                                                                                                                                                                                                                                                                                                                                                                                                                                                                                                                                                                                                                                                                                                                                                                        Publicação targetID
0  9185212363              01160009/2024         2026-04-28  FUNDACAO GETULIO VARGAS         MUNICIPALIDADE  0000180   RIO BRANCO                                                                                                                                                                                                                                                                                                                                                                                                                                                                                                                                                                                                                                                                                                                                                                                                                                                                                                                                                                                                                                                                                                                                                                                                                                                                                                                                                                                                                                                                                                                                                                                                                                                                                                                                                                                                                                                                                                                                                                                                                                                                                                                                                                                                                                                                                                                                                                                                                                                                                                                                                                                                                                                                                                                                                                                                                                                                                                                                                                                                                                                                                                                                                                                                                                                                                                                                                                                                                                                                                                                                                                                                                                                                                                                                                                                                                                                                                                                                                                                                                                                                                                                                                                                                                                                                                                                                                                                                                                                                                                                                                                                                                                                                                                                                                                                                                                                                                                                                                                                                                                                                                                                                                                                                                                                                                                                                                                                                                                                                                                                                                                                                                                                                                                                                                                                                                                                                                                                                                                                                                                                                                                                                                                                                                                                                                                                                                                                                                                                                                                                                                                                                                                                                                                                                                                                                                                                                                                                                                                                                                                                                                                                                                                                                                                                                                                                                                                                                                                                                                                                                                                                                                                                                                                                                                                                                                                                                                                                                                                                                                                                                                                                                                                                                                                                                                                                                                                                                                                                                                                                                                                                                                                                                                                                                                                                                                                                                                                                                                                                                                                                                                                                                                                                                                                                                                                                                                                                                                                                                                                                                                                                                                                                                                                                                                                                                                                                                                                                                                                                                                                                                                                                                                                                                                                                                                                                                                                                                                                                                                                                                                                                                                                                                                                                                                                                                                                                                                                                                                                                                                                                                                                                                                                                                                                                                                                                                                                                                                                                                                                                                                                                                                                                                                                                                                                                                                                                                                                                                                                                                                                                                                                                                                                                                                                                                                                                                                                                                                                                                                                                                                                                                                                                                                                                                                                                                                                                                                                                                                                                                                                                                                                                                                                                                                                                                                                                                                                                                                                                                                                                                                                                                                                                                                                                                                                                                                                                                                                                                                                                                                                                                                                                                                                                                                                                                                                                                                                                                                                                                                                                                                                                                                                                                                                                                                                                                                                                                                                                                                                                                                                                                                                                                                                                                                                                                                                                                                                                                                                                                                                                                                                                                                                                                                                                                                                                                                                                                                                                                                                                                                                                                                                                                                                                                                                                                                                                                                                                                                                                                                                                                                                                                                                                                       3º TERMO DE APOSTILAMENTO AO CONTRATO Nº 01160009/2024 PROCESSO ADM.: Nº 234 - CPL 01/PMRB CONCORRENCIA ELETRONICA SRP Nº 014/2023/SEINFRA CONTRATADO: EMOT CONSTRUCOES LTDA. OBJETO - Execucao de Servicos de Engenharia (Execucao, Manutencao, Recuperacao e Recomposicao de Pavimentos, Reparos nas Redes de: Drenagem, Agua e Esgoto, assim como de seus dispositivos, execucao e reparos de calcadas, e etc.) - Lote 10, Programa Asfalta Rio Branco. VALOR CONTRATADO R$ 15.130.000,00 (quinze milhoes, cento e trinta mil reais). Aos 23 (vinte e tres) dias do mes de abril de 2026, na sede da SECRETARIA MUNICIPAL DE INFRAESTRUTURA E MOBILIDADE URBANA, na Rua: Rui Barbosa, nº 325, Centro - Rio Branco - Acre. Foi lavrado o presente Termo de Apostilamento ao Contrato nº 01160009/2024, visando a fixacao dos valores contratuais resultantes da aplicacao do indice de reajuste previsto no Contrato ora apostilado, nos termos que se seguem: Com base nas informacoes lancadas nos autos dos Processos RBSEI 0116.005547/2025-56 e 0116.002636/2025-83, Parecer da PGM Nº 2026.02.000467, identificado no preambulo e considerando-se as disposicoes contidas na CLAUSULA QUINTA - DO REAJUSTE Data do orcamento: SINAPI ACRE - 07/2023 e SICRO3 04/2023 do contrato ora apostilado, em conformidade com § 3º do art. 92 da Lei nº 14.133/21 e suas alteracoes, tera direito ao Reajuste de R$ 1.519.498,35 (um milhao, quinhentos e dezenove mil, quatrocentos e noventa e oito reais e trinta e cinco centavos), referente ao 1º e 2° Aniversario do contrato em questao, resultantes da aplicacao do indice de reajuste divulgado pela Fundacao Getulio Vargas (INCC-DI), que apos o Reajuste perfaz um valor contratual de R$ 16.649.418,35 (dezesseis milhoes, seiscentos e quarenta e nove mil, quatrocentos e dezoito reais e trinta e cinco centavos). CLAUSULA SETIMA - EMPENHO E DOTACAO DO VALOR: As despesas ocorrerao por conta do Programa de Trabalho: 01.017.001.15.451.0301.1348.0000 (pavimentacao de Vias Urbanas) e 01.017.001.15.451.0301.2 058.0000 (Melhoria e Manutencao de Vias Urbanas) - Rubrica Orcamentaria: 4.4.90.51.00.00.00 - Obras e Instalacoes, Fonte de Recursos: 1.500. 2º - As demais clausulas permanecem inalteradas. Antonio Cid Rodrigues Ferreira Secretario Municipal de Infraestrutura e Mobilidade Urbana Decreto n° 03/2025 Contratante      NaN
1  9185195578  4002.014022.00045/2026-28         2026-04-28  FUNDACAO GETULIO VARGAS  SECRETARIAS DE ESTADO  0000013         SECC                                                                                                                                                                                                                                                                                                                                                                                                                                                                                                                                                                                                                                                                                                                                                                                                                                                                                                                                                                                                                                                                                                                                                                                                                                                                                                                                                                                                                                                                                                                                                                                                                                                                                                                                                                                                                                                                                                                                                                                                                                                                                                                                                                                                                                                                                                                                                                                                                                                                                                                                                                                                                                                                                                                                                                                                                                                                                                                                                                                                                                                                                                                                                                                                                                                                                                                                                                                                                                                                                                                                                                                                                                                                                                                                                                                                                                                                                                                                                                                                                                                                                                                                                                                                                                                                                                                                                                                                                                                                                                                                                                                                                                                                                                                                                                                                                                                                                                                                                                                                                                                                                                                                                                                                                                                                                                                                                                                                                                                                                                                                                                                                                                                                                                                                                                                                                                                                                                                                                                                                                                                                                                                                                                                                                                                                                                                                                                                                                                                                                                                                                                                                                                                                                                                                                                                                                                                                                                                                                                                                                                                                                                                                                                                                                                                                                                                                                                                                                                                                                                                                                                                                                                                                                                                                                                                                                                                                                                                                                                                                                                                                                                                                                                                                                                                                                                                                                                                                                                                                                                                                                                                                                                                                                                                                                                                                                                                                                                                                                                                                                                                                                                                                                                                                                                                                                                                                                                                                                                                                                                                                                                                                                                                                                                                                                                                                                                                                                                                                                                                                                                                                                                                                                                                                                                                                                                                                                                                                                                                                                                                                                                                                                                                                                                                                                                                                                                                                                                                                                                                                                                                                                                                                                                                                                                                                                                                                                                                                                                                                                                                                                                                                                                                                                                                                                                                                                                                                                                                                                                                                                                                                                                                                                                                                                                                                                                                                                                                                                                                                                                                                                                                                                                                                                                                                                                                                                                                                                                                                                                                                                                                                                                                                                                                                                                                                                                                                                                                                                                                                                                                                                                                                                                                                                                                                                                                                                                                                                                                                                                                                                                                                                                                                                                                                                                                                                                                                                                                                                                                                                                                                                                                                                                                                                                                                                                                                                                                                                                                                                                                                                                                                                                                                                                                                                                                                                                                                                                                                                                                                                                                                                                                                                                                                                                                                                                                                                                                                                                                                                                                                                                                                                                                                                                                                                                                                                                                                                                                                                                                                                                                                                                                                                                                                                                                                                                                                                                                                                                                                                                                                                                                                                                                                                                                                                                                                                                                                                                                                                                                                                                                                                                                                                                                                                                                                                                                                                                                                                         ESTADO DO ACRE CASA CIVIL EXTRATO DO CONTRATO/CC Nº 20/2026 PROCESSO SEI Nº 4002.014022.00045/2026-28 CONTRATO QUE ENTRE SI CELEBRAM O ESTADO DO ACRE, ATRAVES DA SECRETARIA DE ESTADO DA CASA CIVIL - SECC E FUNDACAO GE- TULIO VARGAS. OBJETO: Contratacao, por meio de inexigibilidade de licitacao, de instituicao especializada para a realizacao de estudos tecnicos, juridicos e economico- -financeiros destinados a estruturacao de operacao de securitizacao de credi- tos publicos do Estado do Acre, com vistas ao fortalecimento das capacidades orcamentaria, financeira e administrativa da Administracao Estadual. DO VALOR: R$ 2.500.000,00 (dois milhoes e quinhentos mil reais). DA DOTACAO ORCAMENTARIA: As despesas decorrentes da referida pres- tacao de servicos, estao previstas no orcamento da Secretaria de Estado da Casa Civil - SECC. Programa de Trabalho: 041222286221270000 Elemento de Despesa: 3.3.90.35.00.00 Fontes de Recursos: 15000100 (RP). Rio Branco Acre, 25 de abril de 2026 Jonathan Xavier Donadoni Secretario de Estado-Chefe da Casa Civil CONTRATANTE Carlos Ivan Simonsen Leal Representante Legal FUNDACAO GETULIO VARGAS CONTRATADA      NaN
2  9185203501                    04/2025         2026-04-28                    SEFAZ             AUTARQUIAS  0000079       IEPTEC      ESTADO DO ACRE INSTITUTO ESTADUAL DE EDUCACAO PROFISSIONAL E TECNOLOGICA - IEPTEC GABINETE DO PRESIDENTE PROCESSO SELETIVO SIMPLIFICADO - EDITAL Nº 04/2025 O INSTITUTO ESTADUAL DE EDUCACAO PROFISSIONAL E TECNOLOGICA - IEPTEC, representado pelo Presidente em exercicio, Leonardo Zanforlin Bar- bosa, Decreto Nº13.582-P, no uso de suas atribuicoes legais, torna publico A CONVOCACAO DOS CANDIDATOS APROVADOS NO PROCESSO SELETIVO SIMPLIFICADO DE BOLSISTAS, NA MODALIDADE DE PROFISSIONAL BOLSISTA NAO DOCENTE MENSALISTA, OBJETIVANDO FORMAR BANCO DE CADASTRO RESERVA PARA ATUACAO NA AREA ADMINISTRATIVA DO INSTITUTO DE EDUCACAO PROFISSIONAL E TECNOLOGICA - IEPTEC. RIO BRANCO PROFISSIONAL BOLSISTA NAO DOCENTE MENSALISTA CARGA HORARIA - 40 HORAS PERIODO DE CONTRATACAO: 24 MESES CANDIDATO CLASSIFICACAO NOTA FINAL CODIGO KAWANY DA SILVA NASCIMENTO 35º 82 007- RBAD FRANCISCA NOGUEIRA DE ANDRADE 36º 80 007- RBAD LETICIA DA SILVA BEDELEGUE 37º 78 007- RBAD 2 - LOCAL E DATA PARA ENTREGA DE DOCUMENTACAO E ASSINATURA DO TERMO DE COMPROMISSO: MUNICIPIO LOCAL ENDERECO RIO BRANCO UNIDADE CENTRAL RUA RIACHUELO, Nº 138 - JOSE AUGUSTO DATA: 28, 29 e 30 de abril de 2026, das 08: 00 as 12: 00. 3 - DAS CONDICOES DE HABILITACAO PARA O TERMO DE COMPROMISSO: O convocado devera comparecer munido de 01 (uma) copia e original dos seguintes documentos: a) Diploma ou declaracao, conforme especificado para cada cargo, b) Documento Oficial de Identidade - RG ou outros, c) Cadastro de Pessoa Fisica - CPF, d) Titulo Eleitoral, e) Certidao de quitacao com a Justica Eleitoral e negativa da Justica Federal (Civel e Criminal) e Justica Estadual (Civel e Criminal): Quitacao ou Certidao com a Justica Eleitoral ( www.tre-ac.jus.br/eleitor/certidoes/certidao-quitacao-eleitoral), Certidao Negativa da Justica Federal ( www.trf1.jus.br/Servicos/Certidao/ ), Certidao de Distribuicao - Acao: Civel ( http: //esaj.tjac.jus.br/esaj/portal.do?servico=810000 ), Certidao de Distribuicao - Acao: Criminal ( http: //esaj.tjac.jus.br/esaj/portal.do?servico=810000 ), f) Comprovante de quitacao com as obrigacoes militares (somente para o sexo masculino), g) Comprovante de residencia atual, h) Comprovante de conta de pessoa fisica, em nome do candidato (a conta podera ser de qualquer banco, desde que esteja ativa), i) Comprovante de realizacao de Cadastro de credor junto a Secretaria de Estado da Fazenda (SEFAZ). Os documentos necessarios para este cadastro sao: RG, CPF, PIS/NIT/PASEP, comprovante de conta bancaria ativa e comprovante de endereco atualizado. O candidato que ja possuir cadastro devera apresentar somente comprovante de sua ativacao. Informacoes no site: www.sefaz.ac.gov.br , j) 1 foto 3x4 colorida, k) Documentacao comprobatoria da situacao funcional, Rio Branco, 27 de abril de 2026. Leonardo Zanforlin Barbosa Presidente do IEPTEC em exercicio Decreto Nº 13.582-P ESTADO DO ACRE INSTITUTO ESTADUAL DE EDUCACAO PROFISSIONAL E TECNOLOGICA - IEPTEC GABINETE DO PRESIDENTE PROCESSO SELETIVO SIMPLIFICADO - EDITAL Nº 02/2026 - IEPTEC/SEE O INSTITUTO ESTADUAL DE EDUCACAO PROFISSIONAL E TECNOLOGICA - IEPTEC, representado pelo Presidente em exercicio, Leonardo Zanforlin Barbosa, Decreto Nº 13.582-P, no uso de suas atribuicoes legais, torna publico a HOMOLOGACAO DAS INSCRICOES E CONVOCACAO PARA SORTEIO PUBLICO - CURSOS TECNICOS DO PROGRAMA PROFUNCIONARIO Profuncionario na modalidade de Educacao a Distancia (EaD), conforme disposto neste edital. 1 DA HOMOLOGACAO DAS INSCRICOES 1.1. Ficam homologadas as inscricoes dos candidatos que atenderam aos requisitos estabelecidos no edital de abertura. 1.2. A lista completa de inscritos homologados encontra-se disponivel no site oficial do IEPTEC. CURSO TECNICO EM SECRETARIA ESCOLAR - RIO BRANCO INSCRICAO NOME CLASSIFICADO DESCLASSIFICADO 14042026120044 ADJANANE DHEIME OLIVEIRA SILVA ITEM 2.0 - DO OBJETIVO 14042026120739 ADRIANA BARROSO ELIAS DE SOUSA CLASSIFICADO 14042026121259 ADRIANA BARBOSA ELIAS ITEM 3.2 - INCISO III 14042026125821 ADRIANA RAMALHO DO SACRAMENTO ITEM 2.0 - DO OBJETIVO 14042026131316 ADRIANO SANTOS DA SILVA ITEM 2.0 - DO OBJETIVO 14042026133703 ALEXANDRA SOUZA MELO ITEM 2.0 - DO OBJETIVO 14042026142128 ALZENIRA DE ANDRADE SILVA CLASSIFICADO 14042026144134 AMANDA CECILIA TEIXEIRA DOS SANTOS CLASSIFICADO 14042026145312 ANA MARIA GOMES FERREIRA DA SILVA ITEM 3.2 - INCISO III 14042026151201 ANA MEIRES DE ARAUJO GUERRA CLASSIFICADO 14042026153723 ANA PAULA DO COUTO PINHO CLASSIFICADO 14042026154728 ANA ROBERTA FERREIRA DA SILVA CLASSIFICADO 14042026155655 ANA RUBIA DA COSTA MOURA CLASSIFICADO 14042026160035 ANDREA LIMA DA SILVA INACIO CLASSIFICADO 14042026160454 ANDRESSA PEREIRA DE SALES CLASSIFICADO 14042026160525 ANGELA MARIA LOPES SOUZA GOMES CLASSIFICADO 14042026161518 ANGELICA SOUZA DE ARAUJO ITEM 3.2 - INCISO III 14042026161748 ANGELINA MORAIS DE SOUZA ITEM 3.2 - INCISO III 14042026162433 ANTONIA GLEICE NUNES DA SILVA ITEM 2.0 - DO OBJETIVO 14042026163158 ANTONIA GONZAGA DA SILVA CLASSIFICADO 14042026163652 ANTONIO CESAR DE SOUZA LIMA CLASSIFICADO 14042026171133 ANTONIO GABRIEL GOMES DA SILVA CLASSIFICADO 14042026171244 ANTONIO MICAEL DA SILVA FERREIRA CLASSIFICADO 14042026171716 AYRTON RONALD FIGUEIREDO DE ARAUJO CLASSIFICADO 14042026171929 BRENNDA CRISTINA SANTOS NASCIMENTO CLASSIFICADO 14042026181039 BRUNA CAROLINE FERREIRA DE SOUZA ITEM 2.0 - DO OBJETIVO 14042026181639 BRUNA KATHERIN DA SILVA MONTEIRO ITEM 3.2 - INCISO III 14042026182856 CAMILA GOMES DE SOUZA CLASSIFICADO 14042026182949 CARLOS DA SILVA SARKIS ITEM 3.2 - INCISO III 14042026184905 CARLOS HENRIQUE SANTOS DE OLIVEIRA CLASSIFICADO 14042026193546 CLAUDIA MOURA DA SILVA BATISTA ITEM 2.0 - DO OBJETIVO 14042026194658 CLEICIANE LIMA DE OLIVEIRA ITEM 2.0 - DO OBJETIVO 14042026195230 CLEITON DA ROCHA MOURA CLASSIFICADO 14042026201335 CLEYSON ANDRE RODRIGUES MAIA CLASSIFICADO 14042026204149 CRISTIANE SILVA DE SOUZA CLASSIFICADO 14042026204728 DENICE LIMA DOS SANTOS CLASSIFICADO 14042026211006 DIEMESON ABREU DOS SANTOS ITEM 2.0 - DO OBJETIVO 14042026211034 DIVINA RODRIGUES DE SOUSA LIMA CLASSIFICADO 14042026212555 DOGLAS DA SILVA GONCALVES CLASSIFICADO 14042026213247 DOUGLAS MELO DE JESUS CLASSIFICADO 14042026213652 DOUGLAS UDERSON DA CONCEICAO PIMENTEL CLASSIFICADO 14042026225141 DYANARA DA SILVA LIMA CLASSIFICADO 14042026225823 DYENNE KESSIA LOPES SOUSA CLASSIFICADO 15042026000821 EDEBERCIO GOMES ARAUJO CLASSIFICADO 15042026093916 EDIANGELA GARCIA DA SILVA CLASSIFICADO 15042026094109 EDILAIDE DA SILVA FELISMINO CLASSIFICADO 15042026100804 EDILEIA CARVALHO SALES CLASSIFICADO 15042026103614 EDNES SANTOS DE OLIVEIRA CLASSIFICADO 15042026103831 EDSON MENDES DE SOUZA CLASSIFICADO 15042026104900 EDVILSON SANTOS DA SILVA CLASSIFICADO 15042026110236 ELCIANE REIS DA SILVA ITEM 2.0 - DO OBJETIVO 15042026110501 ELIANE MARIA SOARES ITEM 2.0 - DO OBJETIVO 15042026111329 ELIENE MIRANDA MONTEIRO CLASSIFICADO 15042026112127 ELISANGELA GUIMARAES DE MENEZES CLASSIFICADO 15042026113816 ELIZABETE CORDEIRO DA SILVA CLASSIFICADO 15042026115131 ELZA ROCHA DE MENEZES CLASSIFICADO 15042026120133 EMILY DE OLIVEIRA ARAUJO CLASSIFICADO 15042026120612 EVERTON PAIVA DE OLIVEIRA ITEM 3.2 - INCISO III 15042026121432 EWERLYNE RODRIGUES DE LIMA ITEM 2.0 - DO OBJETIVO 15042026122239 FABIO BRITO GOMES ITEM 2.0 - DO OBJETIVO 15042026122347 FABIULA SANTOS DE SANTANA ITEM 2.0 - DO OBJETIVO 15042026125311 FERNANDA SILVA MOTA CLASSIFICADO 15042026130654 FERNANDO VALE FERREIRA CLASSIFICADO 15042026130830 FRANCEMILDA DE ALMEIDA SANTOS CLASSIFICADO 15042026130939 FRANCILANE DE SOUZA TUESTA CLASSIFICADO 15042026133833 FRANCILENE MAGALHAES DE MENEZES AVILINO CLASSIFICADO 15042026134856 FRANCISCA APARECIDA DA SILVA PAIVA CLASSIFICADO 15042026140825 FRANCISCA CUNHA DE ASSIS SILVA ITEM 2.0 - DO OBJETIVO 15042026145318 FRANCISCA FRANCILENE PEREIRA CARVALHO ITEM 2.0 - DO OBJETIVO 15042026150722 FRANCISCA OLIVEIRA ROCHA ITEM 2.0 - DO OBJETIVO 15042026150903 FRANCISCA ROSANGELA SIMAO DE OLIVEIRA CLASSIFICADO 15042026154757 GABRIEL DA CONCEICAO DA SILVA CLASSIFICADO 15042026155557 GABRIELA COSTA DE SOUZA CLASSIFICADO 15042026155634 GEOVANA REGO SILVA ITEM 2.0 - DO OBJETIVO 15042026162021 GESILDA MESQUITA DO NASCIMENTO TORRES ITEM 2.0 - DO OBJETIVO 15042026162203 GIRLANE DE QUEIROZ NOBRE ITEM 3.2 - INCISO III 15042026163009 GIULA RODRIGUES DE FREITAS ITEM 2.0 - DO OBJETIVO 15042026163021 GLEICE JANE BARROS DE SOUZA ITEM 2.0 - DO OBJETIVO 15042026163626 GLEICIELY FLORENCIO DE ARAUJO CLASSIFICADO 15042026164304 GLEYSON SOUZA DO NASCIMENTO CLASSIFICADO 15042026165313 HALLYSON JHONATHAN DA SILVA BEZERRA ITEM 3.2 - INCISO III 15042026165334 IASMIM CRISTINE NASCIMENTO ARAUJO CLASSIFICADO 15042026170325 IRMA PATRICIA BEZERRA FILGUERA ROCHA CLASSIFICADO 15042026170552 ITALO SARAH GENEROSO CLASSIFICADO 15042026171159 IVANETE DA CONCEICAO SILVA CLASSIFICADO 15042026171508 JACKLINE CARLA DA COSTA SILVA CLASSIFICADO 15042026172244 JACQUELINE DE OLIVEIRA ALVES ITEM 2.0 - DO OBJETIVO 15042026174600 JAELIANA VASCONCELOS DO REGO CLASSIFICADO 15042026175039 JAIR RODRIGUES BRAGA MONTEIRO CLASSIFICADO 15042026185140 JAMARA NASCIMENTO FERREIRA CLASSIFICADO 15042026185917 JANAINA PAULA DE LIMA ITEM 3.2 - INCISO III 15042026191203 JANEIDE DA SILVA MENDES ITEM 2.0 - DO OBJETIVO 15042026191337 JANETE COSTA DA SILVA ITEM 3.2 - INCISO III 15042026194602 JANETE LEONCIO DOS SANTOS OLIVEIRA ITEM 2.0 - DO OBJETIVO 15042026200607 JANIELLE MENDES DANTAS ITEM 3.2 - INCISO III 15042026202826 JANILE DE OLIVEIRA SUSSUARANA ITEM 2.0 - DO OBJETIVO 15042026202848 JANIS QUEIROS DA SILVA CLASSIFICADO 15042026212726 JAQUELINE MENEZES DA CRUZ CLASSIFICADO 15042026213305 JARLISON PIRES RIBEIRO CLASSIFICADO 15042026215732 JEANE MARIA OLIVEIRA VILACO CLASSIFICADO 15042026221416 JERONIMO DE LIMA PAZ CLASSIFICADO 15042026222108 JESSICA MARIA RODRIGUES DA SILVA CLASSIFICADO 15042026222344 JESSICA MARIA SANTOS DA SILVA CLASSIFICADO 15042026225858 JOANESSA CARVALHO DA SILVA CLASSIFICADO 16042026013616 JOAO AUGUSTO MENTEIRO MAIA CLASSIFICADO 16042026080613 JOAO RICARDO DE OLIVEIRA SILVA CLASSIFICADO 16042026091017 JOCELI MOURA DO NASCIMENTO LOUREIRO CLASSIFICADO 16042026094239 JOCIANE SILVA DO NASCIMENTO CLASSIFICADO 16042026102921 JOSE RUBENS GADELHA DE LIMA CLASSIFICADO 16042026103538 JOSEFELIX ALVES DE BRITO CLASSIFICADO 16042026104010 JOSIANE NOGUEIRA DA ROCHA CLASSIFICADO 16042026104257 JULIA COSTA ALENCAR DE OLIVEIRA CLASSIFICADO 16042026112545 JULIANA MARIA CHAVES ARAUJO CLASSIFICADO 16042026113938 JULIANA SOARES DOS SANTOS ITEM 2.0 - DO OBJETIVO 16042026114044 JULIANA SOMBRA AGUIAR CLASSIFICADO 16042026115916 JUSSARA LUSTOSA GAONA CLASSIFICADO 16042026120901 KAMILLY CAVALCANTE SILVA CLASSIFICADO 16042026122540 KAREN SOUZA MELO NUNES CLASSIFICADO 16042026123531 KARINE PAIVA MARTINS ITEM 2.0 - DO OBJETIVO 16042026123534 KELCILENE MARTINS DE SOUZA CLASSIFICADO 16042026123608 KEMYLLY OLIVEIRA LIMA FERREIRA CLASSIFICADO 16042026124644 KEVIN WELLINTON DUARTE CRUZ CLASSIFICADO 16042026130619 LARISSA RODRIGUES SANTOS CLASSIFICADO 16042026133113 LETICIA MENDES DA SILVA CLASSIFICADO 16042026144338 LIVANETE SOARES DA CRUZ ITEM 3.2 - INCISO III 16042026151046 LOUHAN ELIAS MELO ALMEIDA CLASSIFICADO 16042026152331 LUANA LIMA FORTES CLASSIFICADO 16042026152732 LUANA MAIA MACHADO CLASSIFICADO 16042026161306 LUCAS NASCIMENTO DA SILVA CLASSIFICADO 16042026163108 LUCINETE BARROSO DE FREITAS CLASSIFICADO 16042026165701 LUCINETE FRANCISCA MARTINS CLASSIFICADO 16042026165852 LUENA DA SILVA MELO CLASSIFICADO 16042026170326 MACLEAN CORDEIRO DA SILVA ITEM 3.2 - INCISO III 16042026175724 MANUELLA MARIA DA SILVA VALE CLASSIFICADO 16042026181235 MARCIA GONZAGA DA SILVA ITEM 3.2 - INCISO III 16042026183955 MARCIELY GOMES DE SOUZA ITEM 3.2 - INCISO III 16042026185314 MARCIENE MONTEIRO DA SILVA ITEM 3.2 - INCISO III 16042026185439 MARGARIDA MARIA BEZERRA DOS SANTOS CLASSIFICADO 16042026193410 MARIA ANTONIA DA CRUZ ARAUJO ITEM 2.0 - DO OBJETIVO 16042026201551 MARIA CLAUDIA SOARES BARBOSA FEITOSA CLASSIFICADO 16042026211632 MARIA DA CONCEICAO NASCIMENTO DE FARIAS CLASSIFICADO 16042026214536 MARIA DE FATIMA LIMA NASCIMENTO ITEM 2.0 - DO OBJETIVO 16042026214731 MARIA DE FATIMA SOUZA SILVA ITEM 2.0 - DO OBJETIVO 16042026215329 MARIA EDUARDA SOUSA GOMES CLASSIFICADO 16042026215734 MARIA ELISSANDRA ARAUJO DE OLIVEIRA CLASSIFICADO 16042026221019 MARIA ESTELA DA SILVA CASTRO ITEM 3.2 - INCISO III 16042026222906 MARIA GERCIANA SOUZA DE ARAUJO CLASSIFICADO 16042026224002 MARIA JESSICA DA SILVA ROMANO CLASSIFICADO 16042026230443 MARIA JOSE ANDRADE DE SOUSA CLASSIFICADO 17042026002211 MARIA JOSE DE SOUZA ROCHA CLASSIFICADO 17042026111424 MARIA LUZIA TANANTA DOS SANTOS CLASSIFICADO 17042026114132 MARIA RAYANNE DA SILVA LIMA CLASSIFICADO 17042026121521 MARIA RITA FLORENTINA FELISBERTO CLASSIFICADO 17042026123652 MARIA ROSANGELA ARAUJO DA SILVA ITEM 2.0 - DO OBJETIVO 17042026130502 MARIA SILVA DE SOUZA DOS SANTOS ITEM 3.2 - INCISO III 17042026131210 MARIA VANDERLANDIA DE MESQUITA DA SILVA CLASSIFICADO 17042026131252 MARIA VITORIA SOUZA DE MATOS CLASSIFICADO 17042026141424 MARILENE NUNES GOMES CLASSIFICADO 17042026141735 MARLENE DA SILVA RODRIGUES CLASSIFICADO 17042026143526 MARLENE FERNANDES DE OLIVEIRA CLASSIFICADO 17042026151235 MARLEUDE CABRAL MARQUES CLASSIFICADO 17042026153113 MARLUCY ARAUJO DE CARVALHO MAGALHAES ITEM 2.0 - DO OBJETIVO 17042026154130 MARLY DA CRUZ PEREIRA ITEM 2.0 - DO OBJETIVO 17042026154641 MARTA COSTA MENEZES CLASSIFICADO 17042026155709 MATHEUS DA SILVA SIEBRA CLASSIFICADO 17042026155953 MICHEL FELIX DA SILVA CLASSIFICADO 17042026162952 MILENA CAROLINE MARQUES DA SILVA CLASSIFICADO 17042026163214 MILLENI PANDOLFI PINHEIRO CLASSIFICADO 17042026170635 NAIANA SILVA PINHEIRO CLASSIFICADO 17042026170653 NAIARA OSSAMI CAMPOS OLIVEIRA ITEM 2.0 - DO OBJETIVO 17042026171331 NANCY CRISTINA SALVATIERA CRUZ BEZERRA ITEM 2.0 - DO OBJETIVO 17042026173131 NAYARA CRISTINA DE ALMEIDA MAIA CLASSIFICADO 17042026174512 OTENIRES SANTOS DA COSTA CLASSIFICADO 17042026175922 PAOLA GRECIA FELIX MENDES CLASSIFICADO 17042026180119 PATRICIA JOSEFA SANTOS DE SOUZA CLASSIFICADO 17042026183455 PAULO CESAR SILVA ARAUJO CLASSIFICADO 17042026213120 PAULO FERNANDO DA SILVA PESSOA CLASSIFICADO 17042026213325 RAILANDRO DE FREITAS RIBEIRO CLASSIFICADO 17042026213740 RAIMUNDA CARNEIRO DA SILVA CLASSIFICADO 17042026215440 RAIMUNDA NONATA DE DEUS DA SILVA CLASSIFICADO 17042026223132 RAYNA CARVALHO MARTINS ITEM 2.0 - DO OBJETIVO 17042026224731 REGIMEIRE SILVA CLASSIFICADO 17042026231631 REGINELZA BRANCHES DE SOUSA CLASSIFICADO 17042026231814 ROSA MARIA SANTOS DO NASCIMENTO CLASSIFICADO 17042026232848 ROSANA GUILHERME DA SILVA CLASSIFICADO 18042026112527 ROSANGELA DE SOUZA E SOUZA ITEM 3.2 - INCISO III 18042026125117 ROSIANE SILVA DOS SANTOS CLASSIFICADO 18042026130130 SHIRLEY GABRIELE PERES DE LIMA CLASSIFICADO 18042026140623 SILMARA VELOSO ORTEGA CACAU CLASSIFICADO 18042026201009 SILVIA REGINA DE ALBUQUERQUE CLASSIFICADO 18042026214602 SILVIO VICENTE FERREIRA DA SILVA ITEM 2.0 - DO OBJETIVO 19042026151443 SOLANGE SANTOS DA SILVA ITEM 2.0 - DO OBJETIVO 19042026181950 SONIA MARIA NOGUEIRA DA SILVA CLASSIFICADO 20042026162654 STALLIN NAUBERT SILVA DE ARAUJO CLASSIFICADO 20042026165940 SUELI DA SILVA MONTEIRO CLASSIFICADO 20042026203819 SUELY MOURA NASCIMENTO COSTA CLASSIFICADO 20042026205500 TAYSA AURELIANO DA SILVA ITEM 2.0 - DO OBJETIVO 21042026115102 THAINARA LIMA DA SILVA CLASSIFICADO 21042026125455 THAIS VIANA MAIA ITEM 2.0 - DO OBJETIVO 21042026203849 THARLA RAMONIELLEN DE LIMA SILVA ITEM 3.2 - INCISO III 21042026224227 TIAGO BARDALES BARROSO CLASSIFICADO 22042026001446 TYAGO DA SILVA MOREIRA CLASSIFICADO 22042026111318 UEVERSON MOTA FERREIRA CLASSIFICADO 22042026111528 VALERIA MARIA SILVA DO NASCIMENTO CLASSIFICADO 22042026123046 VANESSA AMORIM DA SILVA CLASSIFICADO 22042026124601 VANESSA MADEIRO DA COSTA CLASSIFICADO 22042026140614 VERONICA DOMINGUES DOS SANTOS ITEM 3.2 - INCISO III 22042026141440 VIVIANA DA PENHA SILVA ITEM 3.2 - INCISO III 22042026165406 VIVIANE GONCALVES DE OLIVEIRA BAIMA CLASSIFICADO 22042026171628 VIVIANE ROQUE DOS SANTOS CLASSIFICADO 22042026182931 WALLACE NASCIMENTO AQUINO CLASSIFICADO 22042026192650 WANDSON FIALES MATIAS ITEM 2.0 - DO OBJETIVO 22042026201331 WEMERSON DOS SANTOS DIAS CLASSIFICADO 22042026202159 WENDERSON ALVES DE SOUZA CLASSIFICADO 22042026211800 WILLAN DA SILVA CARVALHO ITEM 3.2 - INCISO III 2. DO SORTEIO PUBLICO 2.1. O preenchimento das vagas sera realizado por meio de sorteio publico, garantindo transparencia e isonomia no processo seletivo. 2.2. O sorteio ocorrera conforme as informacoes abaixo: Data: 29/04/2026 Horario: 8h Local: Estudio 3 da CEMEAC (Nova Avenida Ceara, nº 1207 - Jardim Primavera. Transmissao: Youtube 2.3. Todos os candidatos com inscricoes homologadas estao automaticamente aptos a participar do sorteio. 3. DOS CURSOS COM NUMERO DE INSCRITOS EQUIVALENTE AO NUMERO DE VAGAS 3.1. Informa-se que os cursos abaixo relacionados tiveram numero de inscritos igual ao quantitativo de vagas ofertadas, nao sendo necessaria a realizacao de sorteio publico: Curso Tecnico em Multimeios Didaticos - Rio Branco, Curso Tecnico em Alimentacao Escolar - Rio Branco, Curso Tecnico em Infraestrutura Escolar, - Cruzeiro do Sul Curso Tecnico em Alimentacao Escolar - Cruzeiro do Sul. 3.2. Para esses cursos, todos os candidatos com inscricoes homologadas estao automaticamente classificados, devendo aguardar a convocacao para matricula. 4. DOS CRITERIOS DO SORTEIO 4.1. O sorteio sera realizado por curso, respeitando o numero de vagas disponiveis. 4.2. Serao sorteados candidatos titulares e suplentes, para preenchimento de eventuais vagas remanescentes. 4.3. O resultado do sorteio sera divulgado oficialmente nos canais institucionais do IEPTEC. 5. DA MATRICULA 5.1. Os candidatos classificados deverao realizar matricula no periodo a ser divulgado posteriormente. 5.2. O nao comparecimento no prazo estipulado implicara na perda da vaga, sendo convocado o candidato suplente. 6. DAS DISPOSICOES FINAIS 6.1. E de inteira responsabilidade do candidato acompanhar as publicacoes oficiais referentes a este processo. 6.2. Os casos omissos serao resolvidos pelo IEPTEC/SEE. Rio Branco - Acre, 27 de abril de 2026 Leonardo Zanforlin Barbosa Presidente do Instituto de Educacao Profissional e Tecnologica - IEPTEC, em Exercicio DECRETO Nº 13.582-P/2026      NaN
[2026-04-29 17:48:11] [INFO] reader — Coluna CNJ mapeada: 'Número do Processo'
C:\Users\lucas.paim\Desktop\processo_triage\reader.py:103: UserWarning: Parsing dates in %Y-%m-%d format when dayfirst=True was specified. Pass `dayfirst=False` or specify a format to silence this warning.
  d = pd.to_datetime(val, errors="coerce", dayfirst=True)
[2026-04-29 17:48:12] [INFO] reader — Webjur1.csv: total de linhas lidas=7620 | CNJ preenchido=7599 | CNJ vazio=21
[2026-04-29 17:48:12] [WARNING] reader — Webjur1.csv: exemplos de linhas com CNJ vazio: [{'Codigo': '9190293057', 'Número do Processo': '', 'Data da Publicação': '2026-04-30', 'Termo Localizado': 'MINISTERIO PUBLICO FEDERAL', 'Diário Oficial': '', 'Página': '33', 'Juizo': ' ', 'Publicação': '    Publicação eletrônica em formato de documento digitalizado br URL da imagem: http://www.webjur.com.br/ImagemPublicacao/?cdjornaloriginal=13&dtpublicacao=20260430&cdsequencial=9190293057&html=1 br  br [[ MINISTERIO PUBLICO FEDERAL ]] [[ MINISTERIO PUBLICO FEDERAL ]]   BR  font face=verdana size=1 color=black Link Imagem:   /font  font face=verdana size=2 color=black  A HREF= http://webjur.com.br/ImagemPublicacao/?cdjornaloriginal=13&dtpublicacao=20260429&html=1&cdsequencial=9190293057  Target=_Blank Está publicação está em forma de imagem. Clique aqui para vê-la. /A   font color=White size=1px http://webjur.com.br/ImagemPublicacao/?cdjornaloriginal=13&dtpublicacao=20260429&html=1&cdsequencial=9190293057 /font ', 'targetID': ''}, {'Codigo': '9190290008', 'Número do Processo': '', 'Data da Publicação': '2026-04-30', 'Termo Localizado': 'MINISTERIO PUBLICO', 'Diário Oficial': '', 'Página': '17', 'Juizo': ' ', 'Publicação': '    Publicação eletrônica em formato de documento digitalizado br URL da imagem: http://www.webjur.com.br/ImagemPublicacao/?cdjornaloriginal=13&dtpublicacao=20260430&cdsequencial=9190290008&html=1 br  br [[ MINISTERIO PUBLICO ]] [[ MINISTERIO PUBLICO ]] [[ MINISTERIO PUBLICO ]] [[ MINISTERIO PUBLICO ]]   BR  font face=verdana size=1 color=black Link Imagem:   /font  font face=verdana size=2 color=black  A HREF= http://www.webjur.com.br/ImagemPublicacao/?cdjornaloriginal=13&dtpublicacao=20260429&html=1&cdsequencial=9190290008  Target=_Blank Está publicação está em forma de imagem. Clique aqui para vê-la. /A   font color=White size=1px http://www.webjur.com.br/ImagemPublicacao/?cdjornaloriginal=13&dtpublicacao=20260429&html=1&cdsequencial=9190290008 /font ', 'targetID': ''}, {'Codigo': '9190296869', 'Número do Processo': '', 'Data da Publicação': '2026-04-30', 'Termo Localizado': 'MINISTERIO PUBLICO FEDERAL', 'Diário Oficial': '', 'Página': '138', 'Juizo': ' ', 'Publicação': '    Publicação eletrônica em formato de documento digitalizado br URL da imagem: http://www.webjur.com.br/ImagemPublicacao/?cdjornaloriginal=13&dtpublicacao=20260430&cdsequencial=9190296869&html=1 br  br [[ MINISTERIO PUBLICO FEDERAL ]] [[ MINISTERIO PUBLICO FEDERAL ]]   BR  font face=verdana size=1 color=black Link Imagem:   /font  font face=verdana size=2 color=black  A HREF= http://webjur.com.br/ImagemPublicacao/?cdjornaloriginal=13&dtpublicacao=20260429&html=1&cdsequencial=9190296869  Target=_Blank Está publicação está em forma de imagem. Clique aqui para vê-la. /A   font color=White size=1px http://webjur.com.br/ImagemPublicacao/?cdjornaloriginal=13&dtpublicacao=20260429&html=1&cdsequencial=9190296869 /font ', 'targetID': ''}, {'Codigo': '9190295520', 'Número do Processo': '', 'Data da Publicação': '2026-04-30', 'Termo Localizado': 'MINISTERIO PUBLICO', 'Diário Oficial': '', 'Página': '121', 'Juizo': ' ', 'Publicação': '    Publicação eletrônica em formato de documento digitalizado br URL da imagem: http://www.webjur.com.br/ImagemPublicacao/?cdjornaloriginal=13&dtpublicacao=20260430&cdsequencial=9190295520&html=1 br  br [[ MINISTERIO PUBLICO ]] [[ MINISTERIO PUBLICO ]] [[ MINISTERIO PUBLICO ]] [[ MINISTERIO PUBLICO ]]   BR  font face=verdana size=1 color=black Link Imagem:   /font  font face=verdana size=2 color=black  A HREF= http://www.webjur.com.br/ImagemPublicacao/?cdjornaloriginal=13&dtpublicacao=20260429&html=1&cdsequencial=9190295520  Target=_Blank Está publicação está em forma de imagem. Clique aqui para vê-la. /A   font color=White size=1px http://www.webjur.com.br/ImagemPublicacao/?cdjornaloriginal=13&dtpublicacao=20260429&html=1&cdsequencial=9190295520 /font ', 'targetID': ''}, {'Codigo': '9190296653', 'Número do Processo': '', 'Data da Publicação': '2026-04-30', 'Termo Localizado': 'MINISTERIO PUBLICO', 'Diário Oficial': '', 'Página': '137', 'Juizo': ' ', 'Publicação': '    Publicação eletrônica em formato de documento digitalizado br URL da imagem: http://www.webjur.com.br/ImagemPublicacao/?cdjornaloriginal=13&dtpublicacao=20260430&cdsequencial=9190296653&html=1 br  br [[ MARCOS V SANTOS ]] [[ MINISTERIO PUBLICO ]] [[ MINISTERIO PUBLICO ]] [[ MINISTERIO PUBLICO ]] [[ MINISTERIO PUBLICO ]]   BR  font face=verdana size=1 color=black Link Imagem:   /font  font face=verdana size=2 color=black  A HREF= http://www.webjur.com.br/ImagemPublicacao/?cdjornaloriginal=13&dtpublicacao=20260429&html=1&cdsequencial=9190296653  Target=_Blank Está publicação está em forma de imagem. Clique aqui para vê-la. /A   font color=White size=1px http://www.webjur.com.br/ImagemPublicacao/?cdjornaloriginal=13&dtpublicacao=20260429&html=1&cdsequencial=9190296653 /font ', 'targetID': ''}]
C:\Users\lucas.paim\Desktop\processo_triage\reader.py:85: UserWarning: Parsing dates in %Y-%m-%d format when dayfirst=True was specified. Pass `dayfirst=False` or specify a format to silence this warning.
  pd_timestamp = pd.to_datetime(val, errors="coerce", dayfirst=True)
[2026-04-29 17:48:14] [INFO] reader — Colunas mapeadas: CNJ='Número do Processo', Data='Data da Publicação', Texto='Publicação', Cliente='Termo Localizado', Tribunal/Sistema extraídos por fonte
[2026-04-29 17:48:14] [INFO] reader — Sanitizado não encontrado; usando bruto: C:\Users\lucas.paim\Desktop\processo_triage\input\Webjur2.csv
[2026-04-29 17:48:14] [WARNING] reader — Arquivo não encontrado, pulando: C:\Users\lucas.paim\Desktop\processo_triage\input\Webjur2.csv
[2026-04-29 17:48:14] [INFO] reader — 📂 Lendo fonte: MODO_LEGALONE_INTIMACOES
[2026-04-29 17:48:14] [WARNING] reader — Arquivo não encontrado, pulando: C:\Users\lucas.paim\Desktop\processo_triage\input\ModoLegalOneIntimacoes1.xlsx
[2026-04-29 17:48:14] [WARNING] reader — Arquivo não encontrado, pulando: C:\Users\lucas.paim\Desktop\processo_triage\input\ModoLegalOneIntimacoes2.xlsx
[2026-04-29 17:48:14] [WARNING] reader — Nenhum arquivo encontrado para esta fonte.
[2026-04-29 17:48:14] [INFO] reader — read_all_external: antes do filtro CNJ vazio=7825 | com CNJ=7804 | sem CNJ=21
[2026-04-29 17:48:14] [WARNING] reader — read_all_external: exemplos sem CNJ: [{'cnj': '', '_data': '2026-04-30', '_texto': '    Publicação eletrônica em formato de documento digitalizado br URL da imagem: http://www.webjur.com.br/ImagemPublicacao/?cdjornaloriginal=13&dtpublicacao=20260430&cdsequencial=9190293057&html=1 br  br [[ MINISTERIO PUBLICO FEDERAL ]] [[ MINISTERIO PUBLICO FEDERAL ]]   BR  font face=verdana size=1 color=black Link Imagem:   /font  font face=verdana size=2 color=black  A HREF= http://webjur.com.br/ImagemPublicacao/?cdjornaloriginal=13&dtpublicacao=20260429&html=1&cdsequencial=9190293057  Target=_Blank Está publicação está em forma de imagem. Clique aqui para vê-la. /A   font color=White size=1px http://webjur.com.br/ImagemPublicacao/?cdjornaloriginal=13&dtpublicacao=20260429&html=1&cdsequencial=9190293057 /font ', '_cliente': 'MINISTERIO PUBLICO FEDERAL', '_tribunal': '', '_sistema': 'DJEN', '_origem_arquivo': 'Webjur1_SANITIZADO.csv', '_fonte': 'webjur'}, {'cnj': '', '_data': '2026-04-30', '_texto': '    Publicação eletrônica em formato de documento digitalizado br URL da imagem: http://www.webjur.com.br/ImagemPublicacao/?cdjornaloriginal=13&dtpublicacao=20260430&cdsequencial=9190290008&html=1 br  br [[ MINISTERIO PUBLICO ]] [[ MINISTERIO PUBLICO ]] [[ MINISTERIO PUBLICO ]] [[ MINISTERIO PUBLICO ]]   BR  font face=verdana size=1 color=black Link Imagem:   /font  font face=verdana size=2 color=black  A HREF= http://www.webjur.com.br/ImagemPublicacao/?cdjornaloriginal=13&dtpublicacao=20260429&html=1&cdsequencial=9190290008  Target=_Blank Está publicação está em forma de imagem. Clique aqui para vê-la. /A   font color=White size=1px http://www.webjur.com.br/ImagemPublicacao/?cdjornaloriginal=13&dtpublicacao=20260429&html=1&cdsequencial=9190290008 /font ', '_cliente': 'MINISTERIO PUBLICO', '_tribunal': '', '_sistema': 'DJEN', '_origem_arquivo': 'Webjur1_SANITIZADO.csv', '_fonte': 'webjur'}, {'cnj': '', '_data': '2026-04-30', '_texto': '    Publicação eletrônica em formato de documento digitalizado br URL da imagem: http://www.webjur.com.br/ImagemPublicacao/?cdjornaloriginal=13&dtpublicacao=20260430&cdsequencial=9190296869&html=1 br  br [[ MINISTERIO PUBLICO FEDERAL ]] [[ MINISTERIO PUBLICO FEDERAL ]]   BR  font face=verdana size=1 color=black Link Imagem:   /font  font face=verdana size=2 color=black  A HREF= http://webjur.com.br/ImagemPublicacao/?cdjornaloriginal=13&dtpublicacao=20260429&html=1&cdsequencial=9190296869  Target=_Blank Está publicação está em forma de imagem. Clique aqui para vê-la. /A   font color=White size=1px http://webjur.com.br/ImagemPublicacao/?cdjornaloriginal=13&dtpublicacao=20260429&html=1&cdsequencial=9190296869 /font ', '_cliente': 'MINISTERIO PUBLICO FEDERAL', '_tribunal': '', '_sistema': 'DJEN', '_origem_arquivo': 'Webjur1_SANITIZADO.csv', '_fonte': 'webjur'}, {'cnj': '', '_data': '2026-04-30', '_texto': '    Publicação eletrônica em formato de documento digitalizado br URL da imagem: http://www.webjur.com.br/ImagemPublicacao/?cdjornaloriginal=13&dtpublicacao=20260430&cdsequencial=9190295520&html=1 br  br [[ MINISTERIO PUBLICO ]] [[ MINISTERIO PUBLICO ]] [[ MINISTERIO PUBLICO ]] [[ MINISTERIO PUBLICO ]]   BR  font face=verdana size=1 color=black Link Imagem:   /font  font face=verdana size=2 color=black  A HREF= http://www.webjur.com.br/ImagemPublicacao/?cdjornaloriginal=13&dtpublicacao=20260429&html=1&cdsequencial=9190295520  Target=_Blank Está publicação está em forma de imagem. Clique aqui para vê-la. /A   font color=White size=1px http://www.webjur.com.br/ImagemPublicacao/?cdjornaloriginal=13&dtpublicacao=20260429&html=1&cdsequencial=9190295520 /font ', '_cliente': 'MINISTERIO PUBLICO', '_tribunal': '', '_sistema': 'DJEN', '_origem_arquivo': 'Webjur1_SANITIZADO.csv', '_fonte': 'webjur'}, {'cnj': '', '_data': '2026-04-30', '_texto': '    Publicação eletrônica em formato de documento digitalizado br URL da imagem: http://www.webjur.com.br/ImagemPublicacao/?cdjornaloriginal=13&dtpublicacao=20260430&cdsequencial=9190296653&html=1 br  br [[ MARCOS V SANTOS ]] [[ MINISTERIO PUBLICO ]] [[ MINISTERIO PUBLICO ]] [[ MINISTERIO PUBLICO ]] [[ MINISTERIO PUBLICO ]]   BR  font face=verdana size=1 color=black Link Imagem:   /font  font face=verdana size=2 color=black  A HREF= http://www.webjur.com.br/ImagemPublicacao/?cdjornaloriginal=13&dtpublicacao=20260429&html=1&cdsequencial=9190296653  Target=_Blank Está publicação está em forma de imagem. Clique aqui para vê-la. /A   font color=White size=1px http://www.webjur.com.br/ImagemPublicacao/?cdjornaloriginal=13&dtpublicacao=20260429&html=1&cdsequencial=9190296653 /font ', '_cliente': 'MINISTERIO PUBLICO', '_tribunal': '', '_sistema': 'DJEN', '_origem_arquivo': 'Webjur1_SANITIZADO.csv', '_fonte': 'webjur'}]
[2026-04-29 17:48:14] [WARNING] reader — Removidas 21 linhas com CNJ vazio das bases externas.
[2026-04-29 17:48:14] [INFO] matcher — Bases externas: 7804 linhas lidas (antes de dedup)
[2026-04-29 17:48:15] [INFO] matcher — Duplicatas removidas: 1783
   🔍 Matching:   0%|          | 0/6021 [00:00<?, ?it/s]
   🔍 Matching: 100%|██████████| 6021/6021 [00:00<00:00, 94420.53it/s]
[2026-04-29 17:48:15] [INFO] matcher — Matching: 5442 SEM MATCH, 579 COM MATCH
[2026-04-29 17:48:15] [INFO] matcher — 
[2026-04-29 17:48:15] [INFO] matcher — ============================================================
[2026-04-29 17:48:15] [INFO] matcher — RESULTADOS DO MATCHING
[2026-04-29 17:48:15] [INFO] matcher — ============================================================
[2026-04-29 17:48:15] [INFO] matcher —    Total processado: 6021
[2026-04-29 17:48:15] [INFO] matcher —    Trabalhista sem match: 776 (12.9%)
[2026-04-29 17:48:15] [INFO] matcher —    Civel sem match: 4666 (77.5%)
[2026-04-29 17:48:15] [INFO] matcher —    COM MATCH: 579 (9.6%)
[2026-04-29 17:48:15] [INFO] matcher — 📋 INICIANDO CLASSIFICAÇÃO TRABALHISTA
[2026-04-29 17:48:15] [INFO] matcher — ✅ Exportado BRUTO: sem_match_trab_bruto_20260429_174738.xlsx (776 registros)
[2026-04-29 17:48:18] [INFO] matcher — ✅ Classificação TRABALHISTA concluída
[2026-04-29 17:48:18] [INFO] matcher — 
============================================================
[2026-04-29 17:48:18] [INFO] matcher — 📊 ESTATÍSTICAS — TRABALHISTA
[2026-04-29 17:48:18] [INFO] matcher — ============================================================
[2026-04-29 17:48:18] [INFO] matcher —    Total de registros: 776
[2026-04-29 17:48:18] [INFO] matcher — 
   Classificação por categoria:
[2026-04-29 17:48:18] [INFO] matcher —       • Ação Trabalhista: 371 (47.8%)
[2026-04-29 17:48:18] [INFO] matcher —       • Ação de Cumprimento: 207 (26.7%)
[2026-04-29 17:48:18] [INFO] matcher —       • Recurso Ordinário: 100 (12.9%)
[2026-04-29 17:48:18] [INFO] matcher —       • Embargos de Declaração: 53 (6.8%)
[2026-04-29 17:48:18] [INFO] matcher —       • Agravo de Instrumento: 23 (3.0%)
[2026-04-29 17:48:18] [INFO] matcher —       • Agravo de Petição: 12 (1.5%)
[2026-04-29 17:48:18] [INFO] matcher —       • Décio Freire: 6 (0.8%)
[2026-04-29 17:48:18] [INFO] matcher —       • Recurso de Revista: 2 (0.3%)
[2026-04-29 17:48:18] [INFO] matcher —       • Recurso Extraordinário: 1 (0.1%)
[2026-04-29 17:48:18] [INFO] matcher —       • Mandado de Segurança: 1 (0.1%)
[2026-04-29 17:48:18] [INFO] matcher — ✅ Exportado: sem_match_trab_prioridade_20260429_174738.xlsx (6 registros)
[2026-04-29 17:48:18] [INFO] matcher — ✅ Exportado: agravo_de_instrumento_20260429_174738.xlsx (23 registros)
[2026-04-29 17:48:18] [INFO] matcher — ✅ Exportado: agravo_de_peticao_20260429_174738.xlsx (12 registros)
[2026-04-29 17:48:18] [INFO] matcher — ✅ Exportado: acao_trabalhista_20260429_174738.xlsx (371 registros)
[2026-04-29 17:48:18] [INFO] matcher — ✅ Exportado: acao_de_cumprimento_20260429_174738.xlsx (207 registros)
[2026-04-29 17:48:18] [INFO] matcher — ✅ Exportado: embargos_de_declaracao_20260429_174738.xlsx (53 registros)
[2026-04-29 17:48:18] [INFO] matcher — ✅ Exportado: mandado_de_seguranca_20260429_174738.xlsx (1 registros)
[2026-04-29 17:48:18] [INFO] matcher — ✅ Exportado: recurso_extraordinario_20260429_174738.xlsx (1 registros)
[2026-04-29 17:48:18] [INFO] matcher — ✅ Exportado: recurso_ordinario_20260429_174738.xlsx (100 registros)
[2026-04-29 17:48:19] [INFO] matcher — ✅ Exportado: recurso_de_revista_20260429_174738.xlsx (2 registros)
[2026-04-29 17:48:19] [INFO] matcher — ✅ Exportado: sem_match_trab_todos_classificados_20260429_174738.xlsx (776 registros)
[2026-04-29 17:48:35] [INFO] matcher — ✅ Classificação CÍVEL concluída
[2026-04-29 17:48:35] [INFO] matcher — 
============================================================
[2026-04-29 17:48:35] [INFO] matcher — 📊 ESTATÍSTICAS — CÍVEL
[2026-04-29 17:48:35] [INFO] matcher — ============================================================
[2026-04-29 17:48:35] [INFO] matcher —    Total de registros: 4666
[2026-04-29 17:48:35] [INFO] matcher — 
   Classificação por categoria:
[2026-04-29 17:48:35] [INFO] matcher —       • nan: 1592 (34.1%)
[2026-04-29 17:48:35] [INFO] matcher —       • EXCLUIDO: 658 (14.1%)
[2026-04-29 17:48:35] [INFO] matcher —       • IAC: 507 (10.9%)
[2026-04-29 17:48:35] [INFO] matcher —       • Cumprimento de Sentença: 469 (10.1%)
[2026-04-29 17:48:35] [INFO] matcher —       • Agravo de Instrumento: 254 (5.4%)
[2026-04-29 17:48:35] [INFO] matcher —       • Embargos de Declaração: 218 (4.7%)
[2026-04-29 17:48:35] [INFO] matcher —       • Recursos: 195 (4.2%)
[2026-04-29 17:48:35] [INFO] matcher —       • Recurso Inominado: 126 (2.7%)
[2026-04-29 17:48:35] [INFO] matcher —       • Agravo Interno: 118 (2.5%)
[2026-04-29 17:48:35] [INFO] matcher —       • Recurso Especial: 63 (1.4%)
[2026-04-29 17:48:35] [INFO] matcher —       • Tutela Provisória: 62 (1.3%)
[2026-04-29 17:48:35] [INFO] matcher —       • Assistência: 62 (1.3%)
[2026-04-29 17:48:35] [INFO] matcher —       • Impedimento/Suspeição do Juiz: 58 (1.2%)
[2026-04-29 17:48:35] [INFO] matcher —       • Mandado de Segurança Cível: 46 (1.0%)
[2026-04-29 17:48:35] [INFO] matcher —       • Embargos à Execução: 35 (0.8%)
[2026-04-29 17:48:35] [INFO] matcher —       • Agravo Regimental: 33 (0.7%)
[2026-04-29 17:48:35] [INFO] matcher —       • Carta Precatória Cível: 31 (0.7%)
[2026-04-29 17:48:35] [INFO] matcher —       • Coisa Julgada: 25 (0.5%)
[2026-04-29 17:48:35] [INFO] matcher —       • Recurso Extraordinário: 20 (0.4%)
[2026-04-29 17:48:35] [INFO] matcher —       • Embargos: 14 (0.3%)
[2026-04-29 17:48:35] [INFO] matcher —       • Oposição: 10 (0.2%)
[2026-04-29 17:48:35] [INFO] matcher —       • Incidente de Arbitramento: 9 (0.2%)
[2026-04-29 17:48:35] [INFO] matcher —       • RPV: 8 (0.2%)
[2026-04-29 17:48:35] [INFO] matcher —       • Conflito de Competência: 6 (0.1%)
[2026-04-29 17:48:35] [INFO] matcher —       • Embargos de Divergência: 5 (0.1%)
[2026-04-29 17:48:35] [INFO] matcher —       • Impugnação ao Valor da Causa: 5 (0.1%)
[2026-04-29 17:48:35] [INFO] matcher —       • Arresto ou Sequestro: 4 (0.1%)
[2026-04-29 17:48:35] [INFO] matcher —       • Pré-executividade: 4 (0.1%)
[2026-04-29 17:48:35] [INFO] matcher —       • Liquidação de Sentença: 4 (0.1%)
[2026-04-29 17:48:35] [INFO] matcher —       • Produção Antecipada de Provas: 4 (0.1%)
[2026-04-29 17:48:35] [INFO] matcher —       • IRDR: 4 (0.1%)
[2026-04-29 17:48:35] [INFO] matcher —       • Litispendência: 3 (0.1%)
[2026-04-29 17:48:35] [INFO] matcher —       • Arguição de Inconstitucionalidade: 3 (0.1%)
[2026-04-29 17:48:35] [INFO] matcher —       • Desconsideração da Personalidade Jurídica: 3 (0.1%)
[2026-04-29 17:48:35] [INFO] matcher —       • Recurso Adesivo: 3 (0.1%)
[2026-04-29 17:48:35] [INFO] matcher —       • Tutela Cautelar Antecedente: 2 (0.0%)
[2026-04-29 17:48:35] [INFO] matcher —       • Exibição de Documento ou Coisa: 1 (0.0%)
[2026-04-29 17:48:35] [INFO] matcher —       • Uniformização de Jurisprudência: 1 (0.0%)
[2026-04-29 17:48:35] [INFO] matcher —       • Intervenção de Terceiros: 1 (0.0%)
[2026-04-29 17:48:35] [WARNING] matcher — 
   ⚠️  1592 registros SEM CATEGORIA (34.1%)
[2026-04-29 17:48:35] [INFO] matcher — 
============================================================
[2026-04-29 17:48:35] [INFO] matcher — 📈 DISTRIBUIÇÃO DE CONFIANÇA
[2026-04-29 17:48:35] [INFO] matcher — ============================================================
[2026-04-29 17:48:35] [INFO] matcher —    [  0- 20]:   1592 ( 34.1%)
[2026-04-29 17:48:35] [INFO] matcher —    [ 20- 40]:      0 (  0.0%)
[2026-04-29 17:48:35] [INFO] matcher —    [ 40- 60]:      0 (  0.0%)
[2026-04-29 17:48:35] [INFO] matcher —    [ 60- 80]:     15 (  0.3%)
[2026-04-29 17:48:35] [INFO] matcher —    [ 80-100]:    957 ( 20.5%)
[2026-04-29 17:48:35] [INFO] matcher —    [ 90-100]:   2913 ( 62.4%)
[2026-04-29 17:48:35] [INFO] matcher —    [100-100]:   2102 ( 45.0%)
[2026-04-29 17:48:37] [INFO] matcher — ✅ Exportado: sem_match_civel_20260429_174738.xlsx (4666 registros)
[2026-04-29 17:48:39] [INFO] matcher — ✅ Exportado: sem_match_civel_prioridade_20260429_174738.xlsx (3651 registros prioritários)
[2026-04-29 17:48:39] [INFO] matcher — ✅ Exportado: agravo_interno_20260429_174738.xlsx (118 registros)
[2026-04-29 17:48:39] [INFO] matcher — ✅ Exportado: agravo_regimental_20260429_174738.xlsx (33 registros)
[2026-04-29 17:48:39] [INFO] matcher — ✅ Exportado: agravo_de_instrumento_20260429_174738.xlsx (254 registros)
[2026-04-29 17:48:40] [INFO] matcher — ✅ Exportado: arguicao_de_inconstitucionalidade_20260429_174738.xlsx (3 registros)
[2026-04-29 17:48:40] [INFO] matcher — ✅ Exportado: arresto_ou_sequestro_20260429_174738.xlsx (4 registros)
[2026-04-29 17:48:40] [INFO] matcher — ✅ Exportado: assistência_20260429_174738.xlsx (62 registros)
[2026-04-29 17:48:40] [INFO] matcher — ✅ Exportado: carta_precatoria_civel_20260429_174738.xlsx (31 registros)
[2026-04-29 17:48:40] [INFO] matcher — ✅ Exportado: coisa_julgada_20260429_174738.xlsx (25 registros)
[2026-04-29 17:48:40] [INFO] matcher — ✅ Exportado: conflito_de_competência_20260429_174738.xlsx (6 registros)
[2026-04-29 17:48:40] [INFO] matcher — ✅ Exportado: cumprimento_de_sentenca_20260429_174738.xlsx (469 registros)
[2026-04-29 17:48:40] [INFO] matcher — ✅ Exportado: desconsideracao_da_personalidade_juridica_20260429_174738.xlsx (3 registros)
[2026-04-29 17:48:41] [INFO] matcher — ✅ Exportado: excluido_20260429_174738.xlsx (658 registros)
[2026-04-29 17:48:41] [INFO] matcher — ✅ Exportado: embargos_20260429_174738.xlsx (14 registros)
[2026-04-29 17:48:41] [INFO] matcher — ✅ Exportado: embargos_de_declaracao_20260429_174738.xlsx (218 registros)
[2026-04-29 17:48:41] [INFO] matcher — ✅ Exportado: embargos_de_divergência_20260429_174738.xlsx (5 registros)
[2026-04-29 17:48:41] [INFO] matcher — ✅ Exportado: embargos_à_execucao_20260429_174738.xlsx (35 registros)
[2026-04-29 17:48:41] [INFO] matcher — ✅ Exportado: exibicao_de_documento_ou_coisa_20260429_174738.xlsx (1 registros)
[2026-04-29 17:48:41] [INFO] matcher — ✅ Exportado: iac_20260429_174738.xlsx (507 registros)
[2026-04-29 17:48:41] [INFO] matcher — ✅ Exportado: irdr_20260429_174738.xlsx (4 registros)
[2026-04-29 17:48:41] [INFO] matcher — ✅ Exportado: impedimentosuspeicao_do_juiz_20260429_174738.xlsx (58 registros)
[2026-04-29 17:48:41] [INFO] matcher — ✅ Exportado: impugnacao_ao_valor_da_causa_20260429_174738.xlsx (5 registros)
[2026-04-29 17:48:41] [INFO] matcher — ✅ Exportado: incidente_de_arbitramento_20260429_174738.xlsx (9 registros)
[2026-04-29 17:48:41] [INFO] matcher — ✅ Exportado: intervencao_de_terceiros_20260429_174738.xlsx (1 registros)
[2026-04-29 17:48:41] [INFO] matcher — ✅ Exportado: liquidacao_de_sentenca_20260429_174738.xlsx (4 registros)
[2026-04-29 17:48:41] [INFO] matcher — ✅ Exportado: litispendência_20260429_174738.xlsx (3 registros)
[2026-04-29 17:48:41] [INFO] matcher — ✅ Exportado: mandado_de_seguranca_civel_20260429_174738.xlsx (46 registros)
[2026-04-29 17:48:41] [INFO] matcher — ✅ Exportado: oposicao_20260429_174738.xlsx (10 registros)
[2026-04-29 17:48:41] [INFO] matcher — ✅ Exportado: producao_antecipada_de_provas_20260429_174738.xlsx (4 registros)
[2026-04-29 17:48:42] [INFO] matcher — ✅ Exportado: pre_executividade_20260429_174738.xlsx (4 registros)
[2026-04-29 17:48:42] [INFO] matcher — ✅ Exportado: rpv_20260429_174738.xlsx (8 registros)
[2026-04-29 17:48:42] [INFO] matcher — ✅ Exportado: recurso_adesivo_20260429_174738.xlsx (3 registros)
[2026-04-29 17:48:42] [INFO] matcher — ✅ Exportado: recurso_especial_20260429_174738.xlsx (63 registros)
[2026-04-29 17:48:42] [INFO] matcher — ✅ Exportado: recurso_extraordinario_20260429_174738.xlsx (20 registros)
[2026-04-29 17:48:42] [INFO] matcher — ✅ Exportado: recurso_inominado_20260429_174738.xlsx (126 registros)
[2026-04-29 17:48:42] [INFO] matcher — ✅ Exportado: recursos_20260429_174738.xlsx (195 registros)
[2026-04-29 17:48:42] [INFO] matcher — ✅ Exportado: tutela_cautelar_antecedente_20260429_174738.xlsx (2 registros)
[2026-04-29 17:48:42] [INFO] matcher — ✅ Exportado: tutela_provisoria_20260429_174738.xlsx (62 registros)
[2026-04-29 17:48:42] [INFO] matcher — ✅ Exportado: uniformizacao_de_jurisprudência_20260429_174738.xlsx (1 registros)
[2026-04-29 17:48:43] [INFO] matcher — ⚠️  Exportado: sem_match_civel_sem_categoria_20260429_174738.xlsx (1592 registros sem categoria)
[2026-04-29 17:48:43] [INFO] matcher — ✅ Exportado: com_match_descartados_20260429_174738.xlsx (579 registros descartados)
C:\Users\lucas.paim\Desktop\processo_triage\reporting\summary.py:46: UserWarning: Cell contents too long (74113), truncated to 32767 characters
  civel_export[cols].to_excel(writer, sheet_name=sanitize_sheet_name("Cíveis Brutos"), index=False)
C:\Users\lucas.paim\Desktop\processo_triage\reporting\summary.py:46: UserWarning: Cell contents too long (60904), truncated to 32767 characters
  civel_export[cols].to_excel(writer, sheet_name=sanitize_sheet_name("Cíveis Brutos"), index=False)
C:\Users\lucas.paim\Desktop\processo_triage\reporting\summary.py:46: UserWarning: Cell contents too long (34686), truncated to 32767 characters
  civel_export[cols].to_excel(writer, sheet_name=sanitize_sheet_name("Cíveis Brutos"), index=False)
C:\Users\lucas.paim\Desktop\processo_triage\reporting\summary.py:46: UserWarning: Cell contents too long (82671), truncated to 32767 characters
  civel_export[cols].to_excel(writer, sheet_name=sanitize_sheet_name("Cíveis Brutos"), index=False)
C:\Users\lucas.paim\Desktop\processo_triage\reporting\summary.py:46: UserWarning: Cell contents too long (33325), truncated to 32767 characters
  civel_export[cols].to_excel(writer, sheet_name=sanitize_sheet_name("Cíveis Brutos"), index=False)
C:\Users\lucas.paim\Desktop\processo_triage\reporting\summary.py:46: UserWarning: Cell contents too long (48061), truncated to 32767 characters
  civel_export[cols].to_excel(writer, sheet_name=sanitize_sheet_name("Cíveis Brutos"), index=False)
C:\Users\lucas.paim\Desktop\processo_triage\reporting\summary.py:46: UserWarning: Cell contents too long (48055), truncated to 32767 characters
  civel_export[cols].to_excel(writer, sheet_name=sanitize_sheet_name("Cíveis Brutos"), index=False)
C:\Users\lucas.paim\Desktop\processo_triage\reporting\summary.py:46: UserWarning: Cell contents too long (40283), truncated to 32767 characters
  civel_export[cols].to_excel(writer, sheet_name=sanitize_sheet_name("Cíveis Brutos"), index=False)
C:\Users\lucas.paim\Desktop\processo_triage\reporting\summary.py:46: UserWarning: Cell contents too long (34253), truncated to 32767 characters
  civel_export[cols].to_excel(writer, sheet_name=sanitize_sheet_name("Cíveis Brutos"), index=False)
C:\Users\lucas.paim\Desktop\processo_triage\reporting\summary.py:46: UserWarning: Cell contents too long (33909), truncated to 32767 characters
  civel_export[cols].to_excel(writer, sheet_name=sanitize_sheet_name("Cíveis Brutos"), index=False)
C:\Users\lucas.paim\Desktop\processo_triage\reporting\summary.py:46: UserWarning: Cell contents too long (46262), truncated to 32767 characters
  civel_export[cols].to_excel(writer, sheet_name=sanitize_sheet_name("Cíveis Brutos"), index=False)
C:\Users\lucas.paim\Desktop\processo_triage\reporting\summary.py:46: UserWarning: Cell contents too long (46255), truncated to 32767 characters
  civel_export[cols].to_excel(writer, sheet_name=sanitize_sheet_name("Cíveis Brutos"), index=False)
C:\Users\lucas.paim\Desktop\processo_triage\reporting\summary.py:46: UserWarning: Cell contents too long (36758), truncated to 32767 characters
  civel_export[cols].to_excel(writer, sheet_name=sanitize_sheet_name("Cíveis Brutos"), index=False)
C:\Users\lucas.paim\Desktop\processo_triage\reporting\summary.py:46: UserWarning: Cell contents too long (34334), truncated to 32767 characters
  civel_export[cols].to_excel(writer, sheet_name=sanitize_sheet_name("Cíveis Brutos"), index=False)
C:\Users\lucas.paim\Desktop\processo_triage\reporting\summary.py:46: UserWarning: Cell contents too long (33934), truncated to 32767 characters
  civel_export[cols].to_excel(writer, sheet_name=sanitize_sheet_name("Cíveis Brutos"), index=False)
C:\Users\lucas.paim\Desktop\processo_triage\reporting\summary.py:46: UserWarning: Cell contents too long (62319), truncated to 32767 characters
  civel_export[cols].to_excel(writer, sheet_name=sanitize_sheet_name("Cíveis Brutos"), index=False)
C:\Users\lucas.paim\Desktop\processo_triage\reporting\summary.py:46: UserWarning: Cell contents too long (35506), truncated to 32767 characters
  civel_export[cols].to_excel(writer, sheet_name=sanitize_sheet_name("Cíveis Brutos"), index=False)
C:\Users\lucas.paim\Desktop\processo_triage\reporting\summary.py:46: UserWarning: Cell contents too long (33116), truncated to 32767 characters
  civel_export[cols].to_excel(writer, sheet_name=sanitize_sheet_name("Cíveis Brutos"), index=False)
C:\Users\lucas.paim\Desktop\processo_triage\reporting\summary.py:46: UserWarning: Cell contents too long (59338), truncated to 32767 characters
  civel_export[cols].to_excel(writer, sheet_name=sanitize_sheet_name("Cíveis Brutos"), index=False)
C:\Users\lucas.paim\Desktop\processo_triage\reporting\summary.py:46: UserWarning: Cell contents too long (62997), truncated to 32767 characters
  civel_export[cols].to_excel(writer, sheet_name=sanitize_sheet_name("Cíveis Brutos"), index=False)
C:\Users\lucas.paim\Desktop\processo_triage\reporting\summary.py:46: UserWarning: Cell contents too long (47182), truncated to 32767 characters
  civel_export[cols].to_excel(writer, sheet_name=sanitize_sheet_name("Cíveis Brutos"), index=False)
C:\Users\lucas.paim\Desktop\processo_triage\reporting\summary.py:46: UserWarning: Cell contents too long (58113), truncated to 32767 characters
  civel_export[cols].to_excel(writer, sheet_name=sanitize_sheet_name("Cíveis Brutos"), index=False)
C:\Users\lucas.paim\Desktop\processo_triage\reporting\summary.py:46: UserWarning: Cell contents too long (58332), truncated to 32767 characters
  civel_export[cols].to_excel(writer, sheet_name=sanitize_sheet_name("Cíveis Brutos"), index=False)
C:\Users\lucas.paim\Desktop\processo_triage\reporting\summary.py:46: UserWarning: Cell contents too long (44585), truncated to 32767 characters
  civel_export[cols].to_excel(writer, sheet_name=sanitize_sheet_name("Cíveis Brutos"), index=False)
C:\Users\lucas.paim\Desktop\processo_triage\reporting\summary.py:46: UserWarning: Cell contents too long (59357), truncated to 32767 characters
  civel_export[cols].to_excel(writer, sheet_name=sanitize_sheet_name("Cíveis Brutos"), index=False)
C:\Users\lucas.paim\Desktop\processo_triage\reporting\summary.py:46: UserWarning: Cell contents too long (72319), truncated to 32767 characters
  civel_export[cols].to_excel(writer, sheet_name=sanitize_sheet_name("Cíveis Brutos"), index=False)
C:\Users\lucas.paim\Desktop\processo_triage\reporting\summary.py:46: UserWarning: Cell contents too long (53622), truncated to 32767 characters
  civel_export[cols].to_excel(writer, sheet_name=sanitize_sheet_name("Cíveis Brutos"), index=False)
C:\Users\lucas.paim\Desktop\processo_triage\reporting\summary.py:46: UserWarning: Cell contents too long (54375), truncated to 32767 characters
  civel_export[cols].to_excel(writer, sheet_name=sanitize_sheet_name("Cíveis Brutos"), index=False)
C:\Users\lucas.paim\Desktop\processo_triage\reporting\summary.py:46: UserWarning: Cell contents too long (56114), truncated to 32767 characters
  civel_export[cols].to_excel(writer, sheet_name=sanitize_sheet_name("Cíveis Brutos"), index=False)
C:\Users\lucas.paim\Desktop\processo_triage\reporting\summary.py:46: UserWarning: Cell contents too long (35249), truncated to 32767 characters
  civel_export[cols].to_excel(writer, sheet_name=sanitize_sheet_name("Cíveis Brutos"), index=False)
C:\Users\lucas.paim\Desktop\processo_triage\reporting\summary.py:46: UserWarning: Cell contents too long (57313), truncated to 32767 characters
  civel_export[cols].to_excel(writer, sheet_name=sanitize_sheet_name("Cíveis Brutos"), index=False)
C:\Users\lucas.paim\Desktop\processo_triage\reporting\summary.py:46: UserWarning: Cell contents too long (36990), truncated to 32767 characters
  civel_export[cols].to_excel(writer, sheet_name=sanitize_sheet_name("Cíveis Brutos"), index=False)
C:\Users\lucas.paim\Desktop\processo_triage\reporting\summary.py:46: UserWarning: Cell contents too long (102629), truncated to 32767 characters
  civel_export[cols].to_excel(writer, sheet_name=sanitize_sheet_name("Cíveis Brutos"), index=False)
C:\Users\lucas.paim\Desktop\processo_triage\reporting\summary.py:46: UserWarning: Cell contents too long (37556), truncated to 32767 characters
  civel_export[cols].to_excel(writer, sheet_name=sanitize_sheet_name("Cíveis Brutos"), index=False)
C:\Users\lucas.paim\Desktop\processo_triage\reporting\summary.py:46: UserWarning: Cell contents too long (51263), truncated to 32767 characters
  civel_export[cols].to_excel(writer, sheet_name=sanitize_sheet_name("Cíveis Brutos"), index=False)
C:\Users\lucas.paim\Desktop\processo_triage\reporting\summary.py:46: UserWarning: Cell contents too long (61000), truncated to 32767 characters
  civel_export[cols].to_excel(writer, sheet_name=sanitize_sheet_name("Cíveis Brutos"), index=False)
C:\Users\lucas.paim\Desktop\processo_triage\reporting\summary.py:46: UserWarning: Cell contents too long (50868), truncated to 32767 characters
  civel_export[cols].to_excel(writer, sheet_name=sanitize_sheet_name("Cíveis Brutos"), index=False)
C:\Users\lucas.paim\Desktop\processo_triage\reporting\summary.py:46: UserWarning: Cell contents too long (48071), truncated to 32767 characters
  civel_export[cols].to_excel(writer, sheet_name=sanitize_sheet_name("Cíveis Brutos"), index=False)
C:\Users\lucas.paim\Desktop\processo_triage\reporting\summary.py:46: UserWarning: Cell contents too long (34029), truncated to 32767 characters
  civel_export[cols].to_excel(writer, sheet_name=sanitize_sheet_name("Cíveis Brutos"), index=False)
C:\Users\lucas.paim\Desktop\processo_triage\reporting\summary.py:46: UserWarning: Cell contents too long (44325), truncated to 32767 characters
  civel_export[cols].to_excel(writer, sheet_name=sanitize_sheet_name("Cíveis Brutos"), index=False)
C:\Users\lucas.paim\Desktop\processo_triage\reporting\summary.py:46: UserWarning: Cell contents too long (44073), truncated to 32767 characters
  civel_export[cols].to_excel(writer, sheet_name=sanitize_sheet_name("Cíveis Brutos"), index=False)
C:\Users\lucas.paim\Desktop\processo_triage\reporting\summary.py:46: UserWarning: Cell contents too long (52644), truncated to 32767 characters
  civel_export[cols].to_excel(writer, sheet_name=sanitize_sheet_name("Cíveis Brutos"), index=False)
C:\Users\lucas.paim\Desktop\processo_triage\reporting\summary.py:46: UserWarning: Cell contents too long (59750), truncated to 32767 characters
  civel_export[cols].to_excel(writer, sheet_name=sanitize_sheet_name("Cíveis Brutos"), index=False)
C:\Users\lucas.paim\Desktop\processo_triage\reporting\summary.py:46: UserWarning: Cell contents too long (63978), truncated to 32767 characters
  civel_export[cols].to_excel(writer, sheet_name=sanitize_sheet_name("Cíveis Brutos"), index=False)
C:\Users\lucas.paim\Desktop\processo_triage\reporting\summary.py:46: UserWarning: Cell contents too long (58148), truncated to 32767 characters
  civel_export[cols].to_excel(writer, sheet_name=sanitize_sheet_name("Cíveis Brutos"), index=False)
C:\Users\lucas.paim\Desktop\processo_triage\reporting\summary.py:46: UserWarning: Cell contents too long (34340), truncated to 32767 characters
  civel_export[cols].to_excel(writer, sheet_name=sanitize_sheet_name("Cíveis Brutos"), index=False)
C:\Users\lucas.paim\Desktop\processo_triage\reporting\summary.py:46: UserWarning: Cell contents too long (87171), truncated to 32767 characters
  civel_export[cols].to_excel(writer, sheet_name=sanitize_sheet_name("Cíveis Brutos"), index=False)
C:\Users\lucas.paim\Desktop\processo_triage\reporting\summary.py:46: UserWarning: Cell contents too long (83805), truncated to 32767 characters
  civel_export[cols].to_excel(writer, sheet_name=sanitize_sheet_name("Cíveis Brutos"), index=False)
C:\Users\lucas.paim\Desktop\processo_triage\reporting\summary.py:46: UserWarning: Cell contents too long (75384), truncated to 32767 characters
  civel_export[cols].to_excel(writer, sheet_name=sanitize_sheet_name("Cíveis Brutos"), index=False)
C:\Users\lucas.paim\Desktop\processo_triage\reporting\summary.py:46: UserWarning: Cell contents too long (41166), truncated to 32767 characters
  civel_export[cols].to_excel(writer, sheet_name=sanitize_sheet_name("Cíveis Brutos"), index=False)
C:\Users\lucas.paim\Desktop\processo_triage\reporting\summary.py:46: UserWarning: Cell contents too long (40047), truncated to 32767 characters
  civel_export[cols].to_excel(writer, sheet_name=sanitize_sheet_name("Cíveis Brutos"), index=False)
C:\Users\lucas.paim\Desktop\processo_triage\reporting\summary.py:46: UserWarning: Cell contents too long (100721), truncated to 32767 characters
  civel_export[cols].to_excel(writer, sheet_name=sanitize_sheet_name("Cíveis Brutos"), index=False)
C:\Users\lucas.paim\Desktop\processo_triage\reporting\summary.py:46: UserWarning: Cell contents too long (62384), truncated to 32767 characters
  civel_export[cols].to_excel(writer, sheet_name=sanitize_sheet_name("Cíveis Brutos"), index=False)
C:\Users\lucas.paim\Desktop\processo_triage\reporting\summary.py:46: UserWarning: Cell contents too long (42323), truncated to 32767 characters
  civel_export[cols].to_excel(writer, sheet_name=sanitize_sheet_name("Cíveis Brutos"), index=False)
C:\Users\lucas.paim\Desktop\processo_triage\reporting\summary.py:46: UserWarning: Cell contents too long (44991), truncated to 32767 characters
  civel_export[cols].to_excel(writer, sheet_name=sanitize_sheet_name("Cíveis Brutos"), index=False)
C:\Users\lucas.paim\Desktop\processo_triage\reporting\summary.py:46: UserWarning: Cell contents too long (42823), truncated to 32767 characters
  civel_export[cols].to_excel(writer, sheet_name=sanitize_sheet_name("Cíveis Brutos"), index=False)
C:\Users\lucas.paim\Desktop\processo_triage\reporting\summary.py:46: UserWarning: Cell contents too long (43232), truncated to 32767 characters
  civel_export[cols].to_excel(writer, sheet_name=sanitize_sheet_name("Cíveis Brutos"), index=False)
C:\Users\lucas.paim\Desktop\processo_triage\reporting\summary.py:46: UserWarning: Cell contents too long (42778), truncated to 32767 characters
  civel_export[cols].to_excel(writer, sheet_name=sanitize_sheet_name("Cíveis Brutos"), index=False)
C:\Users\lucas.paim\Desktop\processo_triage\reporting\summary.py:46: UserWarning: Cell contents too long (42845), truncated to 32767 characters
  civel_export[cols].to_excel(writer, sheet_name=sanitize_sheet_name("Cíveis Brutos"), index=False)
C:\Users\lucas.paim\Desktop\processo_triage\reporting\summary.py:46: UserWarning: Cell contents too long (44575), truncated to 32767 characters
  civel_export[cols].to_excel(writer, sheet_name=sanitize_sheet_name("Cíveis Brutos"), index=False)
C:\Users\lucas.paim\Desktop\processo_triage\reporting\summary.py:46: UserWarning: Cell contents too long (44760), truncated to 32767 characters
  civel_export[cols].to_excel(writer, sheet_name=sanitize_sheet_name("Cíveis Brutos"), index=False)
C:\Users\lucas.paim\Desktop\processo_triage\reporting\summary.py:46: UserWarning: Cell contents too long (99694), truncated to 32767 characters
  civel_export[cols].to_excel(writer, sheet_name=sanitize_sheet_name("Cíveis Brutos"), index=False)
C:\Users\lucas.paim\Desktop\processo_triage\reporting\summary.py:46: UserWarning: Cell contents too long (42686), truncated to 32767 characters
  civel_export[cols].to_excel(writer, sheet_name=sanitize_sheet_name("Cíveis Brutos"), index=False)
C:\Users\lucas.paim\Desktop\processo_triage\reporting\summary.py:46: UserWarning: Cell contents too long (96949), truncated to 32767 characters
  civel_export[cols].to_excel(writer, sheet_name=sanitize_sheet_name("Cíveis Brutos"), index=False)
C:\Users\lucas.paim\Desktop\processo_triage\reporting\summary.py:46: UserWarning: Cell contents too long (44104), truncated to 32767 characters
  civel_export[cols].to_excel(writer, sheet_name=sanitize_sheet_name("Cíveis Brutos"), index=False)
C:\Users\lucas.paim\Desktop\processo_triage\reporting\summary.py:46: UserWarning: Cell contents too long (37682), truncated to 32767 characters
  civel_export[cols].to_excel(writer, sheet_name=sanitize_sheet_name("Cíveis Brutos"), index=False)
C:\Users\lucas.paim\Desktop\processo_triage\reporting\summary.py:46: UserWarning: Cell contents too long (39282), truncated to 32767 characters
  civel_export[cols].to_excel(writer, sheet_name=sanitize_sheet_name("Cíveis Brutos"), index=False)
C:\Users\lucas.paim\Desktop\processo_triage\reporting\summary.py:46: UserWarning: Cell contents too long (47490), truncated to 32767 characters
  civel_export[cols].to_excel(writer, sheet_name=sanitize_sheet_name("Cíveis Brutos"), index=False)
C:\Users\lucas.paim\Desktop\processo_triage\reporting\summary.py:46: UserWarning: Cell contents too long (43639), truncated to 32767 characters
  civel_export[cols].to_excel(writer, sheet_name=sanitize_sheet_name("Cíveis Brutos"), index=False)
C:\Users\lucas.paim\Desktop\processo_triage\reporting\summary.py:46: UserWarning: Cell contents too long (41613), truncated to 32767 characters
  civel_export[cols].to_excel(writer, sheet_name=sanitize_sheet_name("Cíveis Brutos"), index=False)
C:\Users\lucas.paim\Desktop\processo_triage\reporting\summary.py:46: UserWarning: Cell contents too long (53908), truncated to 32767 characters
  civel_export[cols].to_excel(writer, sheet_name=sanitize_sheet_name("Cíveis Brutos"), index=False)
C:\Users\lucas.paim\Desktop\processo_triage\reporting\summary.py:46: UserWarning: Cell contents too long (66965), truncated to 32767 characters
  civel_export[cols].to_excel(writer, sheet_name=sanitize_sheet_name("Cíveis Brutos"), index=False)
C:\Users\lucas.paim\Desktop\processo_triage\reporting\summary.py:46: UserWarning: Cell contents too long (90431), truncated to 32767 characters
  civel_export[cols].to_excel(writer, sheet_name=sanitize_sheet_name("Cíveis Brutos"), index=False)
C:\Users\lucas.paim\Desktop\processo_triage\reporting\summary.py:46: UserWarning: Cell contents too long (67017), truncated to 32767 characters
  civel_export[cols].to_excel(writer, sheet_name=sanitize_sheet_name("Cíveis Brutos"), index=False)
C:\Users\lucas.paim\Desktop\processo_triage\reporting\summary.py:46: UserWarning: Cell contents too long (93890), truncated to 32767 characters
  civel_export[cols].to_excel(writer, sheet_name=sanitize_sheet_name("Cíveis Brutos"), index=False)
C:\Users\lucas.paim\Desktop\processo_triage\reporting\summary.py:46: UserWarning: Cell contents too long (83841), truncated to 32767 characters
  civel_export[cols].to_excel(writer, sheet_name=sanitize_sheet_name("Cíveis Brutos"), index=False)
C:\Users\lucas.paim\Desktop\processo_triage\reporting\summary.py:46: UserWarning: Cell contents too long (104869), truncated to 32767 characters
  civel_export[cols].to_excel(writer, sheet_name=sanitize_sheet_name("Cíveis Brutos"), index=False)
C:\Users\lucas.paim\Desktop\processo_triage\reporting\summary.py:46: UserWarning: Cell contents too long (65502), truncated to 32767 characters
  civel_export[cols].to_excel(writer, sheet_name=sanitize_sheet_name("Cíveis Brutos"), index=False)
C:\Users\lucas.paim\Desktop\processo_triage\reporting\summary.py:46: UserWarning: Cell contents too long (69446), truncated to 32767 characters
  civel_export[cols].to_excel(writer, sheet_name=sanitize_sheet_name("Cíveis Brutos"), index=False)
C:\Users\lucas.paim\Desktop\processo_triage\reporting\summary.py:46: UserWarning: Cell contents too long (80257), truncated to 32767 characters
  civel_export[cols].to_excel(writer, sheet_name=sanitize_sheet_name("Cíveis Brutos"), index=False)
C:\Users\lucas.paim\Desktop\processo_triage\reporting\summary.py:46: UserWarning: Cell contents too long (82956), truncated to 32767 characters
  civel_export[cols].to_excel(writer, sheet_name=sanitize_sheet_name("Cíveis Brutos"), index=False)
C:\Users\lucas.paim\Desktop\processo_triage\reporting\summary.py:46: UserWarning: Cell contents too long (38914), truncated to 32767 characters
  civel_export[cols].to_excel(writer, sheet_name=sanitize_sheet_name("Cíveis Brutos"), index=False)
C:\Users\lucas.paim\Desktop\processo_triage\reporting\summary.py:46: UserWarning: Cell contents too long (71371), truncated to 32767 characters
  civel_export[cols].to_excel(writer, sheet_name=sanitize_sheet_name("Cíveis Brutos"), index=False)
C:\Users\lucas.paim\Desktop\processo_triage\reporting\summary.py:46: UserWarning: Cell contents too long (72469), truncated to 32767 characters
  civel_export[cols].to_excel(writer, sheet_name=sanitize_sheet_name("Cíveis Brutos"), index=False)
C:\Users\lucas.paim\Desktop\processo_triage\reporting\summary.py:46: UserWarning: Cell contents too long (53902), truncated to 32767 characters
  civel_export[cols].to_excel(writer, sheet_name=sanitize_sheet_name("Cíveis Brutos"), index=False)
C:\Users\lucas.paim\Desktop\processo_triage\reporting\summary.py:46: UserWarning: Cell contents too long (70240), truncated to 32767 characters
  civel_export[cols].to_excel(writer, sheet_name=sanitize_sheet_name("Cíveis Brutos"), index=False)
C:\Users\lucas.paim\Desktop\processo_triage\reporting\summary.py:46: UserWarning: Cell contents too long (71645), truncated to 32767 characters
  civel_export[cols].to_excel(writer, sheet_name=sanitize_sheet_name("Cíveis Brutos"), index=False)
C:\Users\lucas.paim\Desktop\processo_triage\reporting\summary.py:46: UserWarning: Cell contents too long (42043), truncated to 32767 characters
  civel_export[cols].to_excel(writer, sheet_name=sanitize_sheet_name("Cíveis Brutos"), index=False)
C:\Users\lucas.paim\Desktop\processo_triage\reporting\summary.py:46: UserWarning: Cell contents too long (36425), truncated to 32767 characters
  civel_export[cols].to_excel(writer, sheet_name=sanitize_sheet_name("Cíveis Brutos"), index=False)
C:\Users\lucas.paim\Desktop\processo_triage\reporting\summary.py:46: UserWarning: Cell contents too long (36190), truncated to 32767 characters
  civel_export[cols].to_excel(writer, sheet_name=sanitize_sheet_name("Cíveis Brutos"), index=False)
C:\Users\lucas.paim\Desktop\processo_triage\reporting\summary.py:46: UserWarning: Cell contents too long (44747), truncated to 32767 characters
  civel_export[cols].to_excel(writer, sheet_name=sanitize_sheet_name("Cíveis Brutos"), index=False)
C:\Users\lucas.paim\Desktop\processo_triage\reporting\summary.py:46: UserWarning: Cell contents too long (89375), truncated to 32767 characters
  civel_export[cols].to_excel(writer, sheet_name=sanitize_sheet_name("Cíveis Brutos"), index=False)
C:\Users\lucas.paim\Desktop\processo_triage\reporting\summary.py:46: UserWarning: Cell contents too long (88648), truncated to 32767 characters
  civel_export[cols].to_excel(writer, sheet_name=sanitize_sheet_name("Cíveis Brutos"), index=False)
C:\Users\lucas.paim\Desktop\processo_triage\reporting\summary.py:46: UserWarning: Cell contents too long (88654), truncated to 32767 characters
  civel_export[cols].to_excel(writer, sheet_name=sanitize_sheet_name("Cíveis Brutos"), index=False)
C:\Users\lucas.paim\Desktop\processo_triage\reporting\summary.py:46: UserWarning: Cell contents too long (88628), truncated to 32767 characters
  civel_export[cols].to_excel(writer, sheet_name=sanitize_sheet_name("Cíveis Brutos"), index=False)
C:\Users\lucas.paim\Desktop\processo_triage\reporting\summary.py:46: UserWarning: Cell contents too long (99048), truncated to 32767 characters
  civel_export[cols].to_excel(writer, sheet_name=sanitize_sheet_name("Cíveis Brutos"), index=False)
C:\Users\lucas.paim\Desktop\processo_triage\reporting\summary.py:46: UserWarning: Cell contents too long (62123), truncated to 32767 characters
  civel_export[cols].to_excel(writer, sheet_name=sanitize_sheet_name("Cíveis Brutos"), index=False)
C:\Users\lucas.paim\Desktop\processo_triage\reporting\summary.py:46: UserWarning: Cell contents too long (62231), truncated to 32767 characters
  civel_export[cols].to_excel(writer, sheet_name=sanitize_sheet_name("Cíveis Brutos"), index=False)
C:\Users\lucas.paim\Desktop\processo_triage\reporting\summary.py:46: UserWarning: Cell contents too long (60281), truncated to 32767 characters
  civel_export[cols].to_excel(writer, sheet_name=sanitize_sheet_name("Cíveis Brutos"), index=False)
C:\Users\lucas.paim\Desktop\processo_triage\reporting\summary.py:46: UserWarning: Cell contents too long (74439), truncated to 32767 characters
  civel_export[cols].to_excel(writer, sheet_name=sanitize_sheet_name("Cíveis Brutos"), index=False)
C:\Users\lucas.paim\Desktop\processo_triage\reporting\summary.py:46: UserWarning: Cell contents too long (58149), truncated to 32767 characters
  civel_export[cols].to_excel(writer, sheet_name=sanitize_sheet_name("Cíveis Brutos"), index=False)
C:\Users\lucas.paim\Desktop\processo_triage\reporting\summary.py:46: UserWarning: Cell contents too long (58497), truncated to 32767 characters
  civel_export[cols].to_excel(writer, sheet_name=sanitize_sheet_name("Cíveis Brutos"), index=False)
C:\Users\lucas.paim\Desktop\processo_triage\reporting\summary.py:46: UserWarning: Cell contents too long (58183), truncated to 32767 characters
  civel_export[cols].to_excel(writer, sheet_name=sanitize_sheet_name("Cíveis Brutos"), index=False)
C:\Users\lucas.paim\Desktop\processo_triage\reporting\summary.py:46: UserWarning: Cell contents too long (58252), truncated to 32767 characters
  civel_export[cols].to_excel(writer, sheet_name=sanitize_sheet_name("Cíveis Brutos"), index=False)
C:\Users\lucas.paim\Desktop\processo_triage\reporting\summary.py:46: UserWarning: Cell contents too long (58158), truncated to 32767 characters
  civel_export[cols].to_excel(writer, sheet_name=sanitize_sheet_name("Cíveis Brutos"), index=False)
C:\Users\lucas.paim\Desktop\processo_triage\reporting\summary.py:46: UserWarning: Cell contents too long (36134), truncated to 32767 characters
  civel_export[cols].to_excel(writer, sheet_name=sanitize_sheet_name("Cíveis Brutos"), index=False)
C:\Users\lucas.paim\Desktop\processo_triage\reporting\summary.py:46: UserWarning: Cell contents too long (58391), truncated to 32767 characters
  civel_export[cols].to_excel(writer, sheet_name=sanitize_sheet_name("Cíveis Brutos"), index=False)
C:\Users\lucas.paim\Desktop\processo_triage\reporting\summary.py:46: UserWarning: Cell contents too long (58185), truncated to 32767 characters
  civel_export[cols].to_excel(writer, sheet_name=sanitize_sheet_name("Cíveis Brutos"), index=False)
C:\Users\lucas.paim\Desktop\processo_triage\reporting\summary.py:46: UserWarning: Cell contents too long (58146), truncated to 32767 characters
  civel_export[cols].to_excel(writer, sheet_name=sanitize_sheet_name("Cíveis Brutos"), index=False)
C:\Users\lucas.paim\Desktop\processo_triage\reporting\summary.py:46: UserWarning: Cell contents too long (39492), truncated to 32767 characters
  civel_export[cols].to_excel(writer, sheet_name=sanitize_sheet_name("Cíveis Brutos"), index=False)
C:\Users\lucas.paim\Desktop\processo_triage\reporting\summary.py:46: UserWarning: Cell contents too long (48592), truncated to 32767 characters
  civel_export[cols].to_excel(writer, sheet_name=sanitize_sheet_name("Cíveis Brutos"), index=False)
C:\Users\lucas.paim\Desktop\processo_triage\reporting\summary.py:46: UserWarning: Cell contents too long (48557), truncated to 32767 characters
  civel_export[cols].to_excel(writer, sheet_name=sanitize_sheet_name("Cíveis Brutos"), index=False)
C:\Users\lucas.paim\Desktop\processo_triage\reporting\summary.py:46: UserWarning: Cell contents too long (48733), truncated to 32767 characters
  civel_export[cols].to_excel(writer, sheet_name=sanitize_sheet_name("Cíveis Brutos"), index=False)
C:\Users\lucas.paim\Desktop\processo_triage\reporting\summary.py:46: UserWarning: Cell contents too long (49041), truncated to 32767 characters
  civel_export[cols].to_excel(writer, sheet_name=sanitize_sheet_name("Cíveis Brutos"), index=False)
C:\Users\lucas.paim\Desktop\processo_triage\reporting\summary.py:46: UserWarning: Cell contents too long (52075), truncated to 32767 characters
  civel_export[cols].to_excel(writer, sheet_name=sanitize_sheet_name("Cíveis Brutos"), index=False)
C:\Users\lucas.paim\Desktop\processo_triage\reporting\summary.py:46: UserWarning: Cell contents too long (47441), truncated to 32767 characters
  civel_export[cols].to_excel(writer, sheet_name=sanitize_sheet_name("Cíveis Brutos"), index=False)
C:\Users\lucas.paim\Desktop\processo_triage\reporting\summary.py:46: UserWarning: Cell contents too long (47486), truncated to 32767 characters
  civel_export[cols].to_excel(writer, sheet_name=sanitize_sheet_name("Cíveis Brutos"), index=False)
C:\Users\lucas.paim\Desktop\processo_triage\reporting\summary.py:46: UserWarning: Cell contents too long (96015), truncated to 32767 characters
  civel_export[cols].to_excel(writer, sheet_name=sanitize_sheet_name("Cíveis Brutos"), index=False)
C:\Users\lucas.paim\Desktop\processo_triage\reporting\summary.py:46: UserWarning: Cell contents too long (78560), truncated to 32767 characters
  civel_export[cols].to_excel(writer, sheet_name=sanitize_sheet_name("Cíveis Brutos"), index=False)
C:\Users\lucas.paim\Desktop\processo_triage\reporting\summary.py:46: UserWarning: Cell contents too long (64507), truncated to 32767 characters
  civel_export[cols].to_excel(writer, sheet_name=sanitize_sheet_name("Cíveis Brutos"), index=False)
C:\Users\lucas.paim\Desktop\processo_triage\reporting\summary.py:46: UserWarning: Cell contents too long (70237), truncated to 32767 characters
  civel_export[cols].to_excel(writer, sheet_name=sanitize_sheet_name("Cíveis Brutos"), index=False)
C:\Users\lucas.paim\Desktop\processo_triage\reporting\summary.py:46: UserWarning: Cell contents too long (56212), truncated to 32767 characters
  civel_export[cols].to_excel(writer, sheet_name=sanitize_sheet_name("Cíveis Brutos"), index=False)
C:\Users\lucas.paim\Desktop\processo_triage\reporting\summary.py:46: UserWarning: Cell contents too long (64406), truncated to 32767 characters
  civel_export[cols].to_excel(writer, sheet_name=sanitize_sheet_name("Cíveis Brutos"), index=False)
C:\Users\lucas.paim\Desktop\processo_triage\reporting\summary.py:46: UserWarning: Cell contents too long (71547), truncated to 32767 characters
  civel_export[cols].to_excel(writer, sheet_name=sanitize_sheet_name("Cíveis Brutos"), index=False)
C:\Users\lucas.paim\Desktop\processo_triage\reporting\summary.py:46: UserWarning: Cell contents too long (61424), truncated to 32767 characters
  civel_export[cols].to_excel(writer, sheet_name=sanitize_sheet_name("Cíveis Brutos"), index=False)
C:\Users\lucas.paim\Desktop\processo_triage\reporting\summary.py:46: UserWarning: Cell contents too long (69073), truncated to 32767 characters
  civel_export[cols].to_excel(writer, sheet_name=sanitize_sheet_name("Cíveis Brutos"), index=False)
C:\Users\lucas.paim\Desktop\processo_triage\reporting\summary.py:46: UserWarning: Cell contents too long (63992), truncated to 32767 characters
  civel_export[cols].to_excel(writer, sheet_name=sanitize_sheet_name("Cíveis Brutos"), index=False)
C:\Users\lucas.paim\Desktop\processo_triage\reporting\summary.py:46: UserWarning: Cell contents too long (51897), truncated to 32767 characters
  civel_export[cols].to_excel(writer, sheet_name=sanitize_sheet_name("Cíveis Brutos"), index=False)
C:\Users\lucas.paim\Desktop\processo_triage\reporting\summary.py:46: UserWarning: Cell contents too long (46928), truncated to 32767 characters
  civel_export[cols].to_excel(writer, sheet_name=sanitize_sheet_name("Cíveis Brutos"), index=False)
C:\Users\lucas.paim\Desktop\processo_triage\reporting\summary.py:46: UserWarning: Cell contents too long (60136), truncated to 32767 characters
  civel_export[cols].to_excel(writer, sheet_name=sanitize_sheet_name("Cíveis Brutos"), index=False)
C:\Users\lucas.paim\Desktop\processo_triage\reporting\summary.py:46: UserWarning: Cell contents too long (35597), truncated to 32767 characters
  civel_export[cols].to_excel(writer, sheet_name=sanitize_sheet_name("Cíveis Brutos"), index=False)
C:\Users\lucas.paim\Desktop\processo_triage\reporting\summary.py:46: UserWarning: Cell contents too long (50071), truncated to 32767 characters
  civel_export[cols].to_excel(writer, sheet_name=sanitize_sheet_name("Cíveis Brutos"), index=False)
C:\Users\lucas.paim\Desktop\processo_triage\reporting\summary.py:46: UserWarning: Cell contents too long (58295), truncated to 32767 characters
  civel_export[cols].to_excel(writer, sheet_name=sanitize_sheet_name("Cíveis Brutos"), index=False)
C:\Users\lucas.paim\Desktop\processo_triage\reporting\summary.py:46: UserWarning: Cell contents too long (70192), truncated to 32767 characters
  civel_export[cols].to_excel(writer, sheet_name=sanitize_sheet_name("Cíveis Brutos"), index=False)
C:\Users\lucas.paim\Desktop\processo_triage\reporting\summary.py:46: UserWarning: Cell contents too long (41084), truncated to 32767 characters
  civel_export[cols].to_excel(writer, sheet_name=sanitize_sheet_name("Cíveis Brutos"), index=False)
C:\Users\lucas.paim\Desktop\processo_triage\reporting\summary.py:46: UserWarning: Cell contents too long (59674), truncated to 32767 characters
  civel_export[cols].to_excel(writer, sheet_name=sanitize_sheet_name("Cíveis Brutos"), index=False)
C:\Users\lucas.paim\Desktop\processo_triage\reporting\summary.py:46: UserWarning: Cell contents too long (43922), truncated to 32767 characters
  civel_export[cols].to_excel(writer, sheet_name=sanitize_sheet_name("Cíveis Brutos"), index=False)
C:\Users\lucas.paim\Desktop\processo_triage\reporting\summary.py:46: UserWarning: Cell contents too long (55189), truncated to 32767 characters
  civel_export[cols].to_excel(writer, sheet_name=sanitize_sheet_name("Cíveis Brutos"), index=False)
C:\Users\lucas.paim\Desktop\processo_triage\reporting\summary.py:46: UserWarning: Cell contents too long (64139), truncated to 32767 characters
  civel_export[cols].to_excel(writer, sheet_name=sanitize_sheet_name("Cíveis Brutos"), index=False)
C:\Users\lucas.paim\Desktop\processo_triage\reporting\summary.py:46: UserWarning: Cell contents too long (72143), truncated to 32767 characters
  civel_export[cols].to_excel(writer, sheet_name=sanitize_sheet_name("Cíveis Brutos"), index=False)
C:\Users\lucas.paim\Desktop\processo_triage\reporting\summary.py:46: UserWarning: Cell contents too long (64704), truncated to 32767 characters
  civel_export[cols].to_excel(writer, sheet_name=sanitize_sheet_name("Cíveis Brutos"), index=False)
C:\Users\lucas.paim\Desktop\processo_triage\reporting\summary.py:46: UserWarning: Cell contents too long (73752), truncated to 32767 characters
  civel_export[cols].to_excel(writer, sheet_name=sanitize_sheet_name("Cíveis Brutos"), index=False)
C:\Users\lucas.paim\Desktop\processo_triage\reporting\summary.py:46: UserWarning: Cell contents too long (76617), truncated to 32767 characters
  civel_export[cols].to_excel(writer, sheet_name=sanitize_sheet_name("Cíveis Brutos"), index=False)
C:\Users\lucas.paim\Desktop\processo_triage\reporting\summary.py:46: UserWarning: Cell contents too long (33397), truncated to 32767 characters
  civel_export[cols].to_excel(writer, sheet_name=sanitize_sheet_name("Cíveis Brutos"), index=False)
C:\Users\lucas.paim\Desktop\processo_triage\reporting\summary.py:46: UserWarning: Cell contents too long (33173), truncated to 32767 characters
  civel_export[cols].to_excel(writer, sheet_name=sanitize_sheet_name("Cíveis Brutos"), index=False)
C:\Users\lucas.paim\Desktop\processo_triage\reporting\summary.py:46: UserWarning: Cell contents too long (41401), truncated to 32767 characters
  civel_export[cols].to_excel(writer, sheet_name=sanitize_sheet_name("Cíveis Brutos"), index=False)
C:\Users\lucas.paim\Desktop\processo_triage\reporting\summary.py:46: UserWarning: Cell contents too long (80246), truncated to 32767 characters
  civel_export[cols].to_excel(writer, sheet_name=sanitize_sheet_name("Cíveis Brutos"), index=False)
C:\Users\lucas.paim\Desktop\processo_triage\reporting\summary.py:46: UserWarning: Cell contents too long (41289), truncated to 32767 characters
  civel_export[cols].to_excel(writer, sheet_name=sanitize_sheet_name("Cíveis Brutos"), index=False)
C:\Users\lucas.paim\Desktop\processo_triage\reporting\summary.py:46: UserWarning: Cell contents too long (57101), truncated to 32767 characters
  civel_export[cols].to_excel(writer, sheet_name=sanitize_sheet_name("Cíveis Brutos"), index=False)
C:\Users\lucas.paim\Desktop\processo_triage\reporting\summary.py:46: UserWarning: Cell contents too long (49299), truncated to 32767 characters
  civel_export[cols].to_excel(writer, sheet_name=sanitize_sheet_name("Cíveis Brutos"), index=False)
C:\Users\lucas.paim\Desktop\processo_triage\reporting\summary.py:46: UserWarning: Cell contents too long (42557), truncated to 32767 characters
  civel_export[cols].to_excel(writer, sheet_name=sanitize_sheet_name("Cíveis Brutos"), index=False)
[2026-04-29 17:48:47] [INFO] matcher — ✅ Resumo exportado: resumo_20260429_174738.xlsx
[2026-04-29 17:48:47] [INFO] matcher — 🎉 PROCESSO FINALIZADO COM SUCESSO
[2026-04-29 17:48:47] [INFO] __main__ — ✅ Processo concluído com sucesso!
[RESULTADO] Procurando arquivos .xlsx na área operacional de output/...
[RESULTADO] Total de .xlsx encontrados na área operacional: 55
[RESULTADO] Novos .xlsx gerados nesta execução: 55
[RESULTADO]   • Civel\prioridade\sem_match_civel_prioridade_20260429_174738.xlsx
[RESULTADO]   • Civel\sem_match_civel_20260429_174738.xlsx
[RESULTADO]   • Civel\sem_match_civel_categorias\agravo_de_instrumento_20260429_174738.xlsx
[RESULTADO]   • Civel\sem_match_civel_categorias\agravo_interno_20260429_174738.xlsx
[RESULTADO]   • Civel\sem_match_civel_categorias\agravo_regimental_20260429_174738.xlsx
[RESULTADO]   • Civel\sem_match_civel_categorias\arguicao_de_inconstitucionalidade_20260429_174738.xlsx
[RESULTADO]   • Civel\sem_match_civel_categorias\arresto_ou_sequestro_20260429_174738.xlsx
[RESULTADO]   • Civel\sem_match_civel_categorias\assistência_20260429_174738.xlsx
[RESULTADO]   • Civel\sem_match_civel_categorias\carta_precatoria_civel_20260429_174738.xlsx
[RESULTADO]   • Civel\sem_match_civel_categorias\coisa_julgada_20260429_174738.xlsx
[RESULTADO]   • Civel\sem_match_civel_categorias\conflito_de_competência_20260429_174738.xlsx
[RESULTADO]   • Civel\sem_match_civel_categorias\cumprimento_de_sentenca_20260429_174738.xlsx
[RESULTADO]   • Civel\sem_match_civel_categorias\desconsideracao_da_personalidade_juridica_20260429_174738.xlsx
[RESULTADO]   • Civel\sem_match_civel_categorias\embargos_20260429_174738.xlsx
[RESULTADO]   • Civel\sem_match_civel_categorias\embargos_de_declaracao_20260429_174738.xlsx
[RESULTADO]   • Civel\sem_match_civel_categorias\embargos_de_divergência_20260429_174738.xlsx
[RESULTADO]   • Civel\sem_match_civel_categorias\embargos_à_execucao_20260429_174738.xlsx
[RESULTADO]   • Civel\sem_match_civel_categorias\excluido_20260429_174738.xlsx
[RESULTADO]   • Civel\sem_match_civel_categorias\exibicao_de_documento_ou_coisa_20260429_174738.xlsx
[RESULTADO]   • Civel\sem_match_civel_categorias\iac_20260429_174738.xlsx
[RESULTADO]   • Civel\sem_match_civel_categorias\impedimentosuspeicao_do_juiz_20260429_174738.xlsx
[RESULTADO]   • Civel\sem_match_civel_categorias\impugnacao_ao_valor_da_causa_20260429_174738.xlsx
[RESULTADO]   • Civel\sem_match_civel_categorias\incidente_de_arbitramento_20260429_174738.xlsx
[RESULTADO]   • Civel\sem_match_civel_categorias\intervencao_de_terceiros_20260429_174738.xlsx
[RESULTADO]   • Civel\sem_match_civel_categorias\irdr_20260429_174738.xlsx
[RESULTADO]   • Civel\sem_match_civel_categorias\liquidacao_de_sentenca_20260429_174738.xlsx
[RESULTADO]   • Civel\sem_match_civel_categorias\litispendência_20260429_174738.xlsx
[RESULTADO]   • Civel\sem_match_civel_categorias\mandado_de_seguranca_civel_20260429_174738.xlsx
[RESULTADO]   • Civel\sem_match_civel_categorias\oposicao_20260429_174738.xlsx
[RESULTADO]   • Civel\sem_match_civel_categorias\pre_executividade_20260429_174738.xlsx
[RESULTADO]   • Civel\sem_match_civel_categorias\producao_antecipada_de_provas_20260429_174738.xlsx
[RESULTADO]   • Civel\sem_match_civel_categorias\recurso_adesivo_20260429_174738.xlsx
[RESULTADO]   • Civel\sem_match_civel_categorias\recurso_especial_20260429_174738.xlsx
[RESULTADO]   • Civel\sem_match_civel_categorias\recurso_extraordinario_20260429_174738.xlsx
[RESULTADO]   • Civel\sem_match_civel_categorias\recurso_inominado_20260429_174738.xlsx
[RESULTADO]   • Civel\sem_match_civel_categorias\recursos_20260429_174738.xlsx
[RESULTADO]   • Civel\sem_match_civel_categorias\rpv_20260429_174738.xlsx
[RESULTADO]   • Civel\sem_match_civel_categorias\tutela_cautelar_antecedente_20260429_174738.xlsx
[RESULTADO]   • Civel\sem_match_civel_categorias\tutela_provisoria_20260429_174738.xlsx
[RESULTADO]   • Civel\sem_match_civel_categorias\uniformizacao_de_jurisprudência_20260429_174738.xlsx
[RESULTADO]   • Civel\sem_match_civel_sem_categoria_20260429_174738.xlsx
[RESULTADO]   • com_match_descartados_20260429_174738.xlsx
[RESULTADO]   • resumo_20260429_174738.xlsx
[RESULTADO]   • Trabalhista\sem_match_trab_bruto_20260429_174738.xlsx
[RESULTADO]   • Trabalhista\sem_match_trab_categorias\acao_de_cumprimento_20260429_174738.xlsx
[RESULTADO]   • Trabalhista\sem_match_trab_categorias\acao_trabalhista_20260429_174738.xlsx
[RESULTADO]   • Trabalhista\sem_match_trab_categorias\agravo_de_instrumento_20260429_174738.xlsx
[RESULTADO]   • Trabalhista\sem_match_trab_categorias\agravo_de_peticao_20260429_174738.xlsx
[RESULTADO]   • Trabalhista\sem_match_trab_categorias\embargos_de_declaracao_20260429_174738.xlsx
[RESULTADO]   • Trabalhista\sem_match_trab_categorias\mandado_de_seguranca_20260429_174738.xlsx
[RESULTADO]   • Trabalhista\sem_match_trab_categorias\recurso_de_revista_20260429_174738.xlsx
[RESULTADO]   • Trabalhista\sem_match_trab_categorias\recurso_extraordinario_20260429_174738.xlsx
[RESULTADO]   • Trabalhista\sem_match_trab_categorias\recurso_ordinario_20260429_174738.xlsx
[RESULTADO]   • Trabalhista\sem_match_trab_categorias\sem_match_trab_todos_classificados_20260429_174738.xlsx
[RESULTADO]   • Trabalhista\sem_match_trab_prioridade_20260429_174738.xlsx
[OUTPUT] ✓ Snapshot da execução salvo em: C:\Users\lucas.paim\Desktop\processo_triage\output\runs\20260429_174625
[OUTPUT] ✓ Pasta latest atualizada em: C:\Users\lucas.paim\Desktop\processo_triage\output\latest
[AUDITORIA] Lido para consolidado 'sem_match': sem_match_civel_20260429_174738.xlsx (4666 linhas)
[AUDITORIA] Lido para consolidado 'sem_match': sem_match_civel_sem_categoria_20260429_174738.xlsx (1592 linhas)
[AUDITORIA] Lido para consolidado 'sem_match': sem_match_trab_bruto_20260429_174738.xlsx (776 linhas)
[AUDITORIA] Lido para consolidado 'sem_match': sem_match_trab_prioridade_20260429_174738.xlsx (6 linhas)
[AUDITORIA] Lido para consolidado 'sem_match': acao_de_cumprimento_20260429_174738.xlsx (207 linhas)
[AUDITORIA] Lido para consolidado 'sem_match': acao_trabalhista_20260429_174738.xlsx (371 linhas)
[AUDITORIA] Lido para consolidado 'sem_match': agravo_de_instrumento_20260429_174738.xlsx (23 linhas)
[AUDITORIA] Lido para consolidado 'sem_match': agravo_de_peticao_20260429_174738.xlsx (12 linhas)
[AUDITORIA] Lido para consolidado 'sem_match': embargos_de_declaracao_20260429_174738.xlsx (53 linhas)
[AUDITORIA] Lido para consolidado 'sem_match': mandado_de_seguranca_20260429_174738.xlsx (1 linhas)
[AUDITORIA] Lido para consolidado 'sem_match': recurso_de_revista_20260429_174738.xlsx (2 linhas)
[AUDITORIA] Lido para consolidado 'sem_match': recurso_extraordinario_20260429_174738.xlsx (1 linhas)
[AUDITORIA] Lido para consolidado 'sem_match': recurso_ordinario_20260429_174738.xlsx (100 linhas)
[AUDITORIA] Lido para consolidado 'sem_match': sem_match_trab_todos_classificados_20260429_174738.xlsx (776 linhas)
[AUDITORIA] Lido para consolidado 'sem_match': sem_match_civel_prioridade_20260429_174738.xlsx (3651 linhas)
[AUDITORIA] Lido para consolidado 'sem_match': agravo_de_instrumento_20260429_174738.xlsx (254 linhas)
[AUDITORIA] Lido para consolidado 'sem_match': agravo_interno_20260429_174738.xlsx (118 linhas)
[AUDITORIA] Lido para consolidado 'sem_match': agravo_regimental_20260429_174738.xlsx (33 linhas)
[AUDITORIA] Lido para consolidado 'sem_match': arguicao_de_inconstitucionalidade_20260429_174738.xlsx (3 linhas)
[AUDITORIA] Lido para consolidado 'sem_match': arresto_ou_sequestro_20260429_174738.xlsx (4 linhas)
[AUDITORIA] Lido para consolidado 'sem_match': assistência_20260429_174738.xlsx (62 linhas)
[AUDITORIA] Lido para consolidado 'sem_match': carta_precatoria_civel_20260429_174738.xlsx (31 linhas)
[AUDITORIA] Lido para consolidado 'sem_match': coisa_julgada_20260429_174738.xlsx (25 linhas)
[AUDITORIA] Lido para consolidado 'sem_match': conflito_de_competência_20260429_174738.xlsx (6 linhas)
[AUDITORIA] Lido para consolidado 'sem_match': cumprimento_de_sentenca_20260429_174738.xlsx (469 linhas)
[AUDITORIA] Lido para consolidado 'sem_match': desconsideracao_da_personalidade_juridica_20260429_174738.xlsx (3 linhas)
[AUDITORIA] Lido para consolidado 'sem_match': embargos_20260429_174738.xlsx (14 linhas)
[AUDITORIA] Lido para consolidado 'sem_match': embargos_de_declaracao_20260429_174738.xlsx (218 linhas)
[AUDITORIA] Lido para consolidado 'sem_match': embargos_de_divergência_20260429_174738.xlsx (5 linhas)
[AUDITORIA] Lido para consolidado 'sem_match': embargos_à_execucao_20260429_174738.xlsx (35 linhas)
[AUDITORIA] Lido para consolidado 'sem_match': excluido_20260429_174738.xlsx (658 linhas)
[AUDITORIA] Lido para consolidado 'sem_match': exibicao_de_documento_ou_coisa_20260429_174738.xlsx (1 linhas)
[AUDITORIA] Lido para consolidado 'sem_match': iac_20260429_174738.xlsx (507 linhas)
[AUDITORIA] Lido para consolidado 'sem_match': impedimentosuspeicao_do_juiz_20260429_174738.xlsx (58 linhas)
[AUDITORIA] Lido para consolidado 'sem_match': impugnacao_ao_valor_da_causa_20260429_174738.xlsx (5 linhas)
[AUDITORIA] Lido para consolidado 'sem_match': incidente_de_arbitramento_20260429_174738.xlsx (9 linhas)
[AUDITORIA] Lido para consolidado 'sem_match': intervencao_de_terceiros_20260429_174738.xlsx (1 linhas)
[AUDITORIA] Lido para consolidado 'sem_match': irdr_20260429_174738.xlsx (4 linhas)
[AUDITORIA] Lido para consolidado 'sem_match': liquidacao_de_sentenca_20260429_174738.xlsx (4 linhas)
[AUDITORIA] Lido para consolidado 'sem_match': litispendência_20260429_174738.xlsx (3 linhas)
[AUDITORIA] Lido para consolidado 'sem_match': mandado_de_seguranca_civel_20260429_174738.xlsx (46 linhas)
[AUDITORIA] Lido para consolidado 'sem_match': oposicao_20260429_174738.xlsx (10 linhas)
[AUDITORIA] Lido para consolidado 'sem_match': pre_executividade_20260429_174738.xlsx (4 linhas)
[AUDITORIA] Lido para consolidado 'sem_match': producao_antecipada_de_provas_20260429_174738.xlsx (4 linhas)
[AUDITORIA] Lido para consolidado 'sem_match': recursos_20260429_174738.xlsx (195 linhas)
[AUDITORIA] Lido para consolidado 'sem_match': recurso_adesivo_20260429_174738.xlsx (3 linhas)
[AUDITORIA] Lido para consolidado 'sem_match': recurso_especial_20260429_174738.xlsx (63 linhas)
[AUDITORIA] Lido para consolidado 'sem_match': recurso_extraordinario_20260429_174738.xlsx (20 linhas)
[AUDITORIA] Lido para consolidado 'sem_match': recurso_inominado_20260429_174738.xlsx (126 linhas)
[AUDITORIA] Lido para consolidado 'sem_match': rpv_20260429_174738.xlsx (8 linhas)
[AUDITORIA] Lido para consolidado 'sem_match': tutela_cautelar_antecedente_20260429_174738.xlsx (2 linhas)
[AUDITORIA] Lido para consolidado 'sem_match': tutela_provisoria_20260429_174738.xlsx (62 linhas)
[AUDITORIA] Lido para consolidado 'sem_match': uniformizacao_de_jurisprudência_20260429_174738.xlsx (1 linhas)
[AUDITORIA] ✓ Consolidado 'sem_match' gerado: auditoria_consolidado_sem_match.xlsx (15311 linhas)
[AUDITORIA] Grupo 'numero_puro' sem arquivos para consolidar.
[AUDITORIA] Grupo 'outro' sem arquivos para consolidar.
[AUDITORIA] ✓ Resumo Excel dos consolidados gerado: auditoria_resumo_consolidados.xlsx
[HISTORICO] ✓ Histórico atualizado em: C:\Users\lucas.paim\Desktop\processo_triage\output\_historico_execucoes\historico_execucoes.csv
[HISTORICO] ✓ Histórico Excel sincronizado em: C:\Users\lucas.paim\Desktop\processo_triage\output\_historico_execucoes\historico_execucoes.xlsx
[COMPARATIVO] ✓ Comparativo com execução anterior salvo em: comparativo_execucao_anterior.json
[COMPARATIVO-MEDIA] ✓ Comparativo com média das últimas execuções salvo em: comparativo_media_ultimas_execucoes.json | critério: ultimas_execucoes_com_sucesso
[ALERTAS] ✓ Nenhum alerta de regressão detectado.
[RESULTADO] ✓ Processamento concluído com sucesso!
[AUDITORIA] Índice, consolidados, resumo Excel, histórico, comparativos e alertas salvos em: C:\Users\lucas.paim\Desktop\processo_triage\output\runs\20260429_174625\_auditoria
[RESULTADO] Pasta da execução atual: C:\Users\lucas.paim\Desktop\processo_triage\output\runs\20260429_174625
[RESULTADO] Pasta latest atualizada: C:\Users\lucas.paim\Desktop\processo_triage\output\latest
[AUDITORIA] ✓ Resumo Markdown da execução gerado: resumo_execucao.md
