[UI] Iniciando processamento...
[UI] 📂 Diretório raiz: C:\Users\lucas.paim\Desktop\processo_triage
[UI] 📂 Entrada: C:\Users\lucas.paim\Desktop\processo_triage\input
[UI] 📂 Saída raiz: C:\Users\lucas.paim\Desktop\processo_triage\output
[UI] 📂 Saída da execução atual: C:\Users\lucas.paim\Desktop\processo_triage\output\runs\20260428_144534
[UI] 📂 Pasta latest: C:\Users\lucas.paim\Desktop\processo_triage\output\latest
[UI] 📝 Log desta execução: C:\Users\lucas.paim\Desktop\processo_triage\logs_ui\ui_run_20260428_144534.log
[UI] 🧾 Pasta de auditoria desta execução: C:\Users\lucas.paim\Desktop\processo_triage\output\runs\20260428_144534\_auditoria
[INPUT] Limpando arquivos internos de execuções anteriores...
[INPUT] Não é necessário limpar manualmente a pasta input/ antes de rodar.
[INPUT] Removendo arquivo interno anterior: Base LO.xlsx
[INPUT] Removendo arquivo interno anterior: Webjur1.csv
[INPUT] Removendo derivado anterior: Webjur1_SANITIZADO.csv
[INPUT] Removendo arquivo interno anterior: DW1.xlsx
[OUTPUT] Limpando somente a área operacional do output...
[OUTPUT] Pastas preservadas: runs/, latest/, _historico_execucoes/
[OUTPUT] Removendo diretório operacional anterior: Civel
[OUTPUT] Removendo arquivo operacional anterior: com_match_descartados_20260427_161338.xlsx
[OUTPUT] Removendo arquivo operacional anterior: resumo_20260427_161338.xlsx
[OUTPUT] Removendo diretório operacional anterior: Trabalhista
[INPUT] Copiando arquivos selecionados para a pasta de processamento...
[INPUT] Preparando fonte 'Base Legal One' com 1 arquivo(s)...
[INPUT] Copiando 'BASE BATIMENTO LIXO (11).xlsx' para 'Base LO.xlsx'...
[INPUT] ✓ Base Legal One: BASE BATIMENTO LIXO (11).xlsx -> Base LO.xlsx
[INPUT] Preparando fonte 'WebJur' com 1 arquivo(s)...
[INPUT] Copiando '20260427_AC_AL_AM_AP_BA_CE_DF_DJ_DO_ES_GO_MA_MG_MS_MT_PA_PB_PE_PI_PR_RJ_RN_RO_RR_RS_SC_SE_SP_TO_xml.csv' para 'Webjur1.csv'...
[INPUT] ✓ WebJur: 20260427_AC_AL_AM_AP_BA_CE_DF_DJ_DO_ES_GO_MA_MG_MS_MT_PA_PB_PE_PI_PR_RJ_RN_RO_RR_RS_SC_SE_SP_TO_xml.csv -> Webjur1.csv
[WEBJUR] Sanitizando arquivo com sanitizador validado: Webjur1.csv
[WEBJUR] Coluna 'Codigo': 0 de 9016 parecem ser data
[WEBJUR] Coluna 'Número do Processo': 17 de 9016 parecem ser data
[WEBJUR] Coluna 'Data da Publicação': 9016 de 9016 parecem ser data
[WEBJUR] Coluna 'Termo Localizado': 0 de 9016 parecem ser data
[WEBJUR] Coluna 'Diário Oficial': 0 de 9016 parecem ser data
[WEBJUR] Coluna 'Página': 3249 de 9016 parecem ser data
[WEBJUR] Coluna 'Juizo': 0 de 9016 parecem ser data
[WEBJUR] Coluna 'Publicação': 0 de 9016 parecem ser data
[WEBJUR] Coluna 'targetID': 0 de 9016 parecem ser data
[WEBJUR] 🟢 Coluna real de data: posição 3 ('Data da Publicação')
[WEBJUR] Sanitizado: 9016 linhas válidas | 0 linhas removidas por data inválida
[WEBJUR] ✓ Bruto preservado em: Webjur1.csv
[WEBJUR] ✓ Sanitizado gerado em: Webjur1_SANITIZADO.csv
[WEBJUR] ✓ Pipeline deverá consumir o sanitizado, não o bruto.
[INPUT] Preparando fonte 'DW' com 1 arquivo(s)...
[INPUT] Copiando 'DW.xlsx' para 'DW1.xlsx'...
[INPUT] ✓ DW: DW.xlsx -> DW1.xlsx
[INPUT] Preparando fonte 'Painel' com 1 arquivo(s)...
[INPUT] Copiando 'Planilha Leitura Painel DFA 30% - DIARIA  24.04.2026  e  27.04.2026.xlsx' para 'Painel1.xlsx'...
[INPUT] ✓ Painel: Planilha Leitura Painel DFA 30% - DIARIA  24.04.2026  e  27.04.2026.xlsx -> Painel1.xlsx
[INPUT] ℹ️ Fonte não informada nesta execução: Modo LegalOne de Intimações
[INPUT] Arquivos atualmente em input/:
[INPUT]   • Base LO.xlsx
[INPUT]   • DW1.xlsx
[INPUT]   • Painel1.xlsx
[INPUT]   • Webjur1.csv
[INPUT]   • Webjur1_SANITIZADO.csv
[PIPELINE] Iniciando robô de classificação...
[PIPELINE] Executando comando: C:\Users\lucas.paim\AppData\Local\Python\pythoncore-3.14-64\pythonw.exe -X utf8 main.py
[PIPELINE] Return code: 0
[PIPELINE] === STDOUT ===
╔══════════════════════════════════════════════════╗
║       TRIAGEM DE PROCESSOS — Legal One           ║
╚══════════════════════════════════════════════════╝
⚠️  VALIDAÇÃO DE ENTRADA:
   [Painel] Arquivos não encontrados: Painel2.xlsx
   [DW] Arquivos não encontrados: DW2.xlsx
   [WebJur] Arquivos não encontrados: Webjur2.csv
   [Modo LegalOne de Intimações] Arquivos não encontrados: ModoLegalOneIntimacoes1.xlsx, ModoLegalOneIntimacoes2.xlsx
   ℹ️  Arquivos ausentes serão ignorados quando possível. Continuando...
════════════════════════════════════════════════════════════
📂 Lendo fonte: LEGAL ONE
Headers lidos no arquivo Base LO.xlsx: ['Pasta', 'Número de CNJ', 'Outro número', 'Número antigo', 'Datacloud diários oficiais / Diário']
   → 149133 linhas no Legal One
   → 268445 identificadores únicos no pool de comparação
════════════════════════════════════════════════════════════
Headers lidos no arquivo Painel1.xlsx: ['TRIBUNAL', 'DATA INTIMAÇÃO', 'Unnamed: 2', 'DATA ACESSO PAINEL ', 'CLASSE JUDICIAL', 'PROCESSO', 'CLIENTE', 'EMAIL']
Headers lidos no arquivo DW1.xlsx: ['Status', 'Advogado', 'Tipo', 'Sistema', 'Processo', 'Disponibilização', 'Data da leitura', 'Prazo', 'Última Pesquisa', '1ª Pesquisa', 'Limite da Leitura', 'Captura da intimação', 'Data para leitura', 'Tip. Intim.', 'Intimado', 'Intimação', 'Partes', 'Juízo', 'Vara', 'Blacklist', 'Link', 'Intimacao deflagrada', 'Intimação ID', 'Texto da Intimação 01', 'Texto da Intimação 02', 'Texto da Intimação 03', 'Texto da Intimação 04', 'Texto da Intimação 05', 'Texto da Intimação 06', 'Texto da Intimação 07']
Headers lidos no arquivo Webjur1.csv: ['Codigo', 'Número do Processo', 'Data da Publicação', 'Termo Localizado', 'Diário Oficial', 'Página', 'Juizo', 'Publicação', 'targetID']
   → 10311 linhas totais nas bases externas
════════════════════════════════════════════════════════════
📋 Classificando tipos de número...
   📊 Classificação dos números:
      • cnj: 10178
      • numero_puro: 118
      • sem_expediente: 8
      • outro: 4
      • stj: 3
════════════════════════════════════════════════════════════
📋 Analisando presença em múltiplas fontes...
   📊 Presença em múltiplas fontes:
      • Em mais de 1 fonte: 185 processos
      • Em apenas 1 fonte:  7960 processos
════════════════════════════════════════════════════════════
📋 Removendo duplicatas...
   🔄 Duplicatas removidas: 2166 linhas
   ✅ Restaram: 8145 linhas únicas
════════════════════════════════════════════════════════════
📋 Extraindo detalhes dos CNJs (UF, Ramo, Ano)...
   📊 Ramo da Justiça (CNJs):
      • Justiça Estadual: 6015
      • Justiça do Trabalho: 1086
      • Justiça Federal: 912
      • STJ: 13
      • Justiça Eleitoral: 8
      • CNJ: 1
   📊 UF (CNJs):
      • RJ: 2473
      • CE: 1092
      • AM: 867
      • DF: 466
      • MG: 461
      • TRT-03: 343
      • TRT-02: 244
      • SP: 232
      • TRT-01: 178
      • BA: 138
      • RS/SC/PR: 137
      • RJ/ES: 117
      • SP/MS: 114
      • PE/CE/AL/SE/PB/RN: 104
      • TRT-15: 100
      ... e mais 42 UFs
════════════════════════════════════════════════════════════
📋 Validando dígito verificador dos CNJs...
   📊 Validação de dígito verificador (CNJs):
      • Válidos:   8033
      • Inválidos: 2
      Exemplos de CNJs inválidos:
        ⚠️  8505248-55.2026.8.06.0000
        ⚠️  8519299-47.2025.8.06.0000
════════════════════════════════════════════════════════════
📋 Verificando idade dos processos...
   📊 Idade dos processos (CNJs, corte: 2015):
      • Antigos (antes de 2015): 361
      • Recentes (2015+):        7674
      Distribuição dos antigos:
        • 1900: 1
        • 1981: 1
        • 1988: 2
        • 1989: 1
        • 1991: 1
        • 1995: 2
        • 1997: 1
        • 1998: 3
        • 1999: 4
        • 2000: 10
        • 2001: 4
        • 2002: 8
        • 2003: 12
        • 2004: 11
        • 2005: 17
        • 2006: 13
        • 2007: 13
        • 2008: 16
        • 2009: 18
        • 2010: 34
        • 2011: 29
        • 2012: 38
        • 2013: 50
        • 2014: 72
════════════════════════════════════════════════════════════
🔍 Comparando com Legal One...
   ➡️ SEM MATCH total:  6623
   ➡️ COM MATCH (descartados): 1522
   ➡️ Trabalhista SEM MATCH: 953
   ➡️ Cível SEM MATCH:      5670
✅ Exportado BRUTO (sem filtro): sem_match_trab_bruto_20260428_144714.xlsx
Categorias atribuídas (value_counts) - Trabalhista:
_categoria
Ação Trabalhista          446
Ação de Cumprimento       226
Recurso Ordinário         138
Agravo de Instrumento      75
Embargos de Declaração     37
Agravo de Petição          24
Décio Freire                3
Recurso de Revista          2
Recurso Extraordinário      2
Name: count, dtype: int64
   📁 Arquivos TRABALHISTA por categoria:
      • agravo_de_instrumento_20260428_144714.xlsx  (75 linhas)
      • agravo_de_peticao_20260428_144714.xlsx  (24 linhas)
      • acao_trabalhista_20260428_144714.xlsx  (446 linhas)
      • acao_de_cumprimento_20260428_144714.xlsx  (226 linhas)
      • embargos_de_declaracao_20260428_144714.xlsx  (37 linhas)
      • recurso_extraordinario_20260428_144714.xlsx  (2 linhas)
      • recurso_ordinario_20260428_144714.xlsx  (138 linhas)
      • recurso_de_revista_20260428_144714.xlsx  (2 linhas)
Categorias atribuídas (value_counts) - Cível:
_categoria_civel
NaN                                          1864
EXCLUIDO                                      907
IAC                                           721
Cumprimento de Sentença                       574
Agravo de Instrumento                         282
Recurso Inominado                             259
Recursos                                      252
Embargos de Declaração                        143
Agravo Interno                                113
Tutela Provisória                              87
Mandado de Segurança Cível                     57
Recurso Especial                               53
Agravo Regimental                              49
Impedimento/Suspeição do Juiz                  43
Embargos à Execução                            42
Assistência                                    37
Carta Precatória Cível                         36
Recurso Extraordinário                         24
Embargos                                       20
Coisa Julgada                                  17
Incidente de Arbitramento                      15
Oposição                                       14
RPV                                             9
Litispendência                                  8
Conflito de Competência                         7
Liquidação de Sentença                          6
Pré-executividade                               5
IRDR                                            4
Recurso Adesivo                                 3
Desconsideração da Personalidade Jurídica       3
Embargos de Divergência                         2
Produção Antecipada de Provas                   2
Exibição de Documento ou Coisa                  2
Incompetência Relativa                          2
Arresto ou Sequestro                            2
Tutela Cautelar Antecedente                     2
Carta de Ordem                                  1
Falsidade Documental                            1
Chamamento ao Processo                          1
Impugnação ao Valor da Causa                    1
Name: count, dtype: int64
Prioridade cível (value_counts):
_prioridade_civel
PRIORIDADE    4284
              1386
Name: count, dtype: int64
Confiança cível (histograma simples):
_confidence_civel
0       272
5        59
8      1121
16      412
75        9
83        2
86      223
91       38
95      120
99      907
100    2507
Name: count, dtype: int64
Arquivo cível exportado: C:\Users\lucas.paim\Desktop\processo_triage\output\Civel\sem_match_civel_20260428_144714.xlsx
   📁 Arquivos CÍVEL por categoria:
      • agravo_interno_20260428_144714.xlsx  (113 linhas)
      • agravo_regimental_20260428_144714.xlsx  (49 linhas)
      • agravo_de_instrumento_20260428_144714.xlsx  (282 linhas)
      • arresto_ou_sequestro_20260428_144714.xlsx  (2 linhas)
      • assistência_20260428_144714.xlsx  (37 linhas)
      • carta_precatoria_civel_20260428_144714.xlsx  (36 linhas)
      • carta_de_ordem_20260428_144714.xlsx  (1 linhas)
      • chamamento_ao_processo_20260428_144714.xlsx  (1 linhas)
      • coisa_julgada_20260428_144714.xlsx  (17 linhas)
      • conflito_de_competência_20260428_144714.xlsx  (7 linhas)
      • cumprimento_de_sentenca_20260428_144714.xlsx  (574 linhas)
      • desconsideracao_da_personalidade_juridica_20260428_144714.xlsx  (3 linhas)
      • excluido_20260428_144714.xlsx  (907 linhas)
      • embargos_20260428_144714.xlsx  (20 linhas)
      • embargos_de_declaracao_20260428_144714.xlsx  (143 linhas)
      • embargos_de_divergência_20260428_144714.xlsx  (2 linhas)
      • embargos_à_execucao_20260428_144714.xlsx  (42 linhas)
      • exibicao_de_documento_ou_coisa_20260428_144714.xlsx  (2 linhas)
      • falsidade_documental_20260428_144714.xlsx  (1 linhas)
      • iac_20260428_144714.xlsx  (721 linhas)
      • irdr_20260428_144714.xlsx  (4 linhas)
      • impedimentosuspeicao_do_juiz_20260428_144714.xlsx  (43 linhas)
      • impugnacao_ao_valor_da_causa_20260428_144714.xlsx  (1 linhas)
      • incidente_de_arbitramento_20260428_144714.xlsx  (15 linhas)
      • incompetência_relativa_20260428_144714.xlsx  (2 linhas)
      • liquidacao_de_sentenca_20260428_144714.xlsx  (6 linhas)
      • litispendência_20260428_144714.xlsx  (8 linhas)
      • mandado_de_seguranca_civel_20260428_144714.xlsx  (57 linhas)
      • oposicao_20260428_144714.xlsx  (14 linhas)
      • producao_antecipada_de_provas_20260428_144714.xlsx  (2 linhas)
      • pre_executividade_20260428_144714.xlsx  (5 linhas)
      • rpv_20260428_144714.xlsx  (9 linhas)
      • recurso_adesivo_20260428_144714.xlsx  (3 linhas)
      • recurso_especial_20260428_144714.xlsx  (53 linhas)
      • recurso_extraordinario_20260428_144714.xlsx  (24 linhas)
      • recurso_inominado_20260428_144714.xlsx  (259 linhas)
      • recursos_20260428_144714.xlsx  (252 linhas)
      • tutela_cautelar_antecedente_20260428_144714.xlsx  (2 linhas)
      • tutela_provisoria_20260428_144714.xlsx  (87 linhas)
════════════════════════════════════════════════════════════
📁 Arquivos gerados em: C:\Users\lucas.paim\Desktop\processo_triage\output
   • Prioridade (Décio Trabal): sem_match_trab_prioridade_20260428_144714.xlsx
   • Categorias TRABALHISTA -> C:\Users\lucas.paim\Desktop\processo_triage\output\Trabalhista\sem_match_trab_categorias
   • Todos classificados TRABALHISTA -> sem_match_trab_todos_classificados_20260428_144714.xlsx
   • Sem categoria TRABALHISTA: sem_match_trab_sem_categoria_20260428_144714.xlsx
   • CÍVEL exportado: sem_match_civel_20260428_144714.xlsx
   • Categorias CÍVEL -> C:\Users\lucas.paim\Desktop\processo_triage\output\Civel\sem_match_civel_categorias
   • Prioridade CÍVEL -> C:\Users\lucas.paim\Desktop\processo_triage\output\Civel\prioridade\sem_match_civel_prioridade_20260428_144714.xlsx
   • Sem categoria CÍVEL: sem_match_civel_sem_categoria_20260428_144714.xlsx
   • COM MATCH descartados: com_match_descartados_20260428_144714.xlsx
════════════════════════════════════════════════════════════
[PIPELINE] === STDERR ===
[2026-04-28 14:47:14] [INFO] matcher — 🚀 INICIANDO PROCESSO DE TRIAGEM
[2026-04-28 14:47:14] [INFO] matcher — 🚀 INICIANDO PROCESSO DE TRIAGEM
[2026-04-28 14:47:14] [INFO] reader — Lendo: C:\Users\lucas.paim\Desktop\processo_triage\input\Base LO.xlsx
[2026-04-28 14:47:14] [INFO] reader — Arquivo efetivamente lido para 'Base LO.xlsx': Base LO.xlsx
[2026-04-28 14:47:25] [INFO] reader — Colunas lidas do arquivo 'Base LO.xlsx': ['LMPSky - 27/04/2026', 'Unnamed: 1', 'Unnamed: 2', 'Unnamed: 3', 'Unnamed: 4']
[2026-04-28 14:47:25] [INFO] reader — Primeiras 3 linhas de 'Base LO.xlsx':
  LMPSky - 27/04/2026                 Unnamed: 1    Unnamed: 2     Unnamed: 3                                            Unnamed: 4
0               Pasta              Número de CNJ  Outro número  Número antigo                   Datacloud diários oficiais / Diário
1  Proc - 0050859/001  0010903-71.2018.5.03.0029           NaN            NaN  Diário do Tribunal Regional do Trabalho da 3ª Região
2  Proc - 0001809/001  0010815-45.2018.5.03.0025           NaN            NaN                                                   NaN
[2026-04-28 14:47:33] [INFO] reader — Colunas lidas do arquivo 'Base LO.xlsx': ['Pasta', 'Número de CNJ', 'Outro número', 'Número antigo', 'Datacloud diários oficiais / Diário']
[2026-04-28 14:47:33] [INFO] reader — Primeiras 3 linhas de 'Base LO.xlsx':
                Pasta              Número de CNJ Outro número Número antigo                   Datacloud diários oficiais / Diário
0  Proc - 0050859/001  0010903-71.2018.5.03.0029          NaN           NaN  Diário do Tribunal Regional do Trabalho da 3ª Região
1  Proc - 0001809/001  0010815-45.2018.5.03.0025          NaN           NaN                                                   NaN
2  Proc - 0017762/001  6549225-03.2009.8.13.0024          NaN           NaN           Diário da Justiça do Estado de Minas Gerais
[2026-04-28 14:47:33] [INFO] reader — Pulou 1 linha(s) de cabeçalho extra
[2026-04-28 14:47:33] [INFO] reader — Coluna CNJ mapeada: 'Número de CNJ'
[2026-04-28 14:47:34] [INFO] reader — Base LO.xlsx: total de linhas lidas=149133 | CNJ preenchido=139008 | CNJ vazio=10125
[2026-04-28 14:47:34] [WARNING] reader — Base LO.xlsx: exemplos de linhas com CNJ vazio: [{'Pasta': 'Proc - 0018146/001', 'Número de CNJ': '', 'Outro número': '1028305', 'Número antigo': '2008/0025130-1', 'Datacloud diários oficiais / Diário': 'Diário da Justiça do STJ'}, {'Pasta': 'Proc - 0002924', 'Número de CNJ': '', 'Outro número': '', 'Número antigo': '00118996520155030032', 'Datacloud diários oficiais / Diário': ''}, {'Pasta': 'Proc - 0002925', 'Número de CNJ': '', 'Outro número': '', 'Número antigo': '00126626020135010204', 'Datacloud diários oficiais / Diário': ''}, {'Pasta': 'Proc - 0002929', 'Número de CNJ': '', 'Outro número': '', 'Número antigo': '00260607220155240072', 'Datacloud diários oficiais / Diário': ''}, {'Pasta': 'Proc - 0002933', 'Número de CNJ': '', 'Outro número': '', 'Número antigo': '10000916220145020241', 'Datacloud diários oficiais / Diário': ''}]
[2026-04-28 14:47:34] [INFO] reader — Colunas mapeadas: CNJ='Número de CNJ', Data='None', Texto='None', Cliente='None', Tribunal/Sistema extraídos por fonte
[2026-04-28 14:47:34] [INFO] matcher — Legal One: 149133 linhas lidas
[2026-04-28 14:47:34] [INFO] matcher — Legal One: 149133 linhas lidas
[2026-04-28 14:47:49] [INFO] matcher — Legal One: 268445 identificadores no pool
[2026-04-28 14:47:49] [INFO] matcher — Legal One: 268445 identificadores no pool
[2026-04-28 14:47:49] [INFO] reader — 📂 Lendo fonte: PAINEL
[2026-04-28 14:47:49] [INFO] reader — Lendo: C:\Users\lucas.paim\Desktop\processo_triage\input\Painel1.xlsx
[2026-04-28 14:47:49] [INFO] reader — Arquivo efetivamente lido para 'Painel1.xlsx': Painel1.xlsx
[2026-04-28 14:47:49] [INFO] reader — Colunas lidas do arquivo 'Painel1.xlsx': ['TRIBUNAL', 'DATA INTIMAÇÃO', 'Unnamed: 2', 'DATA ACESSO PAINEL ', 'CLASSE JUDICIAL', 'PROCESSO', 'CLIENTE', 'EMAIL']
[2026-04-28 14:47:49] [INFO] reader — Primeiras 3 linhas de 'Painel1.xlsx':
  TRIBUNAL       DATA INTIMAÇÃO     Unnamed: 2  DATA ACESSO PAINEL  CLASSE JUDICIAL                                                             PROCESSO                                        CLIENTE EMAIL
0      STJ  2025-04-27 00:00:00  Não Informado  2026-04-27 00:00:00  Agravo em Resp  AgInt no AGRAVO EM RECURSO ESPECIAL Nº 3033843 - MG(2025/0331902-6)                DHD IMOVEIS E CONSERVADORA LTDA   NaN
1      STJ  2025-04-27 00:00:00  Não Informado  2026-04-27 00:00:00  Agravo em Resp           AGRAVO EM RECURSO ESPECIAL Nº 3152065 - RR(2025/0511830-5)                            RORAIMA ENERGIA S.A   NaN
2      STJ  2025-04-27 00:00:00  Não Informado  2026-04-27 00:00:00  Agravo em Resp           AGRAVO EM RECURSO ESPECIAL Nº 3195767 - PI(2026/0069767-9)  EQUATORIAL PIAUI DISTRIBUIDORA DE ENERGIA S.A   NaN
[2026-04-28 14:47:49] [INFO] reader — Coluna CNJ mapeada: 'PROCESSO'
[2026-04-28 14:47:49] [INFO] reader — Painel1.xlsx: total de linhas lidas=55 | CNJ preenchido=55 | CNJ vazio=0
C:\Users\lucas.paim\Desktop\processo_triage\reader.py:85: UserWarning: Parsing dates in %Y-%m-%d %H:%M:%S format when dayfirst=True was specified. Pass `dayfirst=False` or specify a format to silence this warning.
  pd_timestamp = pd.to_datetime(val, errors="coerce", dayfirst=True)
[2026-04-28 14:47:49] [INFO] reader — Colunas mapeadas: CNJ='PROCESSO', Data='DATA INTIMAÇÃO', Texto='CLASSE JUDICIAL', Cliente='CLIENTE', Tribunal/Sistema extraídos por fonte
[2026-04-28 14:47:49] [WARNING] reader — Arquivo não encontrado, pulando: C:\Users\lucas.paim\Desktop\processo_triage\input\Painel2.xlsx
[2026-04-28 14:47:49] [INFO] reader — 📂 Lendo fonte: DW
[2026-04-28 14:47:49] [INFO] reader — Lendo: C:\Users\lucas.paim\Desktop\processo_triage\input\DW1.xlsx
[2026-04-28 14:47:49] [INFO] reader — Arquivo efetivamente lido para 'DW1.xlsx': DW1.xlsx
C:\Users\lucas.paim\AppData\Local\Python\pythoncore-3.14-64\Lib\site-packages\openpyxl\styles\stylesheet.py:237: UserWarning: Workbook contains no default style, apply openpyxl's default
  warn("Workbook contains no default style, apply openpyxl's default")
[2026-04-28 14:47:49] [INFO] reader — Colunas lidas do arquivo 'DW1.xlsx': ['Status', 'Advogado', 'Tipo', 'Sistema', 'Processo', 'Disponibilização', 'Data da leitura', 'Prazo', 'Última Pesquisa', '1ª Pesquisa', 'Limite da Leitura', 'Captura da intimação', 'Data para leitura', 'Tip. Intim.', 'Intimado', 'Intimação', 'Partes', 'Juízo', 'Vara', 'Blacklist', 'Link', 'Intimacao deflagrada', 'Intimação ID', 'Texto da Intimação 01', 'Texto da Intimação 02', 'Texto da Intimação 03', 'Texto da Intimação 04', 'Texto da Intimação 05', 'Texto da Intimação 06', 'Texto da Intimação 07']
[2026-04-28 14:47:49] [INFO] reader — Primeiras 3 linhas de 'DW1.xlsx':
                             Status                              Advogado      Tipo                    Sistema                   Processo     Disponibilização      Data da leitura                                            Prazo      Última Pesquisa          1ª Pesquisa    Limite da Leitura Captura da intimação    Data para leitura Tip. Intim.                                      Intimado   Intimação                                                                                       Partes                              Juízo                                                                                    Vara Blacklist                                                                                                                                                                  Link Intimacao deflagrada Intimação ID                                                                                                                                                                                                                                                                                                                                                                                                                                                                                                                                                                                                                                                                                                                                                                                                                                                                                                                                                                                                                                                                                                                                                                                                                                                                                                                                                                                                                                                                                                                                                                                                                                                                                                                                                                                                                                                                                                                                                                                                                                                                                                                                                                                                                                                                                                                                                                                                                                                                                                                                                                                                                                                                                                                                                                                                                                                                                                                                                                                                                                                                                                                                                                                                                                                                                                                                                                                                                                                                                                                                                                                                                                                                                                                                                                                                                                                                                                                                                                                                                                                                                                                                                                                                                                                                                                                                                                                                                                                                                                                                                                                                                                                                                                                                                                                                                                                                                                                                                                                                                                                                                                                                                                                                                                                                                                                                                                                                                                                                                                                                                                                                                                                                                                                                                                                                                                                                                                                                                                                                                                                                                                                                                                                                                                                                                                                                                                                                                                                                                                                                                                                                                                                                                                                                                                                                                                                                                                                                                                                                                                                                                                                                                                                                                                                                                                                                                                                                                                                                                                                                                                                                                                                                                                                                                                                                                                                                                                                                                                                                                                                                                                                                                                                                                                                                                                                                                                                                                                                                                                                                                                                                                                                                                                                                                                                                                                                                                                                                                                                                                                                                                                                                                                                                                                                                                                                                                                                                                                                                                                                                                                                                                                                                                                                                                                                                                                                                                                                                                                                                                                                                                                                                                                                                                                                                                                                                                                                                                                                                                                                                                                                                                                                                                                                                                                                                                                                                                                                                                                                                                                                                                                                                                                                                                                                                                                                                                                                                                                                                                                                                                                                                                                                                                                                                                                                                                                                                                                                                                                                                                                                                                                                                                                                                                                                                                                                                                                                                                                                                                                                                                                                                                                                                                                                                                                                                                                                                                                                                                                                                                                                                                                                                                                                                                                                                                                                                                                                                                                                                                                                                                                                                                                                                                                                                                                                                                                                                                                                                                                                                                                                                                                                                                                                                                                                                                                                                                                                                                                                                                                                                                                                                                                                                                                                                                                                                                                                                                                                                                                                                                                                                                                                                                                                                                                                                                                                                                                                                                                                                                                                                                                                                                                                                                                                                                                                                                                                                                                                                                                                                                                                                                                                                                                                                                                                                                                                                                                                                                                                                                                                                                                                                                                                                                                                                                                                                                                                                                                                                                                                                                                                                                                                                                                                                                                                                                                                                                                                                                                                                                                                                                                                                                                                                                                                                                                                                                                                                                                                                                                                                                                                                                                                                                                                                                                                                                                                                                                                                                                                                                                                                                                                                                                                                                                                                                                                                                                                                                                                                                                                                                                                                                                                                                                                                                                                                                                                                                                                                                                                                                                                                                                                                                                                                                                                                                                                                                                                                                                                                                                                                                                                                                                                                                                                                                                                                                                                                                                                                                                                                                                                                                                                                                                                                                                                                                                                                                                                                                                                                                                                                                                                                                                                                                                                                                                                                                                                                                                                                                                                                                                                                                                                                                                                                                                                                                                                                                                                                                                                                                                                                                                                                                                                                                                                                                                                                                                                                                                                                                                                                                                                                                                                                                                                                                                                                                                                                                                                                                                                                                                                                                                                                                                                                                                                                                                                                                                                                                                                                                                                                                                                                                                                                                                                                                                                                                                                                                                                                                                                                                                                                                                                                                                                                                                                                                                                                                                                                                                                                                                                                                                                                                                                                                                                                                                                                                                                                                                                                                                                                                                                                                                                                                                                                                                                                                                                                                                                                                                                                                                                                                                                                                                                                                                                                Texto da Intimação 01 Texto da Intimação 02 Texto da Intimação 03 Texto da Intimação 04 Texto da Intimação 05 Texto da Intimação 06 Texto da Intimação 07
0  6003 - FINALIZADA VIA WEBSERVICE  DECIO FLAVIO GONCALVES TORRES FREIRE  ADVOGADO  TJMG - PJE - 1ª instância  6097937-71.2015.8.13.0024  16/04/2026 15:10:00  20/04/2026 09:14:23                                 Prazo: sem prazo  27/04/2026 03:20:00  17/04/2026 00:41:44                  NaN  20/04/2026 09:14:23  17/04/2026 00:00:00   Intimação  INVESTPLAN EMPREENDIMENTOS URBANOS LTDA - ME  2944627975              INVESTPLAN EMPREENDIMENTOS URBANOS LTDA - ME X PAULA LADEIRA CALVO e outros (2)                     Belo Horizonte                                              2ª Vara Cível da Comarca de Belo Horizonte       Não  https://objectstorage.sa-saopaulo-1.oraclecloud.com/n/grgzajrtoi0u/b/eprotocol/o/intimation%2FDFA%2F20260420%2F6097937-71.2015.8.13.0024%2F31012090%2F2944627975.pdf                  Não     31012090                                                                                                                                                                                                                                                                                                                                                                                                                                                                                                                                                                                                                                                                                                                                                                                                                                                                                                                                                                                                                                                                                                                                                                                                                                                                                                                                                                                                                                                                                                                                                                                                                                                                                                                                                                                                                                                                                                                                                                                                                                                                                                                                                                                                                                                                                                                                                                                                                                                                                                                                                                                                                                                                                                                                                                                                                                                                                                                                                                                                                                                                                                                                                                                                                                                                                                                                                                                                                                                                                                                                                                                                                                                                                                                                                                                                                                                                                                                                                                                                                                                                                                                                                                                                                                                                                                                                                                                                                                                                                                                                                                                                                                                                                                                                                                                                                                                                                                                                                                                                                                                                                                                                                                                                                                                                                                                                                                                                                                                                                                                                                                                                                                                                                                                                                                                                                                                                                                                                                                                                                                                                                                                                                                                                                                                                                                                                                                                                                                                                                                                                                                                                                                                                                                                                                                                                                                                                                                                                                                                                                                                                                                                                                                                                                                                                                                                                                                                                                                                                                                                                                                                                                                                                                                                                                                                                                                                                                                                                                                                                                                                                                                                                                                                                                                                                                                                                                                                                                                                                                                                                                                                                                                                                                                                                                                                                                                                                                                                                                                                                                                                                                                                                                                                                                                                                                                                                                                                                                                                                                                                                                                                                                                                                                                                                                                                                                                                                                                                                                                                                                                                                                                                                                                                                                                                                                                                                                                                                                                                                                                                                                                                                                                                                                                                                                                                                                                                                                                                                                                                                                                                                                                                                                                                                                                                                                                                                                                                                                                                                                                                                                                                                                                                                                                                                                                                                                                                                                                                                                                                                                                                                                                                                                                                                                                                                                                                                                                                                                                                                                                                                                                                                                                                                                                                                                                                                                                                                                                                                                                                                                                                                                                                                                                                                                                                                                                                                                                                                                                                                                                                                                                                                                                                                                                                                                                                                                                                                                                                                                                                                                                                                                                                                                                                                                                                                                                                                                                                                                                                                                                                                                                                                                                                                                                                                                                                                                                                                                                                                                                                                                                                                                                                                                                                                                                                                                                                                                                                                                                                                                                                                                                                                                                                                                                                                                                                                                                                                                                                                                                                                                                                                                                                                                                                                                                                                                                                                                                                                                                                                                                                                                                                                                                                                                                                                                                                                                                                                                                                                                                                                                                                                                                                                                                                                                                                                                                                                                                                                                                                                                                                                                                                                                                                                                                                                                                                                                                                                                                                                                                                                                                                                                                                                                                                                                                                                                                                                                                                                                                                                                                                                                                                                                                                                                                                                                                                                                                                                                                                                                                                                                                                                                                                                                                                                                                                                                                                                                                                                                                                                                                                                                                                                                                                                                                                                                                                                                                                                                                                                                                                                                                                                                                                                                                                                                                                                                                                                                                                                                                                                                                                                                                                     INTIMAÇÃO CAPTURADA EM: 20/04/2026\n====================================\nNúmero do processo: 6097937-71.2015.8.13.0024\nDisponibilização: 16/04/2026\nPesquisado: DECIO FLAVIO GONCALVES TORRES FREIRE - ADVOGADO\nTribunal/Sistema: TJMG-PJE-1ª instância\nPrazo:  sem prazo\nIntimado: INVESTPLAN EMPREENDIMENTOS URBANOS LTDA - ME\nParte: INVESTPLAN EMPREENDIMENTOS URBANOS LTDA - ME X PAULA LADEIRA CALVO e outros (2)\nVara/Juízo:  2ª Vara Cível da Comarca de Belo Horizonte - Belo Horizonte\nTipo : Intimação\n====================================\n------------------------\nIntimação (2944627975)\nDestinatário INVESTPLAN EMPREENDIMENTOS URBANOS LTDA - ME\nPrazo 0 sem prazo\nFechado? NÃO\nINTIMAÇÃO LIDA SEM A ABERTURA DO PRAZO\n------------------------\n20/04/2026 \nNúmero: 6097937-71.2015.8.13.0024  \nClasse: [CÍVEL] PROCEDIMENTO COMUM CÍVEL \n Órgão julgador: 2ª Vara Cível da Comarca de Belo Horizonte \n Última distribuição : 02/10/2015 \n Valor da causa: R$ 1.000,00 \n Assuntos: Indenização por Dano Material \n Segredo de justiça? NÃO \n Justiça gratuita? NÃO \n Pedido de liminar ou antecipação de tutela? NÃO\n \n \nPoder Judiciário do Estado de Minas Gerais\nPJe - Processo Judicial Eletrônico\nPartes Advogados\nINVESTPLAN EMPREENDIMENTOS URBANOS LTDA - ME\n(AUTOR)\nNARA DE ARAUJO MONTE (ADVOGADO)\nDECIO FLAVIO GONCALVES TORRES FREIRE\n(ADVOGADO)\nLEONARDO JOSE MELO BRANDAO (ADVOGADO)\nCRISTIANE BARRETO REIS (ADVOGADO)\nPAULA LADEIRA CALVO (RÉU/RÉ)\nTATIANA NILO ABRANCHES (ADVOGADO)\nFLAVIO LADEIRA GUIMARAES (RÉU/RÉ)\nTATIANA NILO ABRANCHES (ADVOGADO)\nADRIANA LADEIRA CALVO (RÉU/RÉ)\nTATIANA NILO ABRANCHES (ADVOGADO)\nDocumentos\nId. Data da Assinatura Documento Tipo\n10664167883 16/04/2026 15:10 Despacho IntimaçãoNum. 10664167883 - Pág. 1\nAssinado eletronicamente por: RAQUEL DE AVILA LEITE - 16/04/2026 15:10:58https://pje.tjmg.jus.br:443/pje/Processo/ConsultaDocumento/listView.seam?x=26041615105890300010660307052Número do documento: 26041615105890300010660307052\n PODER JUDICIÁRIO DO ESTADO DE MINAS GERAIS\nJustiça de Primeira Instância   \nComarca de Belo Horizonte / 2ª Vara Cível da Comarca de Belo Horizonte \n Avenida Raja Gabaglia, 1753, Luxemburgo, Belo Horizonte - MG - CEP: 30380-900\n \nPROCESSO Nº: 6097937-71.2015.8.13.0024 \nCLASSE: [CÍVEL] PROCEDIMENTO COMUM CÍVEL (7) \nASSUNTO: [Indenização por Dano Material] \nAUTOR: INVESTPLAN EMPREENDIMENTOS URBANOS LTDA - ME CPF: 19.403.484/0001-48\nRÉU: PAULA LADEIRA CALVO CPF: 692.465.216-68 e outros \n \nDESPACHO\n \n Vistos, etc.\nTrata-se de pedido formulado pela parte autora em audiência de instrução e julgamento (ID\n10531987318) para aplicação da pena de confissão aos réus, em virtude de sua ausência ao\nato, embora devidamente cientes.\nConsta no termo de audiência que este Juízo determinou à secretaria que certificasse sobre o\nretorno dos mandados de intimação dos réus residentes em Belo Horizonte. A certidão de ID\n10530879730, por sua vez, informa que, até a data da audiência, os Avisos de Recebimento\n(ARs) ainda não haviam sido juntados aos autos.\nA aplicação da pena de confissão exige a comprovação inequívoca da ciência da parte sobre a\ndata e horário da audiência para a qual deveria comparecer. \nPortanto, por cautela e para garantir a regularidade do feito, determino:\n1 - Aguarde-se a juntada dos Avisos de Recebimento (ARs) referentes às intimações dos réus\nADRIANA LADEIRA CALVO e FLAVIO LADEIRA GUIMARAES.\n2 - Com a juntada dos documentos, intimem-se as partes para que se manifestem no prazo\ncomum de 5 (cinco) dias, especialmente sobre o pedido de aplicação da pena de confissão.Num. 10664167883 - Pág. 2\nAssinado eletronicamente por: RAQUEL DE AVILA LEITE - 16/04/2026 15:10:58https://pje.tjmg.jus.br:443/pje/Processo/ConsultaDocumento/listView.seam?x=26041615105890300010660307052Número do documento: 26041615105890300010660307052\nApós, voltem-me os autos conclusos para decisão.\nP.I.\nBelo Horizonte, data da assinatura eletrônica.  \n \nLUIZ CARLOS REZENDE E SANTOS\nJuiz(íza) de Direito\n 2ª Vara Cível da Comarca de Belo Horizonte\n------------------------\nhttps://objectstorage.sa-saopaulo-1.oraclecloud.com/n/grgzajrtoi0u/b/eprotocol/o/intimation%2FDFA%2F20260420%2F6097937-71.2015.8.13.0024%2F31012090%2F2944627975.pdf\n====================================\nDW LAW - Leitura automatizada painel de intimações\nID Intimação: 2944627975\nData da captura: 20/04/26\nALERTA DE INSTRUÇÃO: Nos termos do art. 5º, §1,º da Lei 11.419/2016, o acesso ao conteúdo das intimações processuais no sistema de processo eletrônico efetiva  \na consulta e certifica a ciência da intimação, deflagrando imediatamente o início da contagem do prazo. \nPortanto, É NECESSÁRIA A VERIFICAÇÃO DIRETA PELO USUÁRIO DO PRAZO INICIAL E FINAL para fins de resposta e/ou prática de ato processual pertinente à intimação lida.\n#ID_DW31012090#\n====================================\n                   NaN                   NaN                   NaN                   NaN                   NaN                   NaN
1  6003 - FINALIZADA VIA WEBSERVICE  DECIO FLAVIO GONCALVES TORRES FREIRE  ADVOGADO  TJMG - PJE - 1ª instância  5131112-58.2024.8.13.0024  16/04/2026 11:18:00  17/04/2026 01:11:03  Prazo:10 dias. Prazo final: 27/04/2026 23:59:59  27/04/2026 03:20:33  17/04/2026 00:42:13  27/04/2026 23:59:00  17/04/2026 01:11:03  17/04/2026 00:00:00   Intimação                       FUNDACAO GETULIO VARGAS  2944333603  VIRGINIA LUCIA DE OLIVEIRA CARVALHO e outros (5) X MUNICIPIO DE BELO HORIZONTE e outros (1)  Belo Horizonte - Juizado Especial   1ª Unidade Jurisdicional da Fazenda Pública do Juizado Especial 42º JD Belo Horizonte       Não  https://objectstorage.sa-saopaulo-1.oraclecloud.com/n/grgzajrtoi0u/b/eprotocol/o/intimation%2FDFA%2F20260417%2F5131112-58.2024.8.13.0024%2F31012129%2F2944333603.pdf                  Não     31012129  INTIMAÇÃO CAPTURADA EM: 17/04/2026\n====================================\nNúmero do processo: 5131112-58.2024.8.13.0024\nDisponibilização: 16/04/2026\nPesquisado: DECIO FLAVIO GONCALVES TORRES FREIRE - ADVOGADO\nTribunal/Sistema: TJMG-PJE-1ª instância\nPrazo: 10 dias. Prazo final: 27/04/2026 23:59:59\nIntimado: FUNDACAO GETULIO VARGAS\nParte: VIRGINIA LUCIA DE OLIVEIRA CARVALHO e outros (5) X MUNICIPIO DE BELO HORIZONTE e outros (1)\nVara/Juízo:  1ª Unidade Jurisdicional da Fazenda Pública do Juizado Especial 42º JD Belo Horizonte - Belo Horizonte - Juizado Especial\nTipo : Intimação\n====================================\n------------------------\nIntimação (2944333603)\nDestinatário FUNDACAO GETULIO VARGAS\nPrazo 10 dias\nData limite para manifestação 27/04/2026 23:59:59\nFechado? NÃO\nINTIMAÇÃO LIDA SEM A ABERTURA DO PRAZO\n------------------------\n17/04/2026 \nNúmero: 5131112-58.2024.8.13.0024  \nClasse: [CÍVEL] PROCEDIMENTO DO JUIZADO ESPECIAL DA FAZENDA PÚBLICA \n Órgão julgador: 1ª Unidade Jurisdicional da Fazenda Pública do Juizado Especial 42º JD Belo\nHorizonte \n Última distribuição : 28/05/2024 \n Valor da causa: R$ 1.000,00 \n Assuntos: Anulação \n Segredo de justiça? NÃO \n Justiça gratuita? SIM \n Pedido de liminar ou antecipação de tutela? NÃO\n \n \nPoder Judiciário do Estado de Minas Gerais\nPJe - Processo Judicial Eletrônico\nPartes Advogados\nWILSON NOBUO IWAZAWA JUNIOR (REQUERENTE)\nBRUNO ROGER DE FARIA RIBEIRO (ADVOGADO)\nVIRGINIA LUCIA DE OLIVEIRA CARVALHO (REQUERENTE)\nBRUNO ROGER DE FARIA RIBEIRO (ADVOGADO)\nTHAIS CRISTINA GOMES FURBINO (REQUERENTE)\nBRUNO ROGER DE FARIA RIBEIRO (ADVOGADO)\nRENATA DE LEORNE SALLES (REQUERENTE)\nBRUNO ROGER DE FARIA RIBEIRO (ADVOGADO)\nREGINA MARTHA COSTA DE ASSIS TACCO\n(REQUERENTE)\nBRUNO ROGER DE FARIA RIBEIRO (ADVOGADO)\nRAYANE MINAS E SILVA (REQUERENTE)\nBRUNO ROGER DE FARIA RIBEIRO (ADVOGADO)\nFUNDACAO GETULIO VARGAS (REQUERIDO(A))\nDECIO FLAVIO GONCALVES TORRES FREIRE\n(ADVOGADO)\nMUNICIPIO DE BELO HORIZONTE (REQUERIDO(A))\nDocumentos\nId. Data da Assinatura Documento Tipo\n10663906282 16/04/2026 11:18 Projeto de Sentença-Jesp IntimaçãoNum. 10663906282 - Pág. 1\nAssinado eletronicamente por: ANDREA DIAS MONTEIRO DE CASTRO - 16/04/2026 11:18:19https://pje.tjmg.jus.br:443/pje/Processo/ConsultaDocumento/listView.seam?x=26041611181946900010660045601Número do documento: 26041611181946900010660045601\nPODER JUDICIÁRIO DO ESTADO DE MINAS GERAIS  \nJustiça de Primeira Instância  \nComarca de Belo Horizonte  / 1ª Unidade Jurisdicional da Fazenda Pública do Juizado Especial 42º JD Belo Horizonte\nAvenida Francisco Sales, 1446, Santa Efigênia, Belo Horizonte - MG - CEP: 30150-224   \n \nPROJETO DE SENTENÇA\nPROCESSO:   5131112-58.2024.8.13.0024\nREQUERENTE: VIRGINIA LUCIA DE OLIVEIRA CARVALHO CPF: 068.822.076-23\nREQUERENTE: REGINA MARTHA COSTA DE ASSIS TACCO CPF: 097.226.526-05\nREQUERENTE: THAIS CRISTINA GOMES FURBINO CPF: 113.763.816-80\nREQUERENTE: RENATA DE LEORNE SALLES CPF: 764.698.406-04\nREQUERENTE: RAYANE MINAS E SILVA CPF: 139.269.676-33\nREQUERENTE: WILSON NOBUO IWAZAWA JUNIOR CPF: 047.986.426-81\nREQUERIDO(A): MUNICIPIO DE BELO HORIZONTE CPF: 18.715.383/0001-40\nREQUERIDO(A): FUNDACAO GETULIO VARGAS CPF: 33.641.663/0001-44\n        Vistos, etc.\n        Dispensado o relatório nos termos do artigo 38 da Lei nº 9.099/95, aplicado subsidiariamente\naos feitos que tramitam no Juizado da Fazenda Pública (artigo 27 da Lei 12.153/2009).         \n        I – BREVE RELATO\n        VIRGINIA LUCIA DE OLIVEIRA CARVALHO, REGINA MARTHA COSTA DE ASSIS\nTACCO, THAIS CRISTINA GOMES FURBINO, RENATA DE LEORNE SALLES, RAYANE MINAS E\nSILVA e WILSON NOBUO IWAZAWA JUNIOR  ajuizaram a presente ação em face do  MUNICÍPIO DE\nalegando, em síntese, que se inscreveram no concurso da Subsecretaria de Gestão BELO HORIZONTE, \nde Pessoas (SUGESP/SMPOG), sob o Edital nº 02/2023, para o cargo de arquiteto. Aduzem que a prova\ndiscursiva aplicada no referido certame não está de acordo com o edital, pugnando pela anulação de suas\nprovas discursivas, bem como a reclassificação no certame. Subsidiariamente, requerem a determinação à\nbanca examinadora para que proceda com nova correção de suas provas, sua reaplicação ou a divulgação\nde novo espelho de prova com a reabertura de prazo para a interposição de recurso administrativo contra a\ncorreção da prova objetiva, aduzindo sua ilegalidade.\n        Tutela de urgência indeferida ao ID. 10236398987.\n        Regularmente citado os réus apresentaram contestação ao ID 10250415079 e 10249931139,\nimpugnada pela parte autora ao ID. 10297592552.\n          Foi proferida sentença de improcedência dos pedidos iniciais em ID. 10336071427, a qual foi\nobjeto de Recurso Inominado pela parte autora (ID. 10351938925).\n        A Eg. Turma Recursal deu provimento ao apelo da autora (ID. 10453446323), determinando o\nretorno dos autos ao Juízo  para que haja o devido prosseguimento do feito, oportunizando-se àa quo,\nparte autora a produção da prova testemunhal requerida.Num. 10663906282 - Pág. 2\nAssinado eletronicamente por: ANDREA DIAS MONTEIRO DE CASTRO - 16/04/2026 11:18:19https://pje.tjmg.jus.br:443/pje/Processo/ConsultaDocumento/listView.seam?x=26041611181946900010660045601Número do documento: 26041611181946900010660045601\n        Foi realizada audiência de instrução e julgamento, cuja ata consta do ID. 9680853994.\n        Ato contínuo, vieram-me os autos conclusos para elaboração de projeto de sentença.\n        Eis o breve relato. Passo à análise do mérito.\n        II – DA FUNDAMENTAÇÃO\n        II.1 – PRELIMINAR – ILEGITIMIDADE PASSIVA. MUNICÍPIO DE BELO HORIZONTE\n        Analiso a preliminar de ilegitimidade passiva arguida pelo Município de Belo Horizonte.\n        Sabe-se que a legitimidade passiva, enquanto condição da ação (art. 17 do CPC) se\nconsubstancia na possibilidade de se opor ao réu o direito subjetivo vindicado na inicial, tornando-o\nprocessualmente apto a suportar os efeitos da sentença.\nArt. 17. Para postular em juízo é necessário ter interesse e legitimidade.\n        No caso em tela, a parte autora prestou Concurso Público do Município de Belo Horizonte,\npara o Cargo de Arquiteto e, por tal razão, tem-se que, embora planejado pela comissão organizadora, o\nprovimento das vagas do concurso seria realizado de acordo com a necessidade e conveniência do Poder\nExecutivo de Belo Horizonte, vinculando-se o processo seletivo à Administração Pública Municipal.\n        Com efeito, a realização do concurso foi apenas delegada à comissão organizadora,\nsubsistindo a incumbência do Município de Belo Horizonte de zelar pelos procedimentos adotados durante\no certame.\n        Nesse sentido: \nEMENTA: EMENTA: AGRAVO DE INSTRUMENTO - ADMINISTRATIVO -\nCONCURSO PÚBLICO - GUARDA CIVIL MUNICIPAL - EDITAL 01/2019 -\nLEGITIMIDADE PASSIVA - MUNICÍPIO DE BELO HORIZONTE - VERIFICAÇÃO\n- RECURSO PROVIDO.\n- A mera delegação da realização do concurso público à comissão\norganizadora não afasta a legitimidade do ente público para figurar em ação\nque visa discutir a realização de etapas do certame.\n- Considerando que o edital do concurso público condiciona o provimento das\nvagas à necessidade e conveniência da Administração Pública Municipal, deve\nser reformada a decisão que reconheceu a ilegitimidade passiva do Município de\nBelo Horizonte.  (TJMG -  Agravo de Instrumento-Cv  1.0000.21.049406-8/001,\nRelator(a): Des.(a) Geraldo Augusto , 1ª CÂMARA CÍVEL, julgamento em\n28/02/2023, publicação da súmula em 01/03/2023) – destaquei.\n        Por tais razões,   a preliminar.rejeito\n        II.2 DO MÉRITO\n        Presentes os pressupostos processuais e as condições da ação, passo ao exame do mérito.\n        Inicialmente, cumpre salientar que o Poder Judiciário somente intervém na esfera da\nAdministração Pública de forma residual, ou seja, apenas para controle de legalidade e\nconstitucionalidades dos atos por ela praticados, em razão do Princípio da Separação dos Poderes,\nprevisto no artigo 2º da Constituição Federal.\n        Tal intervenção pode se dar relativamente a atos vinculados ou discricionários (critérios de\noportunidade e conveniência), desde que não incorra em excessos.Num. 10663906282 - Pág. 3\nAssinado eletronicamente por: ANDREA DIAS MONTEIRO DE CASTRO - 16/04/2026 11:18:19https://pje.tjmg.jus.br:443/pje/Processo/ConsultaDocumento/listView.seam?x=26041611181946900010660045601Número do documento: 26041611181946900010660045601\n        Diante de tais balizas, em se tratando de matéria de concursos públicos, apenas quando\nhouver flagrante ilegalidade ou desatendimento das normas edilícias será permitida a intervenção do Poder\nJudiciário. \n        O magistrado não poderá interferir nos critérios de correção utilizados pelas bancas\nexaminadoras, sendo que o “ ” retrata ato discricionário do ente público, salvo, repito, mérito administrativo\nse houver evidente dissonância com o ordenamento jurídico e seus princípios norteadores, notadamente os\nda razoabilidade e proporcionalidade.\n        Este é o entendimento consolidado na jurisprudência, como se verifica no colendo Superior\nTribunal de Justiça: \nADMINISTRATIVO. AGRAVOS REGIMENTAIS NO AGRAVO EM RECURSO\nESPECIAL. CONCURSO DA POLÍCIA RODOVIÁRIA FEDERAL. EVIDENTE\nERRO MATERIAL NA FORMULAÇÃO DA QUESTÃO IMPUGNADA.\nPOSSIBILIDADE DE ANULAÇÃO PELO PODER JUDICIÁRIO DE QUESTÃO\nOBJETIVA MACULADA COM VÍCIO DE ILEGALIDADE. PRECEDENTES DESTA\nCORTE SUPERIOR DE JUSTIÇA. IMPOSSIBILIDADE DE ANÁLISE DO PEDIDO\nDE NOMEAÇÃO E POSSE NO CARGO POR AUSÊNCIA DE PEDIDO NA\nPETIÇÃO INICIAL E DE ELEMENTOS SUFICIENTES A AFERIR A\nCLASSIFICAÇÃO DO AGRAVANTE NO CERTAME. AGRAVOS REGIMENTAIS\nDA UNIÃO E LUCIANO DE ALBUQUERQUE LEAL DESPROVIDOS.\n1. Firmou-se no Superior Tribunal de Justiça o entendimento de que, em\nregra, não compete ao Poder Judiciário apreciar critérios na formulação e\ncorreção das provas, tendo em vista que, em respeito ao princípio da\nseparação de poderes consagrado na Constituição Federal, é da banca\nexaminadora desses certames a responsabilidade pelo seu exame (EREsp.\n338.055/DF, Rel. Min. JOSÉ ARNALDO DA FONSECA, DJU 15.12.2003).\n2. Excepcionalmente, contudo, havendo flagrante ilegalidade de questão\nobjetiva de prova de concurso público, bem como ausência de observância\nàs regras previstas no edital, tem-se admitido sua anulação pelo Judiciário\npor ofensa ao princípio da legalidade e da vinculação ao edital.\n3. No caso em apreço, a questão 2 da Prova de Língua Portuguesa, Caderno 36,\ndo Concurso da Polícia Rodoviária Federal, regulado pelo Edital 1/2009, está\ncontaminada pelo vício de ilegalidade, que a macula de forma insofismável,\ntornando-se, assim, suscetível de invalidação na via judicial. É importante\nressaltar que aqui não se cuida de controle de mérito, nem de substituição da\nvaloração reservada ao administrador; cuida-se, isto sim, de controle de\nlegalidade, sendo, pois, permitido ao Judiciário exercê-lo em toda a sua plenitude.\n4. O Recurso Especial do candidato foi provido para acolher integralmente os\npedidos formulados na petição inicial do Mandado de Segurança, quais sejam,\nanulação da questão n. 2 da prova de Língua Portuguesa e a reclassificação do\nagravante na lista de aprovados, sendo incabível a análise do pedido de\nnomeação e posse no cargo, sob pena de se incorrer em julgamento ultra petita.\n5. Não há nos autos elementos suficientes a aferir se o proveito obtido com a\nanulação da questão seria suficiente a garantir a participação do agravante nas\ndemais etapas do concurso e, tampouco, sua imediata nomeação no cargo.\n6. Agravos Regimentais da UNIÃO E LUCIANO DE ALBUQUERQUE LEAL\ndesprovidos . (AgRg nos EDcl no AREsp 244.839/PE, Rel. Ministro NAPOLEÃO\nNUNES MAIA FILHO, PRIMEIRA TURMA, julgado em 06/11/2014, DJe\n11/11/2014).  \n \nRECURSO ESPECIAL. ADMINISTRATIVO. CONCURSO PÚBLICO. QUESTÃO,\nNA PROVA OBJETIVA, SOBRE MATÉRIA NÃO INSERIDA NO EDITAL.Num. 10663906282 - Pág. 4\nAssinado eletronicamente por: ANDREA DIAS MONTEIRO DE CASTRO - 16/04/2026 11:18:19https://pje.tjmg.jus.br:443/pje/Processo/ConsultaDocumento/listView.seam?x=26041611181946900010660045601Número do documento: 26041611181946900010660045601\nANULAÇÃO PELO PODER JUDICIÁRIO. POSSIBILIDADE. CONTROLE DE\nLEGALIDADE. PRECEDENTES.\n1. No que refere à possibilidade de anulação de questões de provas de\nconcursos públicos, firmou-se na Terceira Seção do Superior Tribunal de\nJustiça entendimento de que, em regra, não compete ao Poder Judiciário\napreciar critérios na formulação e correção das provas. Com efeito, em\nrespeito ao princípio da separação de poderes consagrado na Constituição\nFederal, é da banca examinadora desses certames a responsabilidade pela\nsua análise .\n2. Excepcionalmente, contudo, em havendo flagrante ilegalidade de questão\nobjetiva de prova de concurso público, por ausência de observância às\nregras previstas no edital, tem-se admitido sua anulação pelo Judiciário por\nofensa ao princípio da legalidade.\n3. Hipótese dos autos que se insere nessa situação excepcional, pois contempla\ncaso de flagrante divergência entre a formulação contida em determinada\nquestão da prova objetiva e o programa de disciplinas previsto no instrumento\nconvocatório.\n4. Recurso especial conhecido, mas improvido.\n(REsp 935.222/DF, Rel. Ministra MARIA THEREZA DE ASSIS MOURA, SEXTA\nTURMA, julgado em 18/12/2007, DJ 18/02/2008, p. 90). \n \n        Como visto, o concurso é o meio técnico de que a Administração dispõe para o fim de obter,\ndentro do princípio da moralidade administrativa, o aperfeiçoamento do serviço público, propiciando a igual\noportunidade a todos os candidatos que atendam os requisitos legais, nos termos do que dispõe o art. 37\nda Constituição da República. \n        Por outro lado, a administração é livre para estabelecer as bases do concurso e os\ncritérios de julgamento,  desde que respeite o princípio da isonomia, tratando com igualdade todos\n. os candidatos\n        As bases e regras do concurso público vêm expressas no edital, do qual a administração\npública não pode se afastar, sob pena de quebra ao princípio da igualdade entre os concorrentes ao cargo\npúblico. \n        In casu, os autores alegam que teriam sido prejudicados na correção da prova discursiva,\nconsiderando que a ré FGV abriu o prazo para interposição de recurso administrativo em face do resultado\npreliminar da prova discursiva, sem a prévia divulgação do espelho de correção da prova discursiva.\nAfirmam, ainda, que após a divulgação das respostas aos recursos, a banca disponibilizou um espelho de\ncorreção apresentando tão somente os quesitos avaliados na discursiva e sua respectiva pontuação. Por\nfim, argumentam que o conteúdo programático previsto no edital não foi respeitado na elaboração da prova\ndiscursiva.\n        Ocorre que, após análise dos autos, vê-se que na correção da prova discursiva, a banca\nexaminadora somente fez cumprir as normas editalícias, resguardando a impessoalidade que é imposta ao\nPoder Público. Não há qualquer ilegalidade no ato administrativo de correção da prova.\n        De análise das informações prestadas pela ré FGV no ID 10249944547, observa-se que, ao\ncontrário do alegado pela parte autora, os candidatos tiveram acesso tanto ao espelho de correção,\ndisponibilizado no site do certame em 15/03/2024, quanto às suas respostas nas provas discursivas,\npossibilitando pleno conhecimento de todos os argumentos considerados pela Banca para fins de\navaliação. De fato, observa-se que após a divulgação do Resultado Preliminar da prova discursiva, a banca\nverificou que o enunciado da questão discursiva poderia levar à possiblidade de interpretação dúbia. Nesse\nespeque, a Banca Examinadora decidiu atribuir a pontuação máxima de 20 pontos relativa ao item 3,Num. 10663906282 - Pág. 5\nAssinado eletronicamente por: ANDREA DIAS MONTEIRO DE CASTRO - 16/04/2026 11:18:19https://pje.tjmg.jus.br:443/pje/Processo/ConsultaDocumento/listView.seam?x=26041611181946900010660045601Número do documento: 26041611181946900010660045601\nreferente à apresentação de um eventual problema decorrente do não cumprimento de uma das\nprescrições técnicas, a todos os candidatos que apresentaram, em seus Pareceres Técnicos, uma ou mais\nprescrições técnicas solicitadas na questão.\n        Assim, com a nova pontuação do item c) da questão: O candidato WILSON NOBUO\nIWAZAWA JUNIOR alcançou 45 pontos em sua prova discursiva; A candidata VIRGINIA LUCIA DE\nOLIVEIRA CARVALHO alcançou 40 pontos em sua prova discursiva; A candidata THAIS CRISTINA\nGOMES FURBINO alcançou 50 pontos em sua prova discursiva; A candidata RENATA DE LEORNE\nSALLES alcançou 40 pontos em sua prova discursiva; A candidata REGINA MARTHA COSTA DE ASSIS\nTACCO alcançou 50 pontos em sua prova discursiva; A candidata RAYANE MINAS E SILVA alcançou 45\npontos em sua prova discursiva.\n        Ressalte-se que, compulsando a documentação apresentada em sede de contestação,\nobserva-se que a análise dos recursos interpostos contra o resultado preliminar da prova discursiva foi\nrealizada de forma individualizada e as fundamentações utilizadas pela banca examinadora para averiguar\nas notas das partes se demonstram suficientemente fundamentadas.\n        Assim, conforme se verifica dos documentos apresentados pela ré FGV em sede de\ncontestação, foram fornecidos documentos e informações suficientes para permitir a parte autora exercer\nplenamente o direito de recurso.\n        Noutro giro, quanto à alegação de conteúdo programático fora do previsto no edital,\nrestou esclarecido que o livro utilizado pela Banca para balizar a questão, qual seja, YAZIGI, Walid. A\nTécnica de Edificar. 9. ed. rev e ampl. São Paulo: PINI, SindusCon, 2008, é reconhecidamente referência\nna área da arquitetura, abrangendo muitos assuntos, não se restringindo ao tema específico abordado na\nquestão. Convém destacar que o Edital do concurso apresenta conteúdo programático, sem especificar\nreferências bibliográficas.\n        Vale ressaltar que, em casos como o ora analisado, a orientação jurisprudencial pátria se\nposicionou no sentido de que a reapreciação judicial do resultado de concursos públicos e processos\nseletivos está limitada ao aspecto da legalidade da instituição das Bancas Examinadoras, dos critérios\nadotados para o julgamento e classificação dos candidatos, sendo descabida a intervenção para analisar\nos critérios de elaboração das perguntas ou para correção de provas.\n          Lado outro, a despeito da respeitável conclusão do perito ouvido como testemunha nos autos,\ncujo depoimento consta do PJE Mídias, sua opinião, por si só, não tem o condão de demonstrar a\nilegalidade do conteúdo programático e autorizar a anulação judicial da questão. A análise do perito, ao\nafirmar que o tema seria mais apropriado para um profissional de engenharia civil, adentra justamente o\nmérito da escolha da banca examinadora. A opinião de que um tema é mais afeto a uma profissão do que\na outra constitui um juízo de conveniência e oportunidade técnica, cuja avaliação compete exclusivamente\nà banca, e não ao Judiciário.\n        O controle de legalidade se restringiria a verificar se o tema concretagem de lajes é\nexpressamente vedado ou completamente dissociado das atribuições e do conteúdo programático listado\nno edital para o cargo de Arquiteto. Os autores não lograram êxito em demonstrar essa dissociação\nabsoluta. É razoável supor que o edital, para um cargo de Arquiteto que atuará em uma prefeitura, preveja\nem seu conteúdo programático matérias como sistemas construtivos, tecnologia das construções ou\nprática de obras, temas amplos sob os quais o assunto da questão discursiva pode ser razoavelmente\ninserido.\n         A fronteira entre as competências da Arquitetura e da Engenharia Civil, embora\nregulamentada, possui zonas de intersecção e sobreposição, especialmente no que tange à fiscalização e\nao acompanhamento de obras. Exigir de um candidato a Arquiteto a elaboração de um parecer técnico\nsobre patologias em uma laje não se revela, de plano, um erro grosseiro ou uma ilegalidade manifesta,\nmas sim uma opção da banca por um nível de aprofundamento técnico que considerou pertinente para\nselecionar os melhores candidatos.Num. 10663906282 - Pág. 6\nAssinado eletronicamente por: ANDREA DIAS MONTEIRO DE CASTRO - 16/04/2026 11:18:19https://pje.tjmg.jus.br:443/pje/Processo/ConsultaDocumento/listView.seam?x=26041611181946900010660045601Número do documento: 26041611181946900010660045601\n        Com efeito, os critérios para a formulação das questões e correção utilizada pela Banca\nExaminadora não se sujeitam à análise do Poder Judiciário, pois dizem respeito ao mérito administrativo.\nEntendimento diferente levaria à quebra do princípio da isonomia entre os candidatos, todos sujeitos aos\nmesmos critérios estabelecidos pela banca.\n        Pelo exposto, se a comissão competente para a correção da prova discursiva, atenta aos\nditames do Edital e das leis que regiam a matéria, constatou que o candidato não conseguiu os pontos\nsuficientes para ser aprovado, não pode o Poder Judiciário extrapolar as suas atribuições (de apreciar a\nlegalidade e moralidade do ato) e adentrar no mérito que cabe à Administração. Esta avaliação está\ninserida dentro da discricionariedade da comissão.\n        Desta feita, o cerne do litígio que visa tão somente à anulação da correção de prova\ndiscursiva de certame público, sem que fosse demonstrada qualquer ilegalidade, não merece prosperar.\n        Por tais considerações, o pleito autoral deve ser julgado improcedente.\n        Por derradeiro, trago à colação o Enunciado nº 07 sobre o CPC/2015, aprovado em Sessão\nPlenária realizada em 26/02/2016, pelos magistrados que integraram os Grupos de Trabalhos do Fórum de\nDebates e Enunciados sobre o NCPC,  : verbatim “Considera-se suficientemente fundamentada a decisão\n  em que o Juiz se manifesta sobre os argumentos relevantes e pertinentes alegados pelas partes”.\n        III – DISPOSITIVO\n        Ante o exposto   o pleito da exordial e extingo o processo, com JULGO IMPROCEDENTE\nresolução do mérito, nos termos do artigo 487, inc. I do CPC/2015.\n        Deixo de analisar o requerimento de concessão da gratuidade da justiça, tendo em vista que\na competência para tanto é exclusiva da Turma Recursal, nos moldes do art. 54 da Lei 9.099/95, conforme\nentendimento pacífico do referido órgão julgador.\n        Sem custas e honorários advocatícios, consoante artigo 55 da Lei nº 9.099/95, aplicado\nsubsidiariamente à Lei nº 12.153/2009.\n \n        Publique-se. Intimem-se.\nBelo Horizonte, 14 de abril de 2026\nMARINA MARINHO E FIGUEIREDO \nJuiz(íza) Leigo\nSENTENÇA\nPROCESSO:   5131112-58.2024.8.13.0024\nREQUERENTE: VIRGINIA LUCIA DE OLIVEIRA CARVALHO CPF: 068.822.076-23\nREQUERENTE: REGINA MARTHA COSTA DE ASSIS TACCO CPF: 097.226.526-05\nREQUERENTE: THAIS CRISTINA GOMES FURBINO CPF: 113.763.816-80\nREQUERENTE: RENATA DE LEORNE SALLES CPF: 764.698.406-04\nREQUERENTE: RAYANE MINAS E SILVA CPF: 139.269.676-33\nREQUERENTE: WILSON NOBUO IWAZAWA JUNIOR CPF: 047.986.426-81\nREQUERIDO(A): MUNICIPIO DE BELO HORIZONTE CPF: 18.715.383/0001-40\nREQUERIDO(A): FUNDACAO GETULIO VARGAS CPF: 33.641.663/0001-44\nVistos, etc.\nNos termos do art. 40 da Lei 9099/95, homologo o projeto de sentença para que produza os seus jurídicos e legais\nfundamentos.Num. 10663906282 - Pág. 7\nAssinado eletronicamente por: ANDREA DIAS MONTEIRO DE CASTRO - 16/04/2026 11:18:19https://pje.tjmg.jus.br:443/pje/Processo/ConsultaDocumento/listView.seam?x=26041611181946900010660045601Número do documento: 26041611181946900010660045601\nBelo Horizonte, 14 de abril de 2026\nPAULO SERGIO TINOCO NERIS\nJuiz de Direito\nDocumento assinado eletronicamente\n \n------------------------\nhttps://objectstorage.sa-saopaulo-1.oraclecloud.com/n/grgzajrtoi0u/b/eprotocol/o/intimation%2FDFA%2F20260417%2F5131112-58.2024.8.13.0024%2F31012129%2F2944333603.pdf\n====================================\nDW LAW - Leitura automatizada painel de intimações\nID Intimação: 2944333603\nData da captura: 17/04/26\nALERTA DE INSTRUÇÃO: Nos termos do art. 5º, §1,º da Lei 11.419/2016, o acesso ao conteúdo das intimações processuais no sistema de processo eletrônico efetiva  \na consulta e certifica a ciência da intimação, deflagrando imediatamente o início da contagem do prazo. \nPortanto, É NECESSÁRIA A VERIFICAÇÃO DIRETA PELO USUÁRIO DO PRAZO INICIAL E FINAL para fins de resposta e/ou prática de ato processual pertinente à intimação lida.\n#ID_DW31012129#\n====================================\n                   NaN                   NaN                   NaN                   NaN                   NaN                   NaN
2  6003 - FINALIZADA VIA WEBSERVICE  DECIO FLAVIO GONCALVES TORRES FREIRE  ADVOGADO  TJMG - PJE - 1ª instância  5023352-16.2025.8.13.0024  15/04/2026 08:15:00  17/04/2026 00:00:00  Prazo:15 dias. Prazo final: 13/05/2026 23:59:59  26/04/2026 04:28:50  17/04/2026 00:53:00                  NaN  17/04/2026 01:08:53  17/04/2026 00:00:00   Intimação                       FUNDACAO GETULIO VARGAS  2943476286                           FUNDACAO GETULIO VARGAS X IBS BUSINESS SCHOOL DE MINAS GERAIS LTDA                     Belo Horizonte                                             21ª Vara Cível da Comarca de Belo Horizonte       Não  https://objectstorage.sa-saopaulo-1.oraclecloud.com/n/grgzajrtoi0u/b/eprotocol/o/intimation%2FDFA%2F20260417%2F5023352-16.2025.8.13.0024%2F31012441%2F2943476286.pdf                  Sim     31012441                                                                                                                                                                                                                                                                                                                                                                                                                                                                                                                                                                                                                                                                                                                                                                                                                                                                                                                                                                                                                                                                                                                                                                                                                                                                                                                                                                                                                                                                                                                                                                                                                                                                                                                                                                                                                                                                                                                                                                                                                                                                                                                                                                                                                                                                                                                                                                                                                                                                                                                                                                                                                                                                                                                                                                                                                                                                                                                                                                                                                                                                                                                                                                                                                                                                                                                                                                                                                                                                                                                                                                                                                                                                                                                                                                                                                                                                                                                                                                                                                                                                                                                                                                                                                                                                                                                                                                                                                                                                                                                                                                                                                                                                                                                                                                                                                                                                                                                                                                                                                                                                                                                                                                                                                                                                                                                                                                                                                                                                                                                                                                                                                                                                                                                                                                                                                                                                                                                                                                                                                                                                                                                                                                                                                                                                                                                                                                                                                                                                                                                                                                                                                                                                                                                                                                                                                                                                                                                                                                                                                                                                                                                                                                                                                                                                                                                                                                                                                                                                                                                                                                                                                                                                                                                                                                                                                                                                                                                                                                                                                                                                                                                                                                                                                                                                                                                                                                                                                                                                                                                                                                                                                                                                                                                                                                                                                                                                                                                                                                                                                                                                                                                                                                                                                                                                                                                                                                                                                                                                                                                                                                                                                                                                                                                                                                                                                                                                                                                                                                                                                                                                                                                                                                                                                                                                                                                                                                                                                                                                                                                                                                                                                                                                                                                                                                                                                                                                                                                                                                                                                                                                                                                                                                                                                                                                                                                                                                                                                                                                                                                                                                                                                                                                                                                                                                                                                                                                                                                                                                                                                                                                                                                                                                                                                                                                                                                                                                                                                                                                                                                                                                                                                                                                                                                                                                                                                                                                                                                                                                                                                                                                                                                                                                                                                                                                                                                                                                                                                                                                                                                                                                                                                                                                                                                                                                                                                                                                                                                                                                                                                                                                                                                                                                                                                                                                                                                                                                                                                                                                                                                                                                                                                                                                                                                                                                                                                                                                                                                                                                                                                                                                                                                                                                                                                                                                                                                                                                                                                                                                                                                                                                                                                                                                                                                                                                                                                                                                                                                                                                                                                                                                                                                                                                                                                                                                                                                                                                                                                                                                                                                                                                                                                                                                                                                                                                                                                                                                                                                                                                                                                                                                                                                                                                                                                                                                                                                                                                                                                                                                                                                                                                                                                                                                                                                                                                                                                                                                                                                                                                                                                                                                                                                                                                                                                                                                                                                                                                                                                                                                                                                                                                                                                                                                                                                                                                                                                                                                                                                                                                                                                                                                                                                                                                                                                                                                                                                                                                                                                                                                                                                                                                                                                                                                                                                                                                                                                                                                                                                                                                                                                                                                                                                                                                                                                                                                                                                                                                                                                                                                                                                                                                                                                                                                                                                                                                                                                                                                                                                                                                                                                                                                                                                                                                                                                                                                                                                                                                                                                                                                                                                                                                                                                                                                                                                                                                                                                                                                                                                                                                                                                                                                                                                                                                                                                                                                                                                                                                                                                                                                                                                                                                                                                                                                         INTIMAÇÃO CAPTURADA EM: 17/04/2026\n====================================\nNúmero do processo: 5023352-16.2025.8.13.0024\nDisponibilização: 15/04/2026\nPesquisado: DECIO FLAVIO GONCALVES TORRES FREIRE - ADVOGADO\nTribunal/Sistema: TJMG-PJE-1ª instância\nPrazo: 15 dias. Prazo final: 13/05/2026 23:59:59\nO sistema registrou ciência em 17/04/2026 00:00\nIntimado: FUNDACAO GETULIO VARGAS\nParte: FUNDACAO GETULIO VARGAS X IBS BUSINESS SCHOOL DE MINAS GERAIS LTDA\nVara/Juízo:  21ª Vara Cível da Comarca de Belo Horizonte - Belo Horizonte\nTipo : Intimação\n====================================\n------------------------\nIntimação (2943476286)\nDestinatário FUNDACAO GETULIO VARGAS\nPrazo 15 dias\nData limite para manifestação 13/05/2026 23:59:59\nFechado? NÃO\nINTIMAÇÃO LIDA SEM A ABERTURA DO PRAZO\n------------------------\n17/04/2026 \nNúmero: 5023352-16.2025.8.13.0024  \nClasse: [CÍVEL] PROCEDIMENTO COMUM CÍVEL \n Órgão julgador: 21ª Vara Cível da Comarca de Belo Horizonte \n Última distribuição : 31/01/2025 \n Valor da causa: R$ 35.524,61 \n Assuntos: Cobrança de Aluguéis - Sem despejo \n Segredo de justiça? NÃO \n Justiça gratuita? NÃO \n Pedido de liminar ou antecipação de tutela? NÃO\n \n \nPoder Judiciário do Estado de Minas Gerais\nPJe - Processo Judicial Eletrônico\nPartes Advogados\nFUNDACAO GETULIO VARGAS (REQUERENTE)\nDECIO FLAVIO GONCALVES TORRES FREIRE\n(ADVOGADO)\nIBS BUSINESS SCHOOL DE MINAS GERAIS LTDA\n(REQUERIDO(A))\nDocumentos\nId. Data da Assinatura Documento Tipo\n10662963356 15/04/2026 08:15 Intimação IntimaçãoNum. 10662963356 - Pág. 1\nAssinado eletronicamente por: GABRIELA BOTELHO MACHADO FEITOSA - 15/04/2026 08:15:43https://pje.tjmg.jus.br:443/pje/Processo/ConsultaDocumento/listView.seam?x=26041508153956700010659102825Número do documento: 26041508153956700010659102825\n- AUTOR REQUERER O QUE FOR DE DIREITO – PENA DE EXTINÇÃO DO FEITO.\n \nATO ORDINATÓRIO:  Vista ao autor para requerer o que for de direito. Nada requerido no\nprazo legal os autos serão conclusos para extinção.  quarta-feira, 15 de abril de 2026 .\n \n------------------------\nhttps://objectstorage.sa-saopaulo-1.oraclecloud.com/n/grgzajrtoi0u/b/eprotocol/o/intimation%2FDFA%2F20260417%2F5023352-16.2025.8.13.0024%2F31012441%2F2943476286.pdf\n====================================\nDW LAW - Leitura automatizada painel de intimações\nID Intimação: 2943476286\nData da captura: 17/04/26\nALERTA DE INSTRUÇÃO: Nos termos do art. 5º, §1,º da Lei 11.419/2016, o acesso ao conteúdo das intimações processuais no sistema de processo eletrônico efetiva  \na consulta e certifica a ciência da intimação, deflagrando imediatamente o início da contagem do prazo. \nPortanto, É NECESSÁRIA A VERIFICAÇÃO DIRETA PELO USUÁRIO DO PRAZO INICIAL E FINAL para fins de resposta e/ou prática de ato processual pertinente à intimação lida.\n#ID_DW31012441#\n====================================\n                   NaN                   NaN                   NaN                   NaN                   NaN                   NaN
[2026-04-28 14:47:49] [INFO] reader — Coluna CNJ mapeada: 'Processo'
[2026-04-28 14:47:49] [INFO] reader — DW1.xlsx: total de linhas lidas=1279 | CNJ preenchido=1279 | CNJ vazio=0
[2026-04-28 14:47:50] [INFO] reader — Colunas mapeadas: CNJ='Processo', Data='Disponibilização', Texto='Intimação', Cliente='Advogado', Tribunal/Sistema extraídos por fonte
[2026-04-28 14:47:50] [WARNING] reader — Arquivo não encontrado, pulando: C:\Users\lucas.paim\Desktop\processo_triage\input\DW2.xlsx
[2026-04-28 14:47:50] [INFO] reader — 📂 Lendo fonte: WEBJUR
[2026-04-28 14:47:50] [INFO] reader — Arquivo bruto detectado: C:\Users\lucas.paim\Desktop\processo_triage\input\Webjur1.csv
[2026-04-28 14:47:50] [INFO] reader — Arquivo sanitizado detectado: C:\Users\lucas.paim\Desktop\processo_triage\input\Webjur1_SANITIZADO.csv
[2026-04-28 14:47:50] [INFO] reader — Usando sanitizado no lugar do bruto.
[2026-04-28 14:47:50] [INFO] reader — Lendo: C:\Users\lucas.paim\Desktop\processo_triage\input\Webjur1_SANITIZADO.csv
[2026-04-28 14:47:50] [INFO] reader — Arquivo efetivamente lido para 'Webjur1.csv': Webjur1_SANITIZADO.csv
[2026-04-28 14:47:51] [INFO] reader — CSV 'Webjur1.csv' lido com encoding=cp1252, sep=';', skiprows=0
[2026-04-28 14:47:51] [INFO] reader — Colunas lidas do arquivo 'Webjur1.csv': ['Codigo', 'Número do Processo', 'Data da Publicação', 'Termo Localizado', 'Diário Oficial', 'Página', 'Juizo', 'Publicação', 'targetID']
[2026-04-28 14:47:51] [INFO] reader — Primeiras 3 linhas de 'Webjur1.csv':
       Codigo         Número do Processo Data da Publicação             Termo Localizado                                          Diário Oficial   Página                                                          Juizo                                                                                                                                                                                                                                                                                                                                                                                                                                                                                                                                                                                                                                                                                                                                                                                                                                                                                                                                                                                                                                                                                                                                                                                                                                                                                                                                                                                                                                                                                                                                                                                                                                                                                                                                                                                                                                                                                                                                                                                                                                                                                                                                                                                                                                                                                                                                                                                                                                                                                                                                                                                                                                                                                                                                                                                                                                                                                                                                                                                                                                                                                                                                                                                                                                                                                                                                                                                                                                                                                                                                                                                                                                                                                                                                                                                                                                                                                                                                                                                                                                                                                                                                                                                                                                                                                                                                                                                                                                                                                                                                                                                                                                                                                                                                                                                                                                                                                                                                                                                                                                                                                                                                                                                                                                                                                                                                                                                                                                                                                                                                                                                                                                                                                                                                                                                                                                                                                                                                                                                                                                                                                                                                                                                                                                                                                                                                                                                                                                                                                                                                                                                                                                                                                                                                                                                                                                                                                                                                                                                                                                                                                                                                                                                                                                                                                                                                                                                                                                                                                                                                                                                                                                                                                                                                                                                                                                                                                                                                                                                                                                                                                                                                                                                                                                                                                                                                                                                                                                                                                                                                                                                                                                                                                                                                                                                                                                                                                                                                                                                                                                                                                                                                                                                                                                                                                                                                                                                                                                                                                                                                                                                                                                                                                                                                                                                                                                                                                                                                                                                                                                                                                                                                                                                                                                                                                                                                                                                                                                                                                                                                                                                                                                                                                                                                                                                                                                                                                                                                                                                                                                                                                                                                                                                                                                                                                                                                                                                                                                                                                                                                                                                                                                                                                                                                                                                                                                                                                                                                                                                                                                                                                                                                                                                                                                                                                                                                                                                                                                                                                                                                                                                                                                                                                                                                                                                                                                                                                                                                                                                                                                                                                                                                                                                                                                                                                                                                                                                                                                                                                                                                                                                                                                                                                                                                                                                                                                                                                                                                                                                                                                                                                                                                                                                                                                                                                                                                                                                                                                                                                                                                                                                                                                                                                                                                                                                                                                                                                                                                                                                                                                                                                                                                                                                                                                                                                                                                                                                                                                                                                                                                                                                                                                                                                                                                                                                                                                                                                                                                                                                                                                                                                                                                                                                                                                                                                                                                                                                                                                                                                                                                                                                                                                                                                                                                                                                                                                                                                                                                                                                                                                                                                                                                                                                                                                                                                                                                                                                                                                                                                                                                                                                                                                                                                                                                                                                                                                                                                                                                                                                                                                                                                                                                                                                                                                                                                                                                                                                                                                                                                                                                                            Publicação targetID
0  9175901920  4005.004180.00087/2025-81         2026-04-24  FUNDACAO GETULIO VARGAS FGV                                   SECRETARIAS DE ESTADO  0000032                                                         SEJUSP                                                                                                                                                                                                                                                                                                                                                                                                                                                                                                                                                                                                                                                                                                                                                                                                                                                                                                                                                                                                                                                                                                                                                                                                                                                                                                                                                                                                                                                                                                                                                                                                                                                                                                                                                                                                                                                                                                                                                                                                                                                                                                                                                                                                                                                                                                                                                                                                                                                                                                                                                                                                                                                                                                                                                                                                                                                                                                                                                                                                                                                                                                                                                                                                                                                                                                                                                                                                                                                                                                                                                                                                                                                                                                                                                                                                                                                                                                                                                                                                                                                                                                                                                                                                                                                                                                                                                                                                                                                                                                                                                                                                                                                                                                                                                                                                                                                                                                                                                                                                                                                                                                                                                                                                                                                                                                                                                                                                                                                                                                                                                                                                                                                                                                                                                                                                                                                                                                                                                                                                                                                                                                                                                                                                                                                                                                                                                                                                                                                                                                                                                                                                                                                                                                                                                                                                                                                                                                                                                                                                                                                                                                                                                                                                                                                                                                                                                                                                                                                                                                                                                                                                                                                                                                                                                                                                                                                                                                                                                                                                                                                                                                                                                                                                                                                                                                                                                                                                                                                                                                                                                                                                                                                                                                                                                                                                                                                                                                                                                                                                                                                                                                                                                                                                                                                                                                                                                                                                                                                                                                                                                                                                                                                                                                                                                                                                                                                                                                                                                                                                                                                                                                                                                                                                                                                                                                                                                                                                                                                                                                                                                                                                                                                                                                                                                                                                                                                                                                                                                                                                                                                                                                                                                                                                                                                                                                                                                                                                                                                                                                                                                                                                                                                                                                                                                                                                                                                                                                                                                                                                                                                                                                                                                                                                                                                                                                                                                                                                                                                                                                                                                                                                                                                                                                                                                                                                                                                                                                                                                                                                                                                                                                                                                                                                                                                                                                                                                                                                                                                                                                                                                                                                                                                                                                                                                                                                                                                                                                                                                                                                                                                                                                                                                                                                                                                                                                                                                                                                                                                                                                                                                                                                                                                                                                                                                                                                                                    PORTARIA SEJUSP Nº 157, DE 15 DE ABRIL DE 2026 O Secretario de Estado de Justica e Seguranca Publica, JOSE AMERICO DE SOUZA GAIA, no uso das atribuicoes que lhes sao conferidas por meio do Decreto nº 10-P, de 01/01/2023, e em conformidade com o artigo art. 78, inciso II, da Constituicao do Estado do Acre, de 03 de outubro de 1989. RESOLVE: Art. 1º Designar os servidores abaixo indicados, para, em observancia a Legisla- cao vigente, atuarem como gestor e fiscal do Contrato 47/2026, Processo SEI nº 4005.004180.00087/2025-81, celebrado entre a Secretaria de Estado de Justica e Seguranca Publica - SEJUSP e a empresa FUNDACAO GETULIO VARGAS-FGV, cujo objeto e a contratacao de empresa especializada para ministrar o Curso de Pos Graduacao Lato Sensu, nivel especializacao - MBA em Gestao de Seguranca e In- teligencia Penitenciaria, com carga horaria total de 432 (quatrocentas e trinta e duas) horas-aula, na modalidade virtual sincrono, virtual assincrono e presencial, destinado a capacitacao de ate 40 (quaren-ta) servidores do Instituto Penitenciario do Estado do Acre - IAPEN/AC, com a inclusao de ate 05 (cinco) alunos excedentes na turma, por meio da Secretaria de Estado de Justica e Seguranca Publica - SEJUSP. I - Gestor Titular: Arthur de Oliveira Magalhaes - Matricula: 9250220-4, II - Fiscal Titular: Williane da Silveira Sousa Sanches - Matricula: 2789980-3, Art. 2° Compete aos gestores o acompanhamento da execucao processual do processo administrativo de despesa publica - PADP, bem como a realiza- cao de todos os atos materiais e documentais necessarios ao atendimento da legislacao vigente, sem prejuizo das disposicoes do Manual de Gestao e Fiscalizacao de Contratos Administrativos da CGE/AC: I - Instruir os processos administrativos de despesa publica com os docu- mentos obrigatorios e necessarios, nos termos e limites estabelecidos pelo Contrato Administrativo firmado, II - Dar publicidade e manter semanalmente atualizados os dados de cada PADP sob sua gerencia por meio da insercao de dados em meios informati- cos, a exemplo do GRP, III - Acompanhar a vigencia do instrumento contratual, a fim de proceder as diligencias administrativas de prorrogacao, se possivel e vantajoso for, ou ao encerramento da contratacao, de modo a garantir o atendimento do interesse publico. Paragrafo unico. O gestor que nao observar as normas contidas nesta Portaria e no Manual de Gestao e Fiscalizacao de Contratos Administrativos e causar danos de qualquer ordem ao Poder Publico em decorrencia do exerci- cio do onus a ele incumbido, respondera pelos danos que causar. Art. 3º Compete aos fiscais a verificacao da correta execucao do objeto con- tratual, em seu aspecto quantitativo e qualitativo, bem como o atendimento as normas regulamentares aplicaveis ao objeto contratado. Paragrafo unico. O fiscal que nao observar as normas contidas nesta Portaria e no Manual de Gestao e Fiscalizacao de Contratos Administrativos e causar danos de qualquer ordem ao Poder Publico em decorrencia do exercicio do onus a ele incumbido, respondera pelos danos que causar. Art. 4º Compete aos gestores e fiscais a participacao dos cursos de operacio- nalizacao do Sistema de Gestao Administrativa, quando ofertados na Platafor- ma de Capacitacao no Portal da Seplag. As inscricoes devem ser realizadas por meio do link http: //servicos.seplag.ac.gov.br/capacitacao/ e utilizando login e senha de acesso a rede corporativa (internet). Art. 5º Esta Portaria entrara em vigor na data de sua publicacao. JOSE AMERICO DE SOUZA GAIA Secretario de Estado de Justica e Seguranca Publica      NaN
1  9175901921  0819.012805.00007/2026-03         2026-04-24  FUNDACAO GETULIO VARGAS FGV                                   SECRETARIAS DE ESTADO  0000032                                                         SEJUSP                                                                                                                                                                                                                                                                                                                                                                                                                                                                                                                                                                                                                                                                                                                                                                                                                                                                                                                                                                                                                                                                                                                                                                                                                                                                                                                                                                                                                                                                                                                                                                                                                                                                                                                                                                                                                                                                                                                                                                                                                                                                                                                                                                                                                                                                                                                                                                                                                                                                                                                                                                                                                                                                                                                                                                                                                                                                                                                                                                                                                                                                                                                                                                                                                                                                                                                                                                                                                                                                                                                                                                                                                                                                                                                                                                                                                                                                                                                                                                                                                                                                                                                                                                                                                                                                                                                                                                                                                                                                                                                                                                                                                                                                                                                                                                                                                                                                                                                                                                                                                                                                                                                                                                                                                                                                                                                                                                                                                                                                                                                                                                                                                                                                                                                                                                                                                                                                                                                                                                                                                                                                                                                                                                                                                                                                                                                                                                                                                                                                                                                                                                                                                                                                                                                                                                                                                                                                                                                                                                                                                                                                                                                                                                                                                                                                                                                                                                                                                                                                                                                                                                                                                                                                                                                                                                                                                                                                                                                                                                                                                                                                                                                                                                                                                                                                                                                                                                                                                                                                                                                                                                                                                                                                                                                                                                                                                                                                                                                                                                                                                                                                                                                                                                                                                                                                                                                                                                                                                                                                                                                                                                                                                                                                                                                                                                                                                                                                                                                                                                                                                                                                                                                                                                                                                                                                                                                                                                                                                                                                                                                                                                                                                                                                                                                                                                                                                                                                                                                                                                                                                                                                                                                                                                                                                                                                                                                                                                                                                                                                                                                                                                                                                                                                                                                                                                                                                                                                                                                                                                                                                                                                                                                                                                                                                                                                                                                                                                                                                                                                                                                                                                                                                                                                                                                                                                                                                                                                                                                                                                                                                                                                                                                                                                                                                                                                                                                                                                                                                                                                                                                                                                                                                                                                                                                                                                                                                                                                                                                                                                                                                                                                                                                                                                                                                                                                                                                                                                                                                                                                                                                                                                                                                                                                                                                                        PORTARIA SEJUSP Nº 158 DE 15 DE ABRIL DE 2026 O SECRETARIO DE ESTADO DE JUSTICA E SEGURANCA PUBLICA, JOSE AMERICO DE SOUZA GAIA, no uso das atribuicoes que lhe sao conferidas, por meio do Decreto nº. 10-P de 01 de janeiro de 2023, publicado no Diario Oficial do Estado nº 13.443, de 02 de janeiro de 2023, em consonancia com o Artigo 86, Inciso II, da Constituicao do Estado do Acre, de 03 de outubro de 1989, RESOLVE: Art. 1º Designar os servidores abaixo indicados, para, em observancia a Le- gislacao vigente, atuarem como gestor e fiscal do Contrato 46/2026, Processo SEI nº 0819.012805.00007/2026-03, celebrado entre a Secretaria de Estado de Justica e Seguranca Publica - SEJUSP e a empresa FUNDACAO GE- TULIO VARGAS-FGV, cujo objeto e a contratacao de instituicao de ensino superior especializada para ministrar o Curso de Extensao  Programa de En- frentamento da Violencia contra a Mulher , destinado aos operadores do Sis- tema Integrado de Seguranca Publica - SISP do Estado do Acre, com oferta de 02 (duas) turmas por ano, com ate 40 (quarenta) alunos por turma, durante o periodo de 60 (sessenta) meses, com carga horaria anual de 120 (cento e vinte) horas, por meio da Secretaria de Estado de Justica e Seguranca Publi- ca - SEJUSP. I - Gestor Titular: Francisca de Fatima Goncalves Paiva - Matricula: 9405488-1, II - Fiscal Titular: Edwilson Oliveira Pereira - Matricula: 2354098, III - Fiscal Substituto: Marlon da Rocha Cavalcante - Matricula: 9614940. Art. 2° Compete aos gestores o acompanhamento da execucao processual do processo administrativo de despesa publica - PADP, bem como a realiza- cao de todos os atos materiais e documentais necessarios ao atendimento da legislacao vigente, sem prejuizo das disposicoes do Manual de Gestao e Fiscalizacao de Contratos Administrativos da CGE/AC: I - Instruir os processos administrativos de despesa publica com os docu- mentos obrigatorios e necessarios, nos termos e limites estabelecidos pelo Contrato Administrativo firmado, II - Dar publicidade e manter semanalmente atualizados os dados de cada PADP sob sua gerencia por meio da insercao de dados em meios informati- cos, a exemplo do GRP, III - Acompanhar a vigencia do instrumento contratual, a fim de proceder as diligencias administrativas de prorrogacao, se possivel e vantajoso for, ou ao encerramento da contratacao, de modo a garantir o atendimento do interesse publico. Paragrafo unico. O gestor que nao observar as normas contidas nesta Portaria e no Manual de Gestao e Fiscalizacao de Contratos Administrativos e causar danos de qualquer ordem ao Poder Publico em decorrencia do exerci- cio do onus a ele incumbido, respondera pelos danos que causar. Art. 3º Compete aos fiscais a verificacao da correta execucao do objeto con- tratual, em seu aspecto quantitativo e qualitativo, bem como o atendimento as normas regulamentares aplicaveis ao objeto contratado. Paragrafo unico. O fiscal que nao observar as normas contidas nesta Portaria e no Manual de Gestao e Fiscalizacao de Contratos Administrativos e causar danos de qualquer ordem ao Poder Publico em decorrencia do exercicio do onus a ele incumbido, respondera pelos danos que causar. Art. 4º Compete aos gestores e fiscais a participacao dos cursos de operacio- nalizacao do Sistema de Gestao Administrativa, quando ofertados na Platafor- ma de Capacitacao no Portal da Seplag. As inscricoes devem ser realizadas por meio do link http: //servicos.seplag.ac.gov.br/capacitacao/ e utilizando login e senha de acesso a rede corporativa (internet). Art. 5º Esta Portaria entrara em vigor na data de sua publicacao. JOSE AMERICO DE SOUZA GAIA Secretario de Estado de Justica e Seguranca Publica      NaN
2  9176724454  1008468-49.2024.4.01.3000         2026-04-28               ESTADO DO ACRE  DJEN - Diário de Justiça Eletrônico Nacional - JFED-AC  4564668   4ª Vara Federal de Juizado Especial Cível e Criminal da SJAC  Intimação    PROCESSO: 1008468-49.2024.4.01.3000 - CUMPRIMENTO DE SENTENcA CONTRA A FAZENDA PuBLICA - || . Secao Judiciaria do Estado do Acre 4ª Vara Federal de Juizado Especial Civel e Criminal da SJAC PROCESSO: 1008468-49.2024.4.01.3000 CLASSE: CUMPRIMENTO DE SENTENCA CONTRA A FAZENDA PUBLICA (12078) EXEQUENTE: GENDIVANI ARAUJO SENA Advogados do(a) EXEQUENTE: ANDREW DE SENA MACEDO - RO12068, JURACI ALVES DOS SANTOS - RO10517, PEDRO RODRIGUES DE SOUZA - RO10519 EXECUTADO: INSTITUTO NACIONAL DO SEGURO SOCIAL - INSS ATO ORDINATORIO (Portaria 4ª Vara n. 02/2025, de 10 de novembro de 2025) Intime-se a parte autora para que, no prazo 30 (trinta) dias, elabore a(s) minuta(s) de RPV no Sistema de Requisicao de Pagamento Agil - SIREA (https: //sistemas.trf1.jus.br/sirea) referentes ao valor: 1. Do Beneficiario Principal, devido a parte autora, conforme planilha de calculo juntada ao processo e homologada pelo magistrado ou obrigatoriamente o valor constante no dispositivo de sentenca liquida, com destaque dos honorarios contratuais (beneficiario secundario), se for juntado o respectivo contrato de honorarios, - Os honorarios contratuais somente poderao ser destacados do principal se o respectivo contrato for juntado aos autos. Havendo destaque sem a juntada do contrato, a RPV sera devolvida para retificacao no prazo de 30 (trinta) dias ou cancelada. - Ao preencher os valores, devera ser observado o campo proprio para preenchimento do valor dos juros e dos juros Selic, acaso os referidos acessorios constem na planilha de calculos ou na sentenca, inclusive no preenchimento dos honorarios contratuais. - Os campos relativos a rendimentos recebidos acumuladamente - RRA, correspondente aos meses e valores de exercicios anteriores e correntes (estes se houver) deverao ser preenchidos adequadamente. 2. Dos honorarios de sucumbencia, se houver condenacao na instancia recursal, 3. Da multa/astreintes aplicada a parte re, se houver decisao nesse sentido. As instrucoes (videos e manuais) de como elaborar a(s) minuta(s) estao no link: https: //trf1jusbr-my.sharepoint.com/: f: /g/personal/sebastiao_silva_trf1_jus_br/IgC-9o67NXZvTYwUnQTVdPj6Aftq6yO3VcGWSOZRoLTaOLM?e=xMnftw Caso o advogado nao consiga se cadastrar no SIREA ou nao consiga gerar o codigo OTP, devera abrir uma solicitacao junto a Central de Atendimento pelo e-mail: csti@trf1.jus.br. Se houver necessidade de reiniciar o codigo OTP (em razao de mudanca de celular, falha no envio de codigo OTP ja cadastrado, etc), devera ser formalizado para o e-mail: sirea.jef.ac@trf1.jus.br. Caso o advogado nao realize o cadastro da minuta da(s) RPV(s) no prazo assinalado, devera justificar por peticao nos autos informando o motivo, juntando os prints das telas de eventual erro do sistema SIREA. Transcorrido o prazo sem manifestacao ou sem a juntada da minuta de RPV, os autos serao arquivados, sem prejuizo de posterior desarquivamento. Em caso de devolucao da requisicao pela Vara em razao de erro, o(a) advogado(a) tera novo prazo de 30 dias para retificacao, sob pena de arquivamento dos autos. Rio Branco, 25 de abril de 2026. MARCO ANTONIO CUNHA COTTA Servidor ANEXO I Resumo do procedimento usando o SIREA 1º) A Vara insere o processo no SIREA, 2º) A Vara lavra o ato ordinatorio de intimacao do(s) exequente(s) para elaboracao da(s) minuta(s) em 30 (trinta) dias, 3º) O Advogado do exequente elabora a(s) minuta(s) de RPV no SIREA, 4º) Quando o Advogado concluir a(s) minuta(s), o SIREA automaticamente juntara a(s) minuta(s) no PJE e disparara um prazo de 30 (trinta) dias para a parte executada se manifestar, 5º) Apos o prazo, a RPV vai para a fila de analise da Vara, 6º) Se a RPV estiver com todos os dados corretos, ela e encaminhada para a fila de homologacao pelo magistrado. Se a RPV contiver erro(s), sera devolvida no proprio sistema SIREA para retificacao com a informacao do erro identificado ou cancelada e todo o procedimento sera reiniciado, com a intimacao do advogado do exequente para retificar ou apresentar nova minuta de RPV com os dados corretos, no prazo de 30 (trinta) dias, sob pena de arquivamento do processo. 7º) Caso esteja tudo correto, o magistrado homologa (assina) a RPV e migra ao TRF da 1ª Regiao, onde sera autuada. 8º) Depois da migracao da RPV ao TRF1, os autos serao arquivados, cabendo aos beneficiarios acompanharem o pagamento pelo Sirea (na aba  Consultas , opcao  Requisicoes por Beneficiarios , preencher o numero do processo) ou pelo site do TRF1 (https: //processual.trf1.jus.br/consultaProcessual/numeroProcessoOriginario.php?secao=TRF1). ANEXO II Duvidas frequentes 1. Nocoes gerais O que e o SIREA? SIREA e a abreviatura de Sistema de Requisicao de Pagamento Agil. E um sistema desenvolvido para auxiliar na expedicao de um grande numero de requisicoes de pagamento, especialmente em acoes coletivas e nos Juizados Especiais Federais. Qual e o papel do advogado no SIREA? O advogado assume um papel ativo no procedimento, inserindo os dados relativos a valores e ao transito em julgado. O SIREA emite Precatorios? Na 4ª Vara Federal por enquanto apenas as RPVs serao cadastradas no sistema SIREA. 2. Acesso e configuracao Como faco para acessar o SIREA? O acesso e feito pelo link https: //sistemas.trf1.jus.br/sirea/#/login ou pelo site do TRF1. Como devo logar no sistema? O acesso e feito clicando no botao  Certificado  e entrando com o certificado digital. Existe alguma configuracao de seguranca obrigatoria? Sim. No primeiro acesso, e necessario configurar um aplicativo gerenciador de Multiplo Fator de Autenticacao (MFA), como Google Authenticator ou Microsoft Authenticator (OTP - one time password). 3. Gerenciamento e inclusao de processos Os processos sao adicionados automaticamente ao meu perfil no SIREA? Nao. O SIREA nao adiciona processos automaticamente ao perfil do advogado. Apos a inclusao dos processos no SIREA pela Vara, a lista de  Meus processos  exibe somente aqueles adicionados pelo proprio advogado. Como adiciono um processo ao meu perfil? Apos a inclusao do processo no SIREA pela Vara, o advogado deve clicar no botao  Adicionar Processo  na tela inicial e preencher o numero do processo. O que e necessario para que o advogado consiga adicionar um processo no SIREA? O advogado apenas conseguira incluir processos nos quais o causidico esteja cadastrado no Pje e a Vara tenha incluido no SIREA. 4. Fluxo de Elaboracao das Minutas Quais sao os passos fundamentais para a elaboracao das minutas de RPV? Sao tres passos principais: a. Criar as Contas dos beneficiarios (credito do autor correspondente a atrasados, honorarios contratuais, multa e honorarios de sucumbencia). Obs: em processos previdenciarios, a opcao  CPF do Servidor Credor Originario  nao deve ser preenchida. Criar os Lotes. Gerar as Requisicoes de Pagamento com os dados inseridos e remeter ao executado. Detalhamento das Etapas Como eu insiro o valor dos honorarios contratuais? Os honorarios contratuais sao cadastrados como um beneficiario secundario da parte autora. E necessario preencher o CPF do advogado ou o CNPJ do escritorio. Os honorarios contratuais vao seguir a mesma RPV do valor principal do autor. Posso cadastrar os honorarios em nome de pessoa fisica ou jurica que nao constam no contrato? Nao. Os honorarios de advogado devem ser destinados aquele(s) que figura(m) como contratado(s) no respectivo instrumento. E possivel cadastrar o credito de honorarios contratuais em nome de apenas um advogado ou escritorio mesmo quando no contrato figuram varios advogados (ou escritorios) na condicao de contratados? Em regra, nao. O valor destacado a titulo de honorarios contratuais deve ser dividido igualmente entre todos os profissionais que constam no contrato, salvo se houver disposicao diferente no proprio instrumento. Caso, no momento do cadastramento da RPV, o credito seja atribuido apenas a um ou alguns dos contratados e os demais manifestem discordancia, os autos serao encaminhados para apreciacao judicial, a fim de que seja analisado eventual comportamento contraditorio na atuacao processual. O que e necessario para elaborar RPV correspondente ao destaque dos honorarios contratuais? E essencial que o respectivo contrato esteja juntado no processo antes de inserir a minuta da(s) RPV(s). Como eu incluo uma RPV de Multa (astreintes)? Apos inserir os dados do valor principal, o advogado deve adicionar uma nova conta, preenchendo os dados referentes a multa. Ao criar o lote, o tipo de requisicao deve ser  Multa ou reembolso de custas  Como eu incluo honorarios de sucumbencia? Os honorarios de sucumbencia sao requisitados em RPV propria (separada do valor principal) em nome do advogado ou do escritorio de advocacia (pessoa juridica). O advogado pode se cadastrar diretamente no processo Pje mas se precisar elaborar a RPV em nome da pessoa juridica (escritorio), deve formalizar o respectivo pedido de cadastramento nos autos. Mesmo figurando varios advogados no instrumento procuratorio, a sucumbencia pode ser cadastrada em favor de apenas um deles? Em regra, nao. O valor deve ser dividido entre todos os profissionais que atuam no processo. Caso, no momento do cadastramento da RPV, o credito seja atribuido apenas a um ou alguns dos advogados e os demais manifestem discordancia, os autos serao encaminhados para apreciacao judicial, a fim de que seja analisado eventual comportamento contraditorio na atuacao processual. Qual e a  data-base  que devo usar? RPV relativa ao credito principal e aos honorarios contratuais: a) acaso existente fase de liquidacao, a data-base correspondera ao mes de atualizacao constante no calculo homologado (fornecido pelo exequente ou executado), b) acaso liquida a sentenca, a data-base sera o mes e ano da atualizacao constante no referido titulo executivo ou mes e ano da sentenca, se nela nao constar data de atualizacao. Em caso de processo em que houve acordo, a data-base sera a da proposta de acordo formalizada pelo reu. RPV relativa a multa: mes do ato judicial que a arbitrou. RPV de honorarios de sucumbencia: mes do julgado que arbitrou, se for em valor certo. Se corresponder a percentual da condenacao, sera: a) o mes e ano da atualizacao constante no calculo homologado, b) mes e ano da atualizacao constante na sentenca, ou, c) mes e ano da sentenca, se nela nao constar informacoes sobre a atualizacao. O que e Rendimento Recebido Acumuladamente (RRA)? O sistema SIREA exige o preenchimento do campo de RRA para cadastramento das requisicoes. O Rendimento Recebido Acumuladamente (RRA) corresponde a valores pagos de uma so vez ao beneficiario, mas que deveriam ter sido pagos de maneira mensal e regular ao longo do tempo. Em outras palavras, quando um autor recebe em determinado mes, em parcela unica, valores que se referem a varios meses ou anos passados — normalmente porque havia discussao administrativa ou judicial — temos um RRA. Tais valores possuem natureza de rendimento mensal habitual, razao pela qual, recebidos acumuladamente, configuram Rendimentos Recebidos Acumuladamente - RRA, devendo a retencao do Imposto de Renda observar o disposto no art. 12-A da Lei 7.713/1988 e na Resolucao CJF 822/2023, com distribuicao do valor pelos meses de competencia. Como calcular o RRA quando a sentenca e liquida? Vamos partir de um exemplo pratico utilizando o dispositivo de uma sentenca, conforme abaixo:  Ante o exposto, ACOLHO o pedido inicial, resolvendo o merito, nos termos do art. 487, I, do CPC, para condenar o INSS a: a) implantar em favor da parte autora o beneficio abaixo identificado: BPC - LOAS Deficiente Especie B87 CPF DIB 02/09/2024 DIP 01/06/2025 Cidade de pagamento Rio Branco a) pagar a titulo de atrasados as parcelas vencidas entre a DIB e a DIP, no montante de R$ 13.893,55, sendo R$ 13.238,00 referente ao principal e R$ 655,55, a SELIC.  Calculo de RRA Valor das parcelas de exercicios anteriores: R$ 6.303,55 Numero de meses de exercicios anteriores: 4 Valor do exercicio corrente: R$ 7.590,00 Numero de meses do exercicio corrente: 5 Para identificar o valor das parcelas de exercicios correntes, basta multiplicar o salario-minimo do ano atual pelo numero de meses. Entao no exemplo temos 5 meses do exercicio corrente, que multiplicados por R$ 1518,00 (mil quinhentos e dezoito reais) correspondera a R$ 7.590,00 (sete mil, quinhentos e noventa reais). Para identificar os valores de exercicio anteriores basta subtrair o valor total pelo montante do exercicio corrente, ou seja, no nosso exemplo R$ 13.893,55 (treze mil oitocentos e noventa e tres reais e cinquenta e cinco centavos) menos R$ 7.590,00 (sete mil quinhentos e noventa reais), que tera como resultado R$ 6.303,55 (seis mil, trezentos e tres reais e cinquenta e cinco centavos). Dica 1: ainda que a DIB seja fixada em fracao do mes (dia 10, dia 15, dia 30, etc), a competencia deve ser contada como um mes inteiro para identificacao do numero de meses, Dica 2: a DIP corresponde a inicio do pagamento administrativo, de modo que os atrasados sempre terao como termo final a data anterior a DIP, que geralmente e fixada no primeiro dia do mes. Dica 3: acaso haja destaque de honorarios contratuais de advogado, na conta do autor no sistema SIREA deve ser lancado apenas RRA a este relativo. Entao, no exemplo citado, considerando um destaque de 30% a titulo de honorarios, o credito do autor correspondera a R$ 9.725,49 (ou seja, os outros 70%), bastando para encontrar os valores de exercicios anteriores e corrente aplicar o percentual de 70% (setenta por cento), que corresponde a parte do autor, sobre o montante de exercicios anteriores e corrente, que no nosso exemplo resultara, respectivamente, em R$ 4.412,49 (R$ 6.303,55 X 70%) e R$ 5.313,00 (R$ 7.590,00 X 70%). Para facilitar esse calculo, o advogado pode acessar o documento  RRA 2026  na pasta  Planilha_RRA_honorarios  no link de tutoriais do SIREA e realizar o preenchimento observando as instrucoes tambem presentes na pasta. Link de tutoriais do SIREA: https: //trf1jusbr-my.sharepoint.com/: f: /g/personal/sebastiao_silva_trf1_jus_br/IgC-9o67NXZvTYwUnQTVdPj6Aftq6yO3VcGWSOZRoLTaOLM?e=xMnftw Como identificar as informacoes relativas a RRA em planilhas de calculos do autor, do reu ou da contadoria (sentenca nao e liquida)? Atualmente as planilhas de calculos geradas em plataformas eletronicas na web, em regra, fornecem de modo detalhado a quantidade de meses de exercicio anteriores e correntes, bem como os respectivos valores para fins de preenchimento adequado das requisicoes de pagamento. Acaso a plataforma utilizada ou o calculo homologado (do autor, do reu ou da contadoria) nao forneca os dados, sera necessaria a identificacao manual (contagem do numero de competencias e soma dos valores). O calculo foi elaborado no ano anterior, identificando-se valores de exercicios correntes e anteriores. Devo lancar esses valores todos como exercicios anteriores, uma vez que ja se referem a anos preteritos? Sim. Nesse caso, ainda que a planilha de calculos juntada identifique exercicios anteriores e correntes, os valores devem ser lancados todos como exercicios anteriores. Tenho que preencher os campos Valor Principal, Valor Juros ate 12/2021 e Valor Juros SELIC (EC 113/2021) constantes no formulario de  Contas da parte ? Sempre que esses dados estiverem presentes na sentenca ou no calculo homologado deverao ser preenchidos adequadamente, de modo a viabilizar a correta incidencia dos acessorios sobre o credito exequendo, evitando, assim, prejuizo a parte. O credito exequendo (constante na sentenca ou calculo) data de meses atras. Preciso atualizar a conta para inserir valores no SIREA? Nao. O sistema SIREA realiza o calculo da atualizacao da ultima conta ate o deposito, bastando para tanto que seja preenchido adequadamente o campo data-base. Consigo ver a minuta da RPV antes de remeter? Na etapa de consolidacao da requisicao de pagamento o advogado pode verificar a previa da minuta para confirmar todos os dados cadastrados. Quem pode concluir e remeter a requisicao? O ato de  Concluir e Remeter aos Responsaveis  exige a confirmacao via certificado digital e somente o advogado cadastrado no processo pode realiza-lo. Prepostos conseguem realizar todos os passos anteriores, mas nao a remessa final. O que o SIREA faz automaticamente apos a remessa final? Apos a confirmacao com o certificado digital, o sistema executa duas acoes cruciais no PJe: Junta as requisicoes no processo. Dispara a intimacao do polo passivo. Quando o trabalho do advogado e finalizado? Se as minutas de RPV forem juntadas no PJe e a intimacao da parte executada for devidamente disparada, o trabalho de cooperacao do advogado e finalizado e os demais passos ficam a cargo da Vara. 5. Suporte e Solucao de Problemas A quem devo recorrer em caso de impossibilidade de acesso, cadastro inativo ou ausencia de juntada automatica de minuta de RPV pelo sistema? Central de Servicos de TI do TRF1 (csti@trf1.jus.br ou 61 3314-1620). O que fazer se detectar erros nos dados cadastrados apos a intimacao da parte contraria? Entrar em contato com a Vara pelo e-mail sirea.jef.ac@trf1.jus.br. Onde posso enviar reclamacoes, sugestoes sobre o SIREA ou pedido de novo cadastramento do codigo OTP? Direcionar ao e-mail sirea.jef.ac@trf1.jus.br. Canal especifico para tirar duvidas Caso o advogado, mesmo apos a visualizacao dos videos e leitura dos manuais, identificar algum erro no Sirea ou ficar com duvida pontual, podera manter contato pelo e-mail: sirea.jef.ac@trf1.jus.br. ||| POLO ATIVO: GENDIVANI ARAUJO SENA ADVOGADO: JURACI ALVES DOS SANTOS - OAB: 010517/RO ADVOGADO: ANDREW DE SENA MACEDO - OAB: 012068/RO ADVOGADO: PEDRO RODRIGUES DE SOUZA - OAB: 010519/RO Acesso ao documento: https://pje1g.trf1.jus.br:443/pje/Processo/ConsultaDocumento/listView.seam?x=26042516094291100002168069518 Identificador do documento: 594564668      NaN
[2026-04-28 14:47:51] [INFO] reader — Coluna CNJ mapeada: 'Número do Processo'
C:\Users\lucas.paim\Desktop\processo_triage\reader.py:103: UserWarning: Parsing dates in %Y-%m-%d format when dayfirst=True was specified. Pass `dayfirst=False` or specify a format to silence this warning.
  d = pd.to_datetime(val, errors="coerce", dayfirst=True)
[2026-04-28 14:47:51] [INFO] reader — Webjur1.csv: total de linhas lidas=8998 | CNJ preenchido=8977 | CNJ vazio=21
[2026-04-28 14:47:51] [WARNING] reader — Webjur1.csv: exemplos de linhas com CNJ vazio: [{'Codigo': '9180857702', 'Número do Processo': '', 'Data da Publicação': '2026-04-28', 'Termo Localizado': 'MINISTERIO PUBLICO FEDERAL', 'Diário Oficial': '', 'Página': '230', 'Juizo': ' ', 'Publicação': '    Publicação eletrônica em formato de documento digitalizado br URL da imagem: http://www.webjur.com.br/ImagemPublicacao/?cdjornaloriginal=13&dtpublicacao=20260428&cdsequencial=9180857702&html=1 br  br [[ MINISTERIO PUBLICO FEDERAL ]] [[ MINISTERIO PUBLICO FEDERAL ]]   BR  font face=verdana size=1 color=black Link Imagem:   /font  font face=verdana size=2 color=black  A HREF= http://webjur.com.br/ImagemPublicacao/?cdjornaloriginal=13&dtpublicacao=20260427&html=1&cdsequencial=9180857702  Target=_Blank Está publicação está em forma de imagem. Clique aqui para vê-la. /A   font color=White size=1px http://webjur.com.br/ImagemPublicacao/?cdjornaloriginal=13&dtpublicacao=20260427&html=1&cdsequencial=9180857702 /font ', 'targetID': ''}, {'Codigo': '9180872038', 'Número do Processo': '', 'Data da Publicação': '2026-04-28', 'Termo Localizado': 'MINISTERIO PUBLICO FEDERAL', 'Diário Oficial': '', 'Página': '227', 'Juizo': ' ', 'Publicação': '    Publicação eletrônica em formato de documento digitalizado br URL da imagem: http://www.webjur.com.br/ImagemPublicacao/?cdjornaloriginal=13&dtpublicacao=20260428&cdsequencial=9180872038&html=1 br  br [[ MINISTERIO PUBLICO ESTADUAL ]] [[ MINISTERIO PUBLICO FEDERAL ]]   BR  font face=verdana size=1 color=black Link Imagem:   /font  font face=verdana size=2 color=black  A HREF= http://webjur.com.br/ImagemPublicacao/?cdjornaloriginal=13&dtpublicacao=20260427&html=1&cdsequencial=9180872038  Target=_Blank Está publicação está em forma de imagem. Clique aqui para vê-la. /A   font color=White size=1px http://webjur.com.br/ImagemPublicacao/?cdjornaloriginal=13&dtpublicacao=20260427&html=1&cdsequencial=9180872038 /font ', 'targetID': ''}, {'Codigo': '9180856791', 'Número do Processo': '', 'Data da Publicação': '2026-04-28', 'Termo Localizado': 'MINISTERIO PUBLICO', 'Diário Oficial': '', 'Página': '225', 'Juizo': ' ', 'Publicação': '    Publicação eletrônica em formato de documento digitalizado br URL da imagem: http://www.webjur.com.br/ImagemPublicacao/?cdjornaloriginal=13&dtpublicacao=20260428&cdsequencial=9180856791&html=1 br  br [[ MINISTERIO PUBLICO ]] [[ MINISTERIO PUBLICO ]] [[ MINISTERIO PUBLICO ]] [[ MINISTERIO PUBLICO ]]   BR  font face=verdana size=1 color=black Link Imagem:   /font  font face=verdana size=2 color=black  A HREF= http://www.webjur.com.br/ImagemPublicacao/?cdjornaloriginal=13&dtpublicacao=20260427&html=1&cdsequencial=9180856791  Target=_Blank Está publicação está em forma de imagem. Clique aqui para vê-la. /A   font color=White size=1px http://www.webjur.com.br/ImagemPublicacao/?cdjornaloriginal=13&dtpublicacao=20260427&html=1&cdsequencial=9180856791 /font ', 'targetID': ''}, {'Codigo': '9180857661', 'Número do Processo': '', 'Data da Publicação': '2026-04-28', 'Termo Localizado': 'MINISTERIO PUBLICO', 'Diário Oficial': '', 'Página': '228', 'Juizo': ' ', 'Publicação': '    Publicação eletrônica em formato de documento digitalizado br URL da imagem: http://www.webjur.com.br/ImagemPublicacao/?cdjornaloriginal=13&dtpublicacao=20260428&cdsequencial=9180857661&html=1 br  br [[ MINISTERIO PUBLICO ]] [[ MINISTERIO PUBLICO ]] [[ MINISTERIO PUBLICO ]] [[ MINISTERIO PUBLICO ]]   BR  font face=verdana size=1 color=black Link Imagem:   /font  font face=verdana size=2 color=black  A HREF= http://www.webjur.com.br/ImagemPublicacao/?cdjornaloriginal=13&dtpublicacao=20260427&html=1&cdsequencial=9180857661  Target=_Blank Está publicação está em forma de imagem. Clique aqui para vê-la. /A   font color=White size=1px http://www.webjur.com.br/ImagemPublicacao/?cdjornaloriginal=13&dtpublicacao=20260427&html=1&cdsequencial=9180857661 /font ', 'targetID': ''}, {'Codigo': '9180886130', 'Número do Processo': '', 'Data da Publicação': '2026-04-28', 'Termo Localizado': 'JUSTICA PUBLICA', 'Diário Oficial': '', 'Página': '235', 'Juizo': ' ', 'Publicação': '    Publicação eletrônica em formato de documento digitalizado br URL da imagem: http://www.webjur.com.br/ImagemPublicacao/?cdjornaloriginal=13&dtpublicacao=20260428&cdsequencial=9180886130&html=1 br  br [[ JUSTICA PUBLICA ]] [[ JUSTICA PUBLICA ]] [[ JUSTICA PUBLICA ]]   BR  font face=verdana size=1 color=black Link Imagem:   /font  font face=verdana size=2 color=black  A HREF= http://www.webjur.com.br/ImagemPublicacao/?cdjornaloriginal=13&dtpublicacao=20260427&html=1&cdsequencial=9180886130  Target=_Blank Está publicação está em forma de imagem. Clique aqui para vê-la. /A   font color=White size=1px http://www.webjur.com.br/ImagemPublicacao/?cdjornaloriginal=13&dtpublicacao=20260427&html=1&cdsequencial=9180886130 /font ', 'targetID': ''}]
C:\Users\lucas.paim\Desktop\processo_triage\reader.py:85: UserWarning: Parsing dates in %Y-%m-%d format when dayfirst=True was specified. Pass `dayfirst=False` or specify a format to silence this warning.
  pd_timestamp = pd.to_datetime(val, errors="coerce", dayfirst=True)
[2026-04-28 14:47:54] [INFO] reader — Colunas mapeadas: CNJ='Número do Processo', Data='Data da Publicação', Texto='Publicação', Cliente='Termo Localizado', Tribunal/Sistema extraídos por fonte
[2026-04-28 14:47:54] [INFO] reader — Sanitizado não encontrado; usando bruto: C:\Users\lucas.paim\Desktop\processo_triage\input\Webjur2.csv
[2026-04-28 14:47:54] [WARNING] reader — Arquivo não encontrado, pulando: C:\Users\lucas.paim\Desktop\processo_triage\input\Webjur2.csv
[2026-04-28 14:47:54] [INFO] reader — 📂 Lendo fonte: MODO_LEGALONE_INTIMACOES
[2026-04-28 14:47:54] [WARNING] reader — Arquivo não encontrado, pulando: C:\Users\lucas.paim\Desktop\processo_triage\input\ModoLegalOneIntimacoes1.xlsx
[2026-04-28 14:47:54] [WARNING] reader — Arquivo não encontrado, pulando: C:\Users\lucas.paim\Desktop\processo_triage\input\ModoLegalOneIntimacoes2.xlsx
[2026-04-28 14:47:54] [WARNING] reader — Nenhum arquivo encontrado para esta fonte.
[2026-04-28 14:47:54] [INFO] reader — read_all_external: antes do filtro CNJ vazio=10332 | com CNJ=10311 | sem CNJ=21
[2026-04-28 14:47:54] [WARNING] reader — read_all_external: exemplos sem CNJ: [{'cnj': '', '_data': '2026-04-28', '_texto': '    Publicação eletrônica em formato de documento digitalizado br URL da imagem: http://www.webjur.com.br/ImagemPublicacao/?cdjornaloriginal=13&dtpublicacao=20260428&cdsequencial=9180857702&html=1 br  br [[ MINISTERIO PUBLICO FEDERAL ]] [[ MINISTERIO PUBLICO FEDERAL ]]   BR  font face=verdana size=1 color=black Link Imagem:   /font  font face=verdana size=2 color=black  A HREF= http://webjur.com.br/ImagemPublicacao/?cdjornaloriginal=13&dtpublicacao=20260427&html=1&cdsequencial=9180857702  Target=_Blank Está publicação está em forma de imagem. Clique aqui para vê-la. /A   font color=White size=1px http://webjur.com.br/ImagemPublicacao/?cdjornaloriginal=13&dtpublicacao=20260427&html=1&cdsequencial=9180857702 /font ', '_cliente': 'MINISTERIO PUBLICO FEDERAL', '_tribunal': '', '_sistema': 'DJEN', '_origem_arquivo': 'Webjur1_SANITIZADO.csv', '_fonte': 'webjur'}, {'cnj': '', '_data': '2026-04-28', '_texto': '    Publicação eletrônica em formato de documento digitalizado br URL da imagem: http://www.webjur.com.br/ImagemPublicacao/?cdjornaloriginal=13&dtpublicacao=20260428&cdsequencial=9180872038&html=1 br  br [[ MINISTERIO PUBLICO ESTADUAL ]] [[ MINISTERIO PUBLICO FEDERAL ]]   BR  font face=verdana size=1 color=black Link Imagem:   /font  font face=verdana size=2 color=black  A HREF= http://webjur.com.br/ImagemPublicacao/?cdjornaloriginal=13&dtpublicacao=20260427&html=1&cdsequencial=9180872038  Target=_Blank Está publicação está em forma de imagem. Clique aqui para vê-la. /A   font color=White size=1px http://webjur.com.br/ImagemPublicacao/?cdjornaloriginal=13&dtpublicacao=20260427&html=1&cdsequencial=9180872038 /font ', '_cliente': 'MINISTERIO PUBLICO FEDERAL', '_tribunal': '', '_sistema': 'DJEN', '_origem_arquivo': 'Webjur1_SANITIZADO.csv', '_fonte': 'webjur'}, {'cnj': '', '_data': '2026-04-28', '_texto': '    Publicação eletrônica em formato de documento digitalizado br URL da imagem: http://www.webjur.com.br/ImagemPublicacao/?cdjornaloriginal=13&dtpublicacao=20260428&cdsequencial=9180856791&html=1 br  br [[ MINISTERIO PUBLICO ]] [[ MINISTERIO PUBLICO ]] [[ MINISTERIO PUBLICO ]] [[ MINISTERIO PUBLICO ]]   BR  font face=verdana size=1 color=black Link Imagem:   /font  font face=verdana size=2 color=black  A HREF= http://www.webjur.com.br/ImagemPublicacao/?cdjornaloriginal=13&dtpublicacao=20260427&html=1&cdsequencial=9180856791  Target=_Blank Está publicação está em forma de imagem. Clique aqui para vê-la. /A   font color=White size=1px http://www.webjur.com.br/ImagemPublicacao/?cdjornaloriginal=13&dtpublicacao=20260427&html=1&cdsequencial=9180856791 /font ', '_cliente': 'MINISTERIO PUBLICO', '_tribunal': '', '_sistema': 'DJEN', '_origem_arquivo': 'Webjur1_SANITIZADO.csv', '_fonte': 'webjur'}, {'cnj': '', '_data': '2026-04-28', '_texto': '    Publicação eletrônica em formato de documento digitalizado br URL da imagem: http://www.webjur.com.br/ImagemPublicacao/?cdjornaloriginal=13&dtpublicacao=20260428&cdsequencial=9180857661&html=1 br  br [[ MINISTERIO PUBLICO ]] [[ MINISTERIO PUBLICO ]] [[ MINISTERIO PUBLICO ]] [[ MINISTERIO PUBLICO ]]   BR  font face=verdana size=1 color=black Link Imagem:   /font  font face=verdana size=2 color=black  A HREF= http://www.webjur.com.br/ImagemPublicacao/?cdjornaloriginal=13&dtpublicacao=20260427&html=1&cdsequencial=9180857661  Target=_Blank Está publicação está em forma de imagem. Clique aqui para vê-la. /A   font color=White size=1px http://www.webjur.com.br/ImagemPublicacao/?cdjornaloriginal=13&dtpublicacao=20260427&html=1&cdsequencial=9180857661 /font ', '_cliente': 'MINISTERIO PUBLICO', '_tribunal': '', '_sistema': 'DJEN', '_origem_arquivo': 'Webjur1_SANITIZADO.csv', '_fonte': 'webjur'}, {'cnj': '', '_data': '2026-04-28', '_texto': '    Publicação eletrônica em formato de documento digitalizado br URL da imagem: http://www.webjur.com.br/ImagemPublicacao/?cdjornaloriginal=13&dtpublicacao=20260428&cdsequencial=9180886130&html=1 br  br [[ JUSTICA PUBLICA ]] [[ JUSTICA PUBLICA ]] [[ JUSTICA PUBLICA ]]   BR  font face=verdana size=1 color=black Link Imagem:   /font  font face=verdana size=2 color=black  A HREF= http://www.webjur.com.br/ImagemPublicacao/?cdjornaloriginal=13&dtpublicacao=20260427&html=1&cdsequencial=9180886130  Target=_Blank Está publicação está em forma de imagem. Clique aqui para vê-la. /A   font color=White size=1px http://www.webjur.com.br/ImagemPublicacao/?cdjornaloriginal=13&dtpublicacao=20260427&html=1&cdsequencial=9180886130 /font ', '_cliente': 'JUSTICA PUBLICA', '_tribunal': '', '_sistema': 'DJEN', '_origem_arquivo': 'Webjur1_SANITIZADO.csv', '_fonte': 'webjur'}]
[2026-04-28 14:47:54] [WARNING] reader — Removidas 21 linhas com CNJ vazio das bases externas.
[2026-04-28 14:47:54] [INFO] matcher — Bases externas: 10311 linhas lidas (antes de dedup)
[2026-04-28 14:47:54] [INFO] matcher — Bases externas: 10311 linhas lidas (antes de dedup)
[2026-04-28 14:47:54] [INFO] matcher — Duplicatas removidas: 2166
[2026-04-28 14:47:54] [INFO] matcher — Duplicatas removidas: 2166
   🔍 Matching:   0%|          | 0/8145 [00:00<?, ?it/s]
   🔍 Matching: 100%|██████████| 8145/8145 [00:00<00:00, 92726.08it/s]
[2026-04-28 14:47:55] [INFO] matcher — Matching: 6623 SEM MATCH, 1522 COM MATCH
[2026-04-28 14:47:55] [INFO] matcher — Matching: 6623 SEM MATCH, 1522 COM MATCH
[2026-04-28 14:47:55] [INFO] matcher — 
[2026-04-28 14:47:55] [INFO] matcher — 
[2026-04-28 14:47:55] [INFO] matcher — ============================================================
[2026-04-28 14:47:55] [INFO] matcher — ============================================================
[2026-04-28 14:47:55] [INFO] matcher — RESULTADOS DO MATCHING
[2026-04-28 14:47:55] [INFO] matcher — RESULTADOS DO MATCHING
[2026-04-28 14:47:55] [INFO] matcher — ============================================================
[2026-04-28 14:47:55] [INFO] matcher — ============================================================
[2026-04-28 14:47:55] [INFO] matcher —    Total processado: 8145
[2026-04-28 14:47:55] [INFO] matcher —    Total processado: 8145
[2026-04-28 14:47:55] [INFO] matcher —    Trabalhista sem match: 953 (11.7%)
[2026-04-28 14:47:55] [INFO] matcher —    Trabalhista sem match: 953 (11.7%)
[2026-04-28 14:47:55] [INFO] matcher —    Civel sem match: 5670 (69.6%)
[2026-04-28 14:47:55] [INFO] matcher —    Civel sem match: 5670 (69.6%)
[2026-04-28 14:47:55] [INFO] matcher —    COM MATCH: 1522 (18.7%)
[2026-04-28 14:47:55] [INFO] matcher —    COM MATCH: 1522 (18.7%)
[2026-04-28 14:47:55] [INFO] matcher — 📋 INICIANDO CLASSIFICAÇÃO TRABALHISTA
[2026-04-28 14:47:55] [INFO] matcher — 📋 INICIANDO CLASSIFICAÇÃO TRABALHISTA
[2026-04-28 14:47:55] [INFO] matcher — ✅ Exportado BRUTO: sem_match_trab_bruto_20260428_144714.xlsx (953 registros)
[2026-04-28 14:47:55] [INFO] matcher — ✅ Exportado BRUTO: sem_match_trab_bruto_20260428_144714.xlsx (953 registros)
[2026-04-28 14:47:58] [INFO] matcher — ✅ Classificação TRABALHISTA concluída
[2026-04-28 14:47:58] [INFO] matcher — ✅ Classificação TRABALHISTA concluída
[2026-04-28 14:47:58] [INFO] matcher — 
============================================================
[2026-04-28 14:47:58] [INFO] matcher — 
============================================================
[2026-04-28 14:47:58] [INFO] matcher — 📊 ESTATÍSTICAS — TRABALHISTA
[2026-04-28 14:47:58] [INFO] matcher — 📊 ESTATÍSTICAS — TRABALHISTA
[2026-04-28 14:47:58] [INFO] matcher — ============================================================
[2026-04-28 14:47:58] [INFO] matcher — ============================================================
[2026-04-28 14:47:58] [INFO] matcher —    Total de registros: 953
[2026-04-28 14:47:58] [INFO] matcher —    Total de registros: 953
[2026-04-28 14:47:58] [INFO] matcher — 
   Classificação por categoria:
[2026-04-28 14:47:58] [INFO] matcher — 
   Classificação por categoria:
[2026-04-28 14:47:58] [INFO] matcher —       • Ação Trabalhista: 446 (46.8%)
[2026-04-28 14:47:58] [INFO] matcher —       • Ação Trabalhista: 446 (46.8%)
[2026-04-28 14:47:58] [INFO] matcher —       • Ação de Cumprimento: 226 (23.7%)
[2026-04-28 14:47:58] [INFO] matcher —       • Ação de Cumprimento: 226 (23.7%)
[2026-04-28 14:47:58] [INFO] matcher —       • Recurso Ordinário: 138 (14.5%)
[2026-04-28 14:47:58] [INFO] matcher —       • Recurso Ordinário: 138 (14.5%)
[2026-04-28 14:47:58] [INFO] matcher —       • Agravo de Instrumento: 75 (7.9%)
[2026-04-28 14:47:58] [INFO] matcher —       • Agravo de Instrumento: 75 (7.9%)
[2026-04-28 14:47:58] [INFO] matcher —       • Embargos de Declaração: 37 (3.9%)
[2026-04-28 14:47:58] [INFO] matcher —       • Embargos de Declaração: 37 (3.9%)
[2026-04-28 14:47:58] [INFO] matcher —       • Agravo de Petição: 24 (2.5%)
[2026-04-28 14:47:58] [INFO] matcher —       • Agravo de Petição: 24 (2.5%)
[2026-04-28 14:47:58] [INFO] matcher —       • Décio Freire: 3 (0.3%)
[2026-04-28 14:47:58] [INFO] matcher —       • Décio Freire: 3 (0.3%)
[2026-04-28 14:47:58] [INFO] matcher —       • Recurso de Revista: 2 (0.2%)
[2026-04-28 14:47:58] [INFO] matcher —       • Recurso de Revista: 2 (0.2%)
[2026-04-28 14:47:58] [INFO] matcher —       • Recurso Extraordinário: 2 (0.2%)
[2026-04-28 14:47:58] [INFO] matcher —       • Recurso Extraordinário: 2 (0.2%)
[2026-04-28 14:47:58] [INFO] matcher — ✅ Exportado: sem_match_trab_prioridade_20260428_144714.xlsx (3 registros)
[2026-04-28 14:47:58] [INFO] matcher — ✅ Exportado: sem_match_trab_prioridade_20260428_144714.xlsx (3 registros)
[2026-04-28 14:47:58] [INFO] matcher — ✅ Exportado: agravo_de_instrumento_20260428_144714.xlsx (75 registros)
[2026-04-28 14:47:58] [INFO] matcher — ✅ Exportado: agravo_de_instrumento_20260428_144714.xlsx (75 registros)
[2026-04-28 14:47:58] [INFO] matcher — ✅ Exportado: agravo_de_peticao_20260428_144714.xlsx (24 registros)
[2026-04-28 14:47:58] [INFO] matcher — ✅ Exportado: agravo_de_peticao_20260428_144714.xlsx (24 registros)
[2026-04-28 14:47:58] [INFO] matcher — ✅ Exportado: acao_trabalhista_20260428_144714.xlsx (446 registros)
[2026-04-28 14:47:58] [INFO] matcher — ✅ Exportado: acao_trabalhista_20260428_144714.xlsx (446 registros)
[2026-04-28 14:47:59] [INFO] matcher — ✅ Exportado: acao_de_cumprimento_20260428_144714.xlsx (226 registros)
[2026-04-28 14:47:59] [INFO] matcher — ✅ Exportado: acao_de_cumprimento_20260428_144714.xlsx (226 registros)
[2026-04-28 14:47:59] [INFO] matcher — ✅ Exportado: embargos_de_declaracao_20260428_144714.xlsx (37 registros)
[2026-04-28 14:47:59] [INFO] matcher — ✅ Exportado: embargos_de_declaracao_20260428_144714.xlsx (37 registros)
[2026-04-28 14:47:59] [INFO] matcher — ✅ Exportado: recurso_extraordinario_20260428_144714.xlsx (2 registros)
[2026-04-28 14:47:59] [INFO] matcher — ✅ Exportado: recurso_extraordinario_20260428_144714.xlsx (2 registros)
[2026-04-28 14:47:59] [INFO] matcher — ✅ Exportado: recurso_ordinario_20260428_144714.xlsx (138 registros)
[2026-04-28 14:47:59] [INFO] matcher — ✅ Exportado: recurso_ordinario_20260428_144714.xlsx (138 registros)
[2026-04-28 14:47:59] [INFO] matcher — ✅ Exportado: recurso_de_revista_20260428_144714.xlsx (2 registros)
[2026-04-28 14:47:59] [INFO] matcher — ✅ Exportado: recurso_de_revista_20260428_144714.xlsx (2 registros)
[2026-04-28 14:47:59] [INFO] matcher — ✅ Exportado: sem_match_trab_todos_classificados_20260428_144714.xlsx (953 registros)
[2026-04-28 14:47:59] [INFO] matcher — ✅ Exportado: sem_match_trab_todos_classificados_20260428_144714.xlsx (953 registros)
[2026-04-28 14:48:18] [INFO] matcher — ✅ Classificação CÍVEL concluída
[2026-04-28 14:48:18] [INFO] matcher — ✅ Classificação CÍVEL concluída
[2026-04-28 14:48:18] [INFO] matcher — 
============================================================
[2026-04-28 14:48:18] [INFO] matcher — 
============================================================
[2026-04-28 14:48:18] [INFO] matcher — 📊 ESTATÍSTICAS — CÍVEL
[2026-04-28 14:48:18] [INFO] matcher — 📊 ESTATÍSTICAS — CÍVEL
[2026-04-28 14:48:18] [INFO] matcher — ============================================================
[2026-04-28 14:48:18] [INFO] matcher — ============================================================
[2026-04-28 14:48:18] [INFO] matcher —    Total de registros: 5670
[2026-04-28 14:48:18] [INFO] matcher —    Total de registros: 5670
[2026-04-28 14:48:18] [INFO] matcher — 
   Classificação por categoria:
[2026-04-28 14:48:18] [INFO] matcher — 
   Classificação por categoria:
[2026-04-28 14:48:18] [INFO] matcher —       • nan: 1864 (32.9%)
[2026-04-28 14:48:18] [INFO] matcher —       • nan: 1864 (32.9%)
[2026-04-28 14:48:18] [INFO] matcher —       • EXCLUIDO: 907 (16.0%)
[2026-04-28 14:48:18] [INFO] matcher —       • EXCLUIDO: 907 (16.0%)
[2026-04-28 14:48:18] [INFO] matcher —       • IAC: 721 (12.7%)
[2026-04-28 14:48:18] [INFO] matcher —       • IAC: 721 (12.7%)
[2026-04-28 14:48:18] [INFO] matcher —       • Cumprimento de Sentença: 574 (10.1%)
[2026-04-28 14:48:18] [INFO] matcher —       • Cumprimento de Sentença: 574 (10.1%)
[2026-04-28 14:48:18] [INFO] matcher —       • Agravo de Instrumento: 282 (5.0%)
[2026-04-28 14:48:18] [INFO] matcher —       • Agravo de Instrumento: 282 (5.0%)
[2026-04-28 14:48:18] [INFO] matcher —       • Recurso Inominado: 259 (4.6%)
[2026-04-28 14:48:18] [INFO] matcher —       • Recurso Inominado: 259 (4.6%)
[2026-04-28 14:48:18] [INFO] matcher —       • Recursos: 252 (4.4%)
[2026-04-28 14:48:18] [INFO] matcher —       • Recursos: 252 (4.4%)
[2026-04-28 14:48:18] [INFO] matcher —       • Embargos de Declaração: 143 (2.5%)
[2026-04-28 14:48:18] [INFO] matcher —       • Embargos de Declaração: 143 (2.5%)
[2026-04-28 14:48:18] [INFO] matcher —       • Agravo Interno: 113 (2.0%)
[2026-04-28 14:48:18] [INFO] matcher —       • Agravo Interno: 113 (2.0%)
[2026-04-28 14:48:18] [INFO] matcher —       • Tutela Provisória: 87 (1.5%)
[2026-04-28 14:48:18] [INFO] matcher —       • Tutela Provisória: 87 (1.5%)
[2026-04-28 14:48:18] [INFO] matcher —       • Mandado de Segurança Cível: 57 (1.0%)
[2026-04-28 14:48:18] [INFO] matcher —       • Mandado de Segurança Cível: 57 (1.0%)
[2026-04-28 14:48:18] [INFO] matcher —       • Recurso Especial: 53 (0.9%)
[2026-04-28 14:48:18] [INFO] matcher —       • Recurso Especial: 53 (0.9%)
[2026-04-28 14:48:18] [INFO] matcher —       • Agravo Regimental: 49 (0.9%)
[2026-04-28 14:48:18] [INFO] matcher —       • Agravo Regimental: 49 (0.9%)
[2026-04-28 14:48:18] [INFO] matcher —       • Impedimento/Suspeição do Juiz: 43 (0.8%)
[2026-04-28 14:48:18] [INFO] matcher —       • Impedimento/Suspeição do Juiz: 43 (0.8%)
[2026-04-28 14:48:18] [INFO] matcher —       • Embargos à Execução: 42 (0.7%)
[2026-04-28 14:48:18] [INFO] matcher —       • Embargos à Execução: 42 (0.7%)
[2026-04-28 14:48:18] [INFO] matcher —       • Assistência: 37 (0.7%)
[2026-04-28 14:48:18] [INFO] matcher —       • Assistência: 37 (0.7%)
[2026-04-28 14:48:18] [INFO] matcher —       • Carta Precatória Cível: 36 (0.6%)
[2026-04-28 14:48:18] [INFO] matcher —       • Carta Precatória Cível: 36 (0.6%)
[2026-04-28 14:48:18] [INFO] matcher —       • Recurso Extraordinário: 24 (0.4%)
[2026-04-28 14:48:18] [INFO] matcher —       • Recurso Extraordinário: 24 (0.4%)
[2026-04-28 14:48:18] [INFO] matcher —       • Embargos: 20 (0.4%)
[2026-04-28 14:48:18] [INFO] matcher —       • Embargos: 20 (0.4%)
[2026-04-28 14:48:18] [INFO] matcher —       • Coisa Julgada: 17 (0.3%)
[2026-04-28 14:48:18] [INFO] matcher —       • Coisa Julgada: 17 (0.3%)
[2026-04-28 14:48:18] [INFO] matcher —       • Incidente de Arbitramento: 15 (0.3%)
[2026-04-28 14:48:18] [INFO] matcher —       • Incidente de Arbitramento: 15 (0.3%)
[2026-04-28 14:48:18] [INFO] matcher —       • Oposição: 14 (0.2%)
[2026-04-28 14:48:18] [INFO] matcher —       • Oposição: 14 (0.2%)
[2026-04-28 14:48:18] [INFO] matcher —       • RPV: 9 (0.2%)
[2026-04-28 14:48:18] [INFO] matcher —       • RPV: 9 (0.2%)
[2026-04-28 14:48:18] [INFO] matcher —       • Litispendência: 8 (0.1%)
[2026-04-28 14:48:18] [INFO] matcher —       • Litispendência: 8 (0.1%)
[2026-04-28 14:48:18] [INFO] matcher —       • Conflito de Competência: 7 (0.1%)
[2026-04-28 14:48:18] [INFO] matcher —       • Conflito de Competência: 7 (0.1%)
[2026-04-28 14:48:18] [INFO] matcher —       • Liquidação de Sentença: 6 (0.1%)
[2026-04-28 14:48:18] [INFO] matcher —       • Liquidação de Sentença: 6 (0.1%)
[2026-04-28 14:48:18] [INFO] matcher —       • Pré-executividade: 5 (0.1%)
[2026-04-28 14:48:18] [INFO] matcher —       • Pré-executividade: 5 (0.1%)
[2026-04-28 14:48:18] [INFO] matcher —       • IRDR: 4 (0.1%)
[2026-04-28 14:48:18] [INFO] matcher —       • IRDR: 4 (0.1%)
[2026-04-28 14:48:18] [INFO] matcher —       • Recurso Adesivo: 3 (0.1%)
[2026-04-28 14:48:18] [INFO] matcher —       • Recurso Adesivo: 3 (0.1%)
[2026-04-28 14:48:18] [INFO] matcher —       • Desconsideração da Personalidade Jurídica: 3 (0.1%)
[2026-04-28 14:48:18] [INFO] matcher —       • Desconsideração da Personalidade Jurídica: 3 (0.1%)
[2026-04-28 14:48:18] [INFO] matcher —       • Embargos de Divergência: 2 (0.0%)
[2026-04-28 14:48:18] [INFO] matcher —       • Embargos de Divergência: 2 (0.0%)
[2026-04-28 14:48:18] [INFO] matcher —       • Produção Antecipada de Provas: 2 (0.0%)
[2026-04-28 14:48:18] [INFO] matcher —       • Produção Antecipada de Provas: 2 (0.0%)
[2026-04-28 14:48:18] [INFO] matcher —       • Exibição de Documento ou Coisa: 2 (0.0%)
[2026-04-28 14:48:18] [INFO] matcher —       • Exibição de Documento ou Coisa: 2 (0.0%)
[2026-04-28 14:48:18] [INFO] matcher —       • Incompetência Relativa: 2 (0.0%)
[2026-04-28 14:48:18] [INFO] matcher —       • Incompetência Relativa: 2 (0.0%)
[2026-04-28 14:48:18] [INFO] matcher —       • Arresto ou Sequestro: 2 (0.0%)
[2026-04-28 14:48:18] [INFO] matcher —       • Arresto ou Sequestro: 2 (0.0%)
[2026-04-28 14:48:18] [INFO] matcher —       • Tutela Cautelar Antecedente: 2 (0.0%)
[2026-04-28 14:48:18] [INFO] matcher —       • Tutela Cautelar Antecedente: 2 (0.0%)
[2026-04-28 14:48:18] [INFO] matcher —       • Carta de Ordem: 1 (0.0%)
[2026-04-28 14:48:18] [INFO] matcher —       • Carta de Ordem: 1 (0.0%)
[2026-04-28 14:48:18] [INFO] matcher —       • Falsidade Documental: 1 (0.0%)
[2026-04-28 14:48:18] [INFO] matcher —       • Falsidade Documental: 1 (0.0%)
[2026-04-28 14:48:18] [INFO] matcher —       • Chamamento ao Processo: 1 (0.0%)
[2026-04-28 14:48:18] [INFO] matcher —       • Chamamento ao Processo: 1 (0.0%)
[2026-04-28 14:48:18] [INFO] matcher —       • Impugnação ao Valor da Causa: 1 (0.0%)
[2026-04-28 14:48:18] [INFO] matcher —       • Impugnação ao Valor da Causa: 1 (0.0%)
[2026-04-28 14:48:18] [WARNING] matcher — 
   ⚠️  1864 registros SEM CATEGORIA (32.9%)
[2026-04-28 14:48:18] [WARNING] matcher — 
   ⚠️  1864 registros SEM CATEGORIA (32.9%)
[2026-04-28 14:48:18] [INFO] matcher — 
============================================================
[2026-04-28 14:48:18] [INFO] matcher — 
============================================================
[2026-04-28 14:48:18] [INFO] matcher — 📈 DISTRIBUIÇÃO DE CONFIANÇA
[2026-04-28 14:48:18] [INFO] matcher — 📈 DISTRIBUIÇÃO DE CONFIANÇA
[2026-04-28 14:48:18] [INFO] matcher — ============================================================
[2026-04-28 14:48:18] [INFO] matcher — ============================================================
[2026-04-28 14:48:18] [INFO] matcher —    [  0- 20]:   1864 ( 32.9%)
[2026-04-28 14:48:18] [INFO] matcher —    [  0- 20]:   1864 ( 32.9%)
[2026-04-28 14:48:18] [INFO] matcher —    [ 20- 40]:      0 (  0.0%)
[2026-04-28 14:48:18] [INFO] matcher —    [ 20- 40]:      0 (  0.0%)
[2026-04-28 14:48:18] [INFO] matcher —    [ 40- 60]:      0 (  0.0%)
[2026-04-28 14:48:18] [INFO] matcher —    [ 40- 60]:      0 (  0.0%)
[2026-04-28 14:48:18] [INFO] matcher —    [ 60- 80]:      9 (  0.2%)
[2026-04-28 14:48:18] [INFO] matcher —    [ 60- 80]:      9 (  0.2%)
[2026-04-28 14:48:18] [INFO] matcher —    [ 80-100]:   1290 ( 22.8%)
[2026-04-28 14:48:18] [INFO] matcher —    [ 80-100]:   1290 ( 22.8%)
[2026-04-28 14:48:18] [INFO] matcher —    [ 90-100]:   3572 ( 63.0%)
[2026-04-28 14:48:18] [INFO] matcher —    [ 90-100]:   3572 ( 63.0%)
[2026-04-28 14:48:18] [INFO] matcher —    [100-100]:   2507 ( 44.2%)
[2026-04-28 14:48:18] [INFO] matcher —    [100-100]:   2507 ( 44.2%)
[2026-04-28 14:48:21] [INFO] matcher — ✅ Exportado: sem_match_civel_20260428_144714.xlsx (5670 registros)
[2026-04-28 14:48:21] [INFO] matcher — ✅ Exportado: sem_match_civel_20260428_144714.xlsx (5670 registros)
[2026-04-28 14:48:23] [INFO] matcher — ✅ Exportado: sem_match_civel_prioridade_20260428_144714.xlsx (4284 registros prioritários)
[2026-04-28 14:48:23] [INFO] matcher — ✅ Exportado: sem_match_civel_prioridade_20260428_144714.xlsx (4284 registros prioritários)
[2026-04-28 14:48:23] [INFO] matcher — ✅ Exportado: agravo_interno_20260428_144714.xlsx (113 registros)
[2026-04-28 14:48:23] [INFO] matcher — ✅ Exportado: agravo_interno_20260428_144714.xlsx (113 registros)
[2026-04-28 14:48:23] [INFO] matcher — ✅ Exportado: agravo_regimental_20260428_144714.xlsx (49 registros)
[2026-04-28 14:48:23] [INFO] matcher — ✅ Exportado: agravo_regimental_20260428_144714.xlsx (49 registros)
[2026-04-28 14:48:23] [INFO] matcher — ✅ Exportado: agravo_de_instrumento_20260428_144714.xlsx (282 registros)
[2026-04-28 14:48:23] [INFO] matcher — ✅ Exportado: agravo_de_instrumento_20260428_144714.xlsx (282 registros)
[2026-04-28 14:48:23] [INFO] matcher — ✅ Exportado: arresto_ou_sequestro_20260428_144714.xlsx (2 registros)
[2026-04-28 14:48:23] [INFO] matcher — ✅ Exportado: arresto_ou_sequestro_20260428_144714.xlsx (2 registros)
[2026-04-28 14:48:23] [INFO] matcher — ✅ Exportado: assistência_20260428_144714.xlsx (37 registros)
[2026-04-28 14:48:23] [INFO] matcher — ✅ Exportado: assistência_20260428_144714.xlsx (37 registros)
[2026-04-28 14:48:23] [INFO] matcher — ✅ Exportado: carta_precatoria_civel_20260428_144714.xlsx (36 registros)
[2026-04-28 14:48:23] [INFO] matcher — ✅ Exportado: carta_precatoria_civel_20260428_144714.xlsx (36 registros)
[2026-04-28 14:48:23] [INFO] matcher — ✅ Exportado: carta_de_ordem_20260428_144714.xlsx (1 registros)
[2026-04-28 14:48:23] [INFO] matcher — ✅ Exportado: carta_de_ordem_20260428_144714.xlsx (1 registros)
[2026-04-28 14:48:23] [INFO] matcher — ✅ Exportado: chamamento_ao_processo_20260428_144714.xlsx (1 registros)
[2026-04-28 14:48:23] [INFO] matcher — ✅ Exportado: chamamento_ao_processo_20260428_144714.xlsx (1 registros)
[2026-04-28 14:48:23] [INFO] matcher — ✅ Exportado: coisa_julgada_20260428_144714.xlsx (17 registros)
[2026-04-28 14:48:23] [INFO] matcher — ✅ Exportado: coisa_julgada_20260428_144714.xlsx (17 registros)
[2026-04-28 14:48:23] [INFO] matcher — ✅ Exportado: conflito_de_competência_20260428_144714.xlsx (7 registros)
[2026-04-28 14:48:23] [INFO] matcher — ✅ Exportado: conflito_de_competência_20260428_144714.xlsx (7 registros)
[2026-04-28 14:48:24] [INFO] matcher — ✅ Exportado: cumprimento_de_sentenca_20260428_144714.xlsx (574 registros)
[2026-04-28 14:48:24] [INFO] matcher — ✅ Exportado: cumprimento_de_sentenca_20260428_144714.xlsx (574 registros)
[2026-04-28 14:48:24] [INFO] matcher — ✅ Exportado: desconsideracao_da_personalidade_juridica_20260428_144714.xlsx (3 registros)
[2026-04-28 14:48:24] [INFO] matcher — ✅ Exportado: desconsideracao_da_personalidade_juridica_20260428_144714.xlsx (3 registros)
[2026-04-28 14:48:25] [INFO] matcher — ✅ Exportado: excluido_20260428_144714.xlsx (907 registros)
[2026-04-28 14:48:25] [INFO] matcher — ✅ Exportado: excluido_20260428_144714.xlsx (907 registros)
[2026-04-28 14:48:25] [INFO] matcher — ✅ Exportado: embargos_20260428_144714.xlsx (20 registros)
[2026-04-28 14:48:25] [INFO] matcher — ✅ Exportado: embargos_20260428_144714.xlsx (20 registros)
[2026-04-28 14:48:25] [INFO] matcher — ✅ Exportado: embargos_de_declaracao_20260428_144714.xlsx (143 registros)
[2026-04-28 14:48:25] [INFO] matcher — ✅ Exportado: embargos_de_declaracao_20260428_144714.xlsx (143 registros)
[2026-04-28 14:48:25] [INFO] matcher — ✅ Exportado: embargos_de_divergência_20260428_144714.xlsx (2 registros)
[2026-04-28 14:48:25] [INFO] matcher — ✅ Exportado: embargos_de_divergência_20260428_144714.xlsx (2 registros)
[2026-04-28 14:48:25] [INFO] matcher — ✅ Exportado: embargos_à_execucao_20260428_144714.xlsx (42 registros)
[2026-04-28 14:48:25] [INFO] matcher — ✅ Exportado: embargos_à_execucao_20260428_144714.xlsx (42 registros)
[2026-04-28 14:48:25] [INFO] matcher — ✅ Exportado: exibicao_de_documento_ou_coisa_20260428_144714.xlsx (2 registros)
[2026-04-28 14:48:25] [INFO] matcher — ✅ Exportado: exibicao_de_documento_ou_coisa_20260428_144714.xlsx (2 registros)
[2026-04-28 14:48:25] [INFO] matcher — ✅ Exportado: falsidade_documental_20260428_144714.xlsx (1 registros)
[2026-04-28 14:48:25] [INFO] matcher — ✅ Exportado: falsidade_documental_20260428_144714.xlsx (1 registros)
[2026-04-28 14:48:25] [INFO] matcher — ✅ Exportado: iac_20260428_144714.xlsx (721 registros)
[2026-04-28 14:48:25] [INFO] matcher — ✅ Exportado: iac_20260428_144714.xlsx (721 registros)
[2026-04-28 14:48:25] [INFO] matcher — ✅ Exportado: irdr_20260428_144714.xlsx (4 registros)
[2026-04-28 14:48:25] [INFO] matcher — ✅ Exportado: irdr_20260428_144714.xlsx (4 registros)
[2026-04-28 14:48:25] [INFO] matcher — ✅ Exportado: impedimentosuspeicao_do_juiz_20260428_144714.xlsx (43 registros)
[2026-04-28 14:48:25] [INFO] matcher — ✅ Exportado: impedimentosuspeicao_do_juiz_20260428_144714.xlsx (43 registros)
[2026-04-28 14:48:25] [INFO] matcher — ✅ Exportado: impugnacao_ao_valor_da_causa_20260428_144714.xlsx (1 registros)
[2026-04-28 14:48:25] [INFO] matcher — ✅ Exportado: impugnacao_ao_valor_da_causa_20260428_144714.xlsx (1 registros)
[2026-04-28 14:48:25] [INFO] matcher — ✅ Exportado: incidente_de_arbitramento_20260428_144714.xlsx (15 registros)
[2026-04-28 14:48:25] [INFO] matcher — ✅ Exportado: incidente_de_arbitramento_20260428_144714.xlsx (15 registros)
[2026-04-28 14:48:26] [INFO] matcher — ✅ Exportado: incompetência_relativa_20260428_144714.xlsx (2 registros)
[2026-04-28 14:48:26] [INFO] matcher — ✅ Exportado: incompetência_relativa_20260428_144714.xlsx (2 registros)
[2026-04-28 14:48:26] [INFO] matcher — ✅ Exportado: liquidacao_de_sentenca_20260428_144714.xlsx (6 registros)
[2026-04-28 14:48:26] [INFO] matcher — ✅ Exportado: liquidacao_de_sentenca_20260428_144714.xlsx (6 registros)
[2026-04-28 14:48:26] [INFO] matcher — ✅ Exportado: litispendência_20260428_144714.xlsx (8 registros)
[2026-04-28 14:48:26] [INFO] matcher — ✅ Exportado: litispendência_20260428_144714.xlsx (8 registros)
[2026-04-28 14:48:26] [INFO] matcher — ✅ Exportado: mandado_de_seguranca_civel_20260428_144714.xlsx (57 registros)
[2026-04-28 14:48:26] [INFO] matcher — ✅ Exportado: mandado_de_seguranca_civel_20260428_144714.xlsx (57 registros)
[2026-04-28 14:48:26] [INFO] matcher — ✅ Exportado: oposicao_20260428_144714.xlsx (14 registros)
[2026-04-28 14:48:26] [INFO] matcher — ✅ Exportado: oposicao_20260428_144714.xlsx (14 registros)
[2026-04-28 14:48:26] [INFO] matcher — ✅ Exportado: producao_antecipada_de_provas_20260428_144714.xlsx (2 registros)
[2026-04-28 14:48:26] [INFO] matcher — ✅ Exportado: producao_antecipada_de_provas_20260428_144714.xlsx (2 registros)
[2026-04-28 14:48:26] [INFO] matcher — ✅ Exportado: pre_executividade_20260428_144714.xlsx (5 registros)
[2026-04-28 14:48:26] [INFO] matcher — ✅ Exportado: pre_executividade_20260428_144714.xlsx (5 registros)
[2026-04-28 14:48:26] [INFO] matcher — ✅ Exportado: rpv_20260428_144714.xlsx (9 registros)
[2026-04-28 14:48:26] [INFO] matcher — ✅ Exportado: rpv_20260428_144714.xlsx (9 registros)
[2026-04-28 14:48:26] [INFO] matcher — ✅ Exportado: recurso_adesivo_20260428_144714.xlsx (3 registros)
[2026-04-28 14:48:26] [INFO] matcher — ✅ Exportado: recurso_adesivo_20260428_144714.xlsx (3 registros)
[2026-04-28 14:48:26] [INFO] matcher — ✅ Exportado: recurso_especial_20260428_144714.xlsx (53 registros)
[2026-04-28 14:48:26] [INFO] matcher — ✅ Exportado: recurso_especial_20260428_144714.xlsx (53 registros)
[2026-04-28 14:48:26] [INFO] matcher — ✅ Exportado: recurso_extraordinario_20260428_144714.xlsx (24 registros)
[2026-04-28 14:48:26] [INFO] matcher — ✅ Exportado: recurso_extraordinario_20260428_144714.xlsx (24 registros)
[2026-04-28 14:48:26] [INFO] matcher — ✅ Exportado: recurso_inominado_20260428_144714.xlsx (259 registros)
[2026-04-28 14:48:26] [INFO] matcher — ✅ Exportado: recurso_inominado_20260428_144714.xlsx (259 registros)
[2026-04-28 14:48:26] [INFO] matcher — ✅ Exportado: recursos_20260428_144714.xlsx (252 registros)
[2026-04-28 14:48:26] [INFO] matcher — ✅ Exportado: recursos_20260428_144714.xlsx (252 registros)
[2026-04-28 14:48:26] [INFO] matcher — ✅ Exportado: tutela_cautelar_antecedente_20260428_144714.xlsx (2 registros)
[2026-04-28 14:48:26] [INFO] matcher — ✅ Exportado: tutela_cautelar_antecedente_20260428_144714.xlsx (2 registros)
[2026-04-28 14:48:26] [INFO] matcher — ✅ Exportado: tutela_provisoria_20260428_144714.xlsx (87 registros)
[2026-04-28 14:48:26] [INFO] matcher — ✅ Exportado: tutela_provisoria_20260428_144714.xlsx (87 registros)
[2026-04-28 14:48:27] [INFO] matcher — ⚠️  Exportado: sem_match_civel_sem_categoria_20260428_144714.xlsx (1864 registros sem categoria)
[2026-04-28 14:48:27] [INFO] matcher — ⚠️  Exportado: sem_match_civel_sem_categoria_20260428_144714.xlsx (1864 registros sem categoria)
[2026-04-28 14:48:28] [INFO] matcher — ✅ Exportado: com_match_descartados_20260428_144714.xlsx (1522 registros descartados)
[2026-04-28 14:48:28] [INFO] matcher — ✅ Exportado: com_match_descartados_20260428_144714.xlsx (1522 registros descartados)
C:\Users\lucas.paim\Desktop\processo_triage\reporting\summary.py:44: UserWarning: Cell contents too long (39018), truncated to 32767 characters
  civel_export[cols].to_excel(writer, sheet_name=sanitize_sheet_name("Cíveis Brutos"), index=False)
C:\Users\lucas.paim\Desktop\processo_triage\reporting\summary.py:44: UserWarning: Cell contents too long (87626), truncated to 32767 characters
  civel_export[cols].to_excel(writer, sheet_name=sanitize_sheet_name("Cíveis Brutos"), index=False)
C:\Users\lucas.paim\Desktop\processo_triage\reporting\summary.py:44: UserWarning: Cell contents too long (58234), truncated to 32767 characters
  civel_export[cols].to_excel(writer, sheet_name=sanitize_sheet_name("Cíveis Brutos"), index=False)
C:\Users\lucas.paim\Desktop\processo_triage\reporting\summary.py:44: UserWarning: Cell contents too long (35758), truncated to 32767 characters
  civel_export[cols].to_excel(writer, sheet_name=sanitize_sheet_name("Cíveis Brutos"), index=False)
C:\Users\lucas.paim\Desktop\processo_triage\reporting\summary.py:44: UserWarning: Cell contents too long (71914), truncated to 32767 characters
  civel_export[cols].to_excel(writer, sheet_name=sanitize_sheet_name("Cíveis Brutos"), index=False)
C:\Users\lucas.paim\Desktop\processo_triage\reporting\summary.py:44: UserWarning: Cell contents too long (40992), truncated to 32767 characters
  civel_export[cols].to_excel(writer, sheet_name=sanitize_sheet_name("Cíveis Brutos"), index=False)
C:\Users\lucas.paim\Desktop\processo_triage\reporting\summary.py:44: UserWarning: Cell contents too long (38024), truncated to 32767 characters
  civel_export[cols].to_excel(writer, sheet_name=sanitize_sheet_name("Cíveis Brutos"), index=False)
C:\Users\lucas.paim\Desktop\processo_triage\reporting\summary.py:44: UserWarning: Cell contents too long (39690), truncated to 32767 characters
  civel_export[cols].to_excel(writer, sheet_name=sanitize_sheet_name("Cíveis Brutos"), index=False)
C:\Users\lucas.paim\Desktop\processo_triage\reporting\summary.py:44: UserWarning: Cell contents too long (41144), truncated to 32767 characters
  civel_export[cols].to_excel(writer, sheet_name=sanitize_sheet_name("Cíveis Brutos"), index=False)
C:\Users\lucas.paim\Desktop\processo_triage\reporting\summary.py:44: UserWarning: Cell contents too long (42316), truncated to 32767 characters
  civel_export[cols].to_excel(writer, sheet_name=sanitize_sheet_name("Cíveis Brutos"), index=False)
C:\Users\lucas.paim\Desktop\processo_triage\reporting\summary.py:44: UserWarning: Cell contents too long (44930), truncated to 32767 characters
  civel_export[cols].to_excel(writer, sheet_name=sanitize_sheet_name("Cíveis Brutos"), index=False)
C:\Users\lucas.paim\Desktop\processo_triage\reporting\summary.py:44: UserWarning: Cell contents too long (37401), truncated to 32767 characters
  civel_export[cols].to_excel(writer, sheet_name=sanitize_sheet_name("Cíveis Brutos"), index=False)
C:\Users\lucas.paim\Desktop\processo_triage\reporting\summary.py:44: UserWarning: Cell contents too long (34068), truncated to 32767 characters
  civel_export[cols].to_excel(writer, sheet_name=sanitize_sheet_name("Cíveis Brutos"), index=False)
C:\Users\lucas.paim\Desktop\processo_triage\reporting\summary.py:44: UserWarning: Cell contents too long (40079), truncated to 32767 characters
  civel_export[cols].to_excel(writer, sheet_name=sanitize_sheet_name("Cíveis Brutos"), index=False)
C:\Users\lucas.paim\Desktop\processo_triage\reporting\summary.py:44: UserWarning: Cell contents too long (40757), truncated to 32767 characters
  civel_export[cols].to_excel(writer, sheet_name=sanitize_sheet_name("Cíveis Brutos"), index=False)
C:\Users\lucas.paim\Desktop\processo_triage\reporting\summary.py:44: UserWarning: Cell contents too long (38965), truncated to 32767 characters
  civel_export[cols].to_excel(writer, sheet_name=sanitize_sheet_name("Cíveis Brutos"), index=False)
C:\Users\lucas.paim\Desktop\processo_triage\reporting\summary.py:44: UserWarning: Cell contents too long (38829), truncated to 32767 characters
  civel_export[cols].to_excel(writer, sheet_name=sanitize_sheet_name("Cíveis Brutos"), index=False)
C:\Users\lucas.paim\Desktop\processo_triage\reporting\summary.py:44: UserWarning: Cell contents too long (37133), truncated to 32767 characters
  civel_export[cols].to_excel(writer, sheet_name=sanitize_sheet_name("Cíveis Brutos"), index=False)
C:\Users\lucas.paim\Desktop\processo_triage\reporting\summary.py:44: UserWarning: Cell contents too long (44973), truncated to 32767 characters
  civel_export[cols].to_excel(writer, sheet_name=sanitize_sheet_name("Cíveis Brutos"), index=False)
C:\Users\lucas.paim\Desktop\processo_triage\reporting\summary.py:44: UserWarning: Cell contents too long (36659), truncated to 32767 characters
  civel_export[cols].to_excel(writer, sheet_name=sanitize_sheet_name("Cíveis Brutos"), index=False)
C:\Users\lucas.paim\Desktop\processo_triage\reporting\summary.py:44: UserWarning: Cell contents too long (72876), truncated to 32767 characters
  civel_export[cols].to_excel(writer, sheet_name=sanitize_sheet_name("Cíveis Brutos"), index=False)
C:\Users\lucas.paim\Desktop\processo_triage\reporting\summary.py:44: UserWarning: Cell contents too long (33158), truncated to 32767 characters
  civel_export[cols].to_excel(writer, sheet_name=sanitize_sheet_name("Cíveis Brutos"), index=False)
C:\Users\lucas.paim\Desktop\processo_triage\reporting\summary.py:44: UserWarning: Cell contents too long (52499), truncated to 32767 characters
  civel_export[cols].to_excel(writer, sheet_name=sanitize_sheet_name("Cíveis Brutos"), index=False)
C:\Users\lucas.paim\Desktop\processo_triage\reporting\summary.py:44: UserWarning: Cell contents too long (44840), truncated to 32767 characters
  civel_export[cols].to_excel(writer, sheet_name=sanitize_sheet_name("Cíveis Brutos"), index=False)
C:\Users\lucas.paim\Desktop\processo_triage\reporting\summary.py:44: UserWarning: Cell contents too long (38435), truncated to 32767 characters
  civel_export[cols].to_excel(writer, sheet_name=sanitize_sheet_name("Cíveis Brutos"), index=False)
C:\Users\lucas.paim\Desktop\processo_triage\reporting\summary.py:44: UserWarning: Cell contents too long (78633), truncated to 32767 characters
  civel_export[cols].to_excel(writer, sheet_name=sanitize_sheet_name("Cíveis Brutos"), index=False)
C:\Users\lucas.paim\Desktop\processo_triage\reporting\summary.py:44: UserWarning: Cell contents too long (51693), truncated to 32767 characters
  civel_export[cols].to_excel(writer, sheet_name=sanitize_sheet_name("Cíveis Brutos"), index=False)
C:\Users\lucas.paim\Desktop\processo_triage\reporting\summary.py:44: UserWarning: Cell contents too long (34599), truncated to 32767 characters
  civel_export[cols].to_excel(writer, sheet_name=sanitize_sheet_name("Cíveis Brutos"), index=False)
C:\Users\lucas.paim\Desktop\processo_triage\reporting\summary.py:44: UserWarning: Cell contents too long (34825), truncated to 32767 characters
  civel_export[cols].to_excel(writer, sheet_name=sanitize_sheet_name("Cíveis Brutos"), index=False)
C:\Users\lucas.paim\Desktop\processo_triage\reporting\summary.py:44: UserWarning: Cell contents too long (59646), truncated to 32767 characters
  civel_export[cols].to_excel(writer, sheet_name=sanitize_sheet_name("Cíveis Brutos"), index=False)
C:\Users\lucas.paim\Desktop\processo_triage\reporting\summary.py:44: UserWarning: Cell contents too long (68507), truncated to 32767 characters
  civel_export[cols].to_excel(writer, sheet_name=sanitize_sheet_name("Cíveis Brutos"), index=False)
C:\Users\lucas.paim\Desktop\processo_triage\reporting\summary.py:44: UserWarning: Cell contents too long (72117), truncated to 32767 characters
  civel_export[cols].to_excel(writer, sheet_name=sanitize_sheet_name("Cíveis Brutos"), index=False)
C:\Users\lucas.paim\Desktop\processo_triage\reporting\summary.py:44: UserWarning: Cell contents too long (54632), truncated to 32767 characters
  civel_export[cols].to_excel(writer, sheet_name=sanitize_sheet_name("Cíveis Brutos"), index=False)
C:\Users\lucas.paim\Desktop\processo_triage\reporting\summary.py:44: UserWarning: Cell contents too long (96021), truncated to 32767 characters
  civel_export[cols].to_excel(writer, sheet_name=sanitize_sheet_name("Cíveis Brutos"), index=False)
C:\Users\lucas.paim\Desktop\processo_triage\reporting\summary.py:44: UserWarning: Cell contents too long (36146), truncated to 32767 characters
  civel_export[cols].to_excel(writer, sheet_name=sanitize_sheet_name("Cíveis Brutos"), index=False)
C:\Users\lucas.paim\Desktop\processo_triage\reporting\summary.py:44: UserWarning: Cell contents too long (80505), truncated to 32767 characters
  civel_export[cols].to_excel(writer, sheet_name=sanitize_sheet_name("Cíveis Brutos"), index=False)
C:\Users\lucas.paim\Desktop\processo_triage\reporting\summary.py:44: UserWarning: Cell contents too long (75718), truncated to 32767 characters
  civel_export[cols].to_excel(writer, sheet_name=sanitize_sheet_name("Cíveis Brutos"), index=False)
C:\Users\lucas.paim\Desktop\processo_triage\reporting\summary.py:44: UserWarning: Cell contents too long (53931), truncated to 32767 characters
  civel_export[cols].to_excel(writer, sheet_name=sanitize_sheet_name("Cíveis Brutos"), index=False)
C:\Users\lucas.paim\Desktop\processo_triage\reporting\summary.py:44: UserWarning: Cell contents too long (34276), truncated to 32767 characters
  civel_export[cols].to_excel(writer, sheet_name=sanitize_sheet_name("Cíveis Brutos"), index=False)
C:\Users\lucas.paim\Desktop\processo_triage\reporting\summary.py:44: UserWarning: Cell contents too long (56778), truncated to 32767 characters
  civel_export[cols].to_excel(writer, sheet_name=sanitize_sheet_name("Cíveis Brutos"), index=False)
C:\Users\lucas.paim\Desktop\processo_triage\reporting\summary.py:44: UserWarning: Cell contents too long (52548), truncated to 32767 characters
  civel_export[cols].to_excel(writer, sheet_name=sanitize_sheet_name("Cíveis Brutos"), index=False)
C:\Users\lucas.paim\Desktop\processo_triage\reporting\summary.py:44: UserWarning: Cell contents too long (55928), truncated to 32767 characters
  civel_export[cols].to_excel(writer, sheet_name=sanitize_sheet_name("Cíveis Brutos"), index=False)
C:\Users\lucas.paim\Desktop\processo_triage\reporting\summary.py:44: UserWarning: Cell contents too long (34236), truncated to 32767 characters
  civel_export[cols].to_excel(writer, sheet_name=sanitize_sheet_name("Cíveis Brutos"), index=False)
C:\Users\lucas.paim\Desktop\processo_triage\reporting\summary.py:44: UserWarning: Cell contents too long (35247), truncated to 32767 characters
  civel_export[cols].to_excel(writer, sheet_name=sanitize_sheet_name("Cíveis Brutos"), index=False)
C:\Users\lucas.paim\Desktop\processo_triage\reporting\summary.py:44: UserWarning: Cell contents too long (43991), truncated to 32767 characters
  civel_export[cols].to_excel(writer, sheet_name=sanitize_sheet_name("Cíveis Brutos"), index=False)
C:\Users\lucas.paim\Desktop\processo_triage\reporting\summary.py:44: UserWarning: Cell contents too long (58489), truncated to 32767 characters
  civel_export[cols].to_excel(writer, sheet_name=sanitize_sheet_name("Cíveis Brutos"), index=False)
C:\Users\lucas.paim\Desktop\processo_triage\reporting\summary.py:44: UserWarning: Cell contents too long (45668), truncated to 32767 characters
  civel_export[cols].to_excel(writer, sheet_name=sanitize_sheet_name("Cíveis Brutos"), index=False)
C:\Users\lucas.paim\Desktop\processo_triage\reporting\summary.py:44: UserWarning: Cell contents too long (56836), truncated to 32767 characters
  civel_export[cols].to_excel(writer, sheet_name=sanitize_sheet_name("Cíveis Brutos"), index=False)
C:\Users\lucas.paim\Desktop\processo_triage\reporting\summary.py:44: UserWarning: Cell contents too long (68769), truncated to 32767 characters
  civel_export[cols].to_excel(writer, sheet_name=sanitize_sheet_name("Cíveis Brutos"), index=False)
C:\Users\lucas.paim\Desktop\processo_triage\reporting\summary.py:44: UserWarning: Cell contents too long (46877), truncated to 32767 characters
  civel_export[cols].to_excel(writer, sheet_name=sanitize_sheet_name("Cíveis Brutos"), index=False)
C:\Users\lucas.paim\Desktop\processo_triage\reporting\summary.py:44: UserWarning: Cell contents too long (50778), truncated to 32767 characters
  civel_export[cols].to_excel(writer, sheet_name=sanitize_sheet_name("Cíveis Brutos"), index=False)
C:\Users\lucas.paim\Desktop\processo_triage\reporting\summary.py:44: UserWarning: Cell contents too long (35851), truncated to 32767 characters
  civel_export[cols].to_excel(writer, sheet_name=sanitize_sheet_name("Cíveis Brutos"), index=False)
C:\Users\lucas.paim\Desktop\processo_triage\reporting\summary.py:44: UserWarning: Cell contents too long (80725), truncated to 32767 characters
  civel_export[cols].to_excel(writer, sheet_name=sanitize_sheet_name("Cíveis Brutos"), index=False)
C:\Users\lucas.paim\Desktop\processo_triage\reporting\summary.py:44: UserWarning: Cell contents too long (58070), truncated to 32767 characters
  civel_export[cols].to_excel(writer, sheet_name=sanitize_sheet_name("Cíveis Brutos"), index=False)
C:\Users\lucas.paim\Desktop\processo_triage\reporting\summary.py:44: UserWarning: Cell contents too long (62869), truncated to 32767 characters
  civel_export[cols].to_excel(writer, sheet_name=sanitize_sheet_name("Cíveis Brutos"), index=False)
C:\Users\lucas.paim\Desktop\processo_triage\reporting\summary.py:44: UserWarning: Cell contents too long (52860), truncated to 32767 characters
  civel_export[cols].to_excel(writer, sheet_name=sanitize_sheet_name("Cíveis Brutos"), index=False)
C:\Users\lucas.paim\Desktop\processo_triage\reporting\summary.py:44: UserWarning: Cell contents too long (35165), truncated to 32767 characters
  civel_export[cols].to_excel(writer, sheet_name=sanitize_sheet_name("Cíveis Brutos"), index=False)
C:\Users\lucas.paim\Desktop\processo_triage\reporting\summary.py:44: UserWarning: Cell contents too long (45492), truncated to 32767 characters
  civel_export[cols].to_excel(writer, sheet_name=sanitize_sheet_name("Cíveis Brutos"), index=False)
C:\Users\lucas.paim\Desktop\processo_triage\reporting\summary.py:44: UserWarning: Cell contents too long (35123), truncated to 32767 characters
  civel_export[cols].to_excel(writer, sheet_name=sanitize_sheet_name("Cíveis Brutos"), index=False)
C:\Users\lucas.paim\Desktop\processo_triage\reporting\summary.py:44: UserWarning: Cell contents too long (84033), truncated to 32767 characters
  civel_export[cols].to_excel(writer, sheet_name=sanitize_sheet_name("Cíveis Brutos"), index=False)
C:\Users\lucas.paim\Desktop\processo_triage\reporting\summary.py:44: UserWarning: Cell contents too long (63798), truncated to 32767 characters
  civel_export[cols].to_excel(writer, sheet_name=sanitize_sheet_name("Cíveis Brutos"), index=False)
C:\Users\lucas.paim\Desktop\processo_triage\reporting\summary.py:44: UserWarning: Cell contents too long (79032), truncated to 32767 characters
  civel_export[cols].to_excel(writer, sheet_name=sanitize_sheet_name("Cíveis Brutos"), index=False)
C:\Users\lucas.paim\Desktop\processo_triage\reporting\summary.py:44: UserWarning: Cell contents too long (41048), truncated to 32767 characters
  civel_export[cols].to_excel(writer, sheet_name=sanitize_sheet_name("Cíveis Brutos"), index=False)
C:\Users\lucas.paim\Desktop\processo_triage\reporting\summary.py:44: UserWarning: Cell contents too long (91621), truncated to 32767 characters
  civel_export[cols].to_excel(writer, sheet_name=sanitize_sheet_name("Cíveis Brutos"), index=False)
C:\Users\lucas.paim\Desktop\processo_triage\reporting\summary.py:44: UserWarning: Cell contents too long (36415), truncated to 32767 characters
  civel_export[cols].to_excel(writer, sheet_name=sanitize_sheet_name("Cíveis Brutos"), index=False)
C:\Users\lucas.paim\Desktop\processo_triage\reporting\summary.py:44: UserWarning: Cell contents too long (34340), truncated to 32767 characters
  civel_export[cols].to_excel(writer, sheet_name=sanitize_sheet_name("Cíveis Brutos"), index=False)
C:\Users\lucas.paim\Desktop\processo_triage\reporting\summary.py:44: UserWarning: Cell contents too long (34218), truncated to 32767 characters
  civel_export[cols].to_excel(writer, sheet_name=sanitize_sheet_name("Cíveis Brutos"), index=False)
C:\Users\lucas.paim\Desktop\processo_triage\reporting\summary.py:44: UserWarning: Cell contents too long (88685), truncated to 32767 characters
  civel_export[cols].to_excel(writer, sheet_name=sanitize_sheet_name("Cíveis Brutos"), index=False)
C:\Users\lucas.paim\Desktop\processo_triage\reporting\summary.py:44: UserWarning: Cell contents too long (88037), truncated to 32767 characters
  civel_export[cols].to_excel(writer, sheet_name=sanitize_sheet_name("Cíveis Brutos"), index=False)
C:\Users\lucas.paim\Desktop\processo_triage\reporting\summary.py:44: UserWarning: Cell contents too long (88022), truncated to 32767 characters
  civel_export[cols].to_excel(writer, sheet_name=sanitize_sheet_name("Cíveis Brutos"), index=False)
C:\Users\lucas.paim\Desktop\processo_triage\reporting\summary.py:44: UserWarning: Cell contents too long (88677), truncated to 32767 characters
  civel_export[cols].to_excel(writer, sheet_name=sanitize_sheet_name("Cíveis Brutos"), index=False)
C:\Users\lucas.paim\Desktop\processo_triage\reporting\summary.py:44: UserWarning: Cell contents too long (88673), truncated to 32767 characters
  civel_export[cols].to_excel(writer, sheet_name=sanitize_sheet_name("Cíveis Brutos"), index=False)
C:\Users\lucas.paim\Desktop\processo_triage\reporting\summary.py:44: UserWarning: Cell contents too long (88678), truncated to 32767 characters
  civel_export[cols].to_excel(writer, sheet_name=sanitize_sheet_name("Cíveis Brutos"), index=False)
C:\Users\lucas.paim\Desktop\processo_triage\reporting\summary.py:44: UserWarning: Cell contents too long (89554), truncated to 32767 characters
  civel_export[cols].to_excel(writer, sheet_name=sanitize_sheet_name("Cíveis Brutos"), index=False)
C:\Users\lucas.paim\Desktop\processo_triage\reporting\summary.py:44: UserWarning: Cell contents too long (91289), truncated to 32767 characters
  civel_export[cols].to_excel(writer, sheet_name=sanitize_sheet_name("Cíveis Brutos"), index=False)
C:\Users\lucas.paim\Desktop\processo_triage\reporting\summary.py:44: UserWarning: Cell contents too long (91163), truncated to 32767 characters
  civel_export[cols].to_excel(writer, sheet_name=sanitize_sheet_name("Cíveis Brutos"), index=False)
C:\Users\lucas.paim\Desktop\processo_triage\reporting\summary.py:44: UserWarning: Cell contents too long (91039), truncated to 32767 characters
  civel_export[cols].to_excel(writer, sheet_name=sanitize_sheet_name("Cíveis Brutos"), index=False)
C:\Users\lucas.paim\Desktop\processo_triage\reporting\summary.py:44: UserWarning: Cell contents too long (91074), truncated to 32767 characters
  civel_export[cols].to_excel(writer, sheet_name=sanitize_sheet_name("Cíveis Brutos"), index=False)
C:\Users\lucas.paim\Desktop\processo_triage\reporting\summary.py:44: UserWarning: Cell contents too long (91449), truncated to 32767 characters
  civel_export[cols].to_excel(writer, sheet_name=sanitize_sheet_name("Cíveis Brutos"), index=False)
C:\Users\lucas.paim\Desktop\processo_triage\reporting\summary.py:44: UserWarning: Cell contents too long (91034), truncated to 32767 characters
  civel_export[cols].to_excel(writer, sheet_name=sanitize_sheet_name("Cíveis Brutos"), index=False)
C:\Users\lucas.paim\Desktop\processo_triage\reporting\summary.py:44: UserWarning: Cell contents too long (91299), truncated to 32767 characters
  civel_export[cols].to_excel(writer, sheet_name=sanitize_sheet_name("Cíveis Brutos"), index=False)
C:\Users\lucas.paim\Desktop\processo_triage\reporting\summary.py:44: UserWarning: Cell contents too long (91113), truncated to 32767 characters
  civel_export[cols].to_excel(writer, sheet_name=sanitize_sheet_name("Cíveis Brutos"), index=False)
C:\Users\lucas.paim\Desktop\processo_triage\reporting\summary.py:44: UserWarning: Cell contents too long (91322), truncated to 32767 characters
  civel_export[cols].to_excel(writer, sheet_name=sanitize_sheet_name("Cíveis Brutos"), index=False)
C:\Users\lucas.paim\Desktop\processo_triage\reporting\summary.py:44: UserWarning: Cell contents too long (88680), truncated to 32767 characters
  civel_export[cols].to_excel(writer, sheet_name=sanitize_sheet_name("Cíveis Brutos"), index=False)
C:\Users\lucas.paim\Desktop\processo_triage\reporting\summary.py:44: UserWarning: Cell contents too long (88686), truncated to 32767 characters
  civel_export[cols].to_excel(writer, sheet_name=sanitize_sheet_name("Cíveis Brutos"), index=False)
C:\Users\lucas.paim\Desktop\processo_triage\reporting\summary.py:44: UserWarning: Cell contents too long (88672), truncated to 32767 characters
  civel_export[cols].to_excel(writer, sheet_name=sanitize_sheet_name("Cíveis Brutos"), index=False)
C:\Users\lucas.paim\Desktop\processo_triage\reporting\summary.py:44: UserWarning: Cell contents too long (88689), truncated to 32767 characters
  civel_export[cols].to_excel(writer, sheet_name=sanitize_sheet_name("Cíveis Brutos"), index=False)
C:\Users\lucas.paim\Desktop\processo_triage\reporting\summary.py:44: UserWarning: Cell contents too long (50128), truncated to 32767 characters
  civel_export[cols].to_excel(writer, sheet_name=sanitize_sheet_name("Cíveis Brutos"), index=False)
C:\Users\lucas.paim\Desktop\processo_triage\reporting\summary.py:44: UserWarning: Cell contents too long (63330), truncated to 32767 characters
  civel_export[cols].to_excel(writer, sheet_name=sanitize_sheet_name("Cíveis Brutos"), index=False)
C:\Users\lucas.paim\Desktop\processo_triage\reporting\summary.py:44: UserWarning: Cell contents too long (91041), truncated to 32767 characters
  civel_export[cols].to_excel(writer, sheet_name=sanitize_sheet_name("Cíveis Brutos"), index=False)
C:\Users\lucas.paim\Desktop\processo_triage\reporting\summary.py:44: UserWarning: Cell contents too long (34598), truncated to 32767 characters
  civel_export[cols].to_excel(writer, sheet_name=sanitize_sheet_name("Cíveis Brutos"), index=False)
C:\Users\lucas.paim\Desktop\processo_triage\reporting\summary.py:44: UserWarning: Cell contents too long (105757), truncated to 32767 characters
  civel_export[cols].to_excel(writer, sheet_name=sanitize_sheet_name("Cíveis Brutos"), index=False)
C:\Users\lucas.paim\Desktop\processo_triage\reporting\summary.py:44: UserWarning: Cell contents too long (97024), truncated to 32767 characters
  civel_export[cols].to_excel(writer, sheet_name=sanitize_sheet_name("Cíveis Brutos"), index=False)
C:\Users\lucas.paim\Desktop\processo_triage\reporting\summary.py:44: UserWarning: Cell contents too long (50522), truncated to 32767 characters
  civel_export[cols].to_excel(writer, sheet_name=sanitize_sheet_name("Cíveis Brutos"), index=False)
C:\Users\lucas.paim\Desktop\processo_triage\reporting\summary.py:44: UserWarning: Cell contents too long (47304), truncated to 32767 characters
  civel_export[cols].to_excel(writer, sheet_name=sanitize_sheet_name("Cíveis Brutos"), index=False)
C:\Users\lucas.paim\Desktop\processo_triage\reporting\summary.py:44: UserWarning: Cell contents too long (58588), truncated to 32767 characters
  civel_export[cols].to_excel(writer, sheet_name=sanitize_sheet_name("Cíveis Brutos"), index=False)
C:\Users\lucas.paim\Desktop\processo_triage\reporting\summary.py:44: UserWarning: Cell contents too long (93540), truncated to 32767 characters
  civel_export[cols].to_excel(writer, sheet_name=sanitize_sheet_name("Cíveis Brutos"), index=False)
C:\Users\lucas.paim\Desktop\processo_triage\reporting\summary.py:44: UserWarning: Cell contents too long (35672), truncated to 32767 characters
  civel_export[cols].to_excel(writer, sheet_name=sanitize_sheet_name("Cíveis Brutos"), index=False)
C:\Users\lucas.paim\Desktop\processo_triage\reporting\summary.py:44: UserWarning: Cell contents too long (50931), truncated to 32767 characters
  civel_export[cols].to_excel(writer, sheet_name=sanitize_sheet_name("Cíveis Brutos"), index=False)
C:\Users\lucas.paim\Desktop\processo_triage\reporting\summary.py:44: UserWarning: Cell contents too long (52437), truncated to 32767 characters
  civel_export[cols].to_excel(writer, sheet_name=sanitize_sheet_name("Cíveis Brutos"), index=False)
C:\Users\lucas.paim\Desktop\processo_triage\reporting\summary.py:44: UserWarning: Cell contents too long (55252), truncated to 32767 characters
  civel_export[cols].to_excel(writer, sheet_name=sanitize_sheet_name("Cíveis Brutos"), index=False)
C:\Users\lucas.paim\Desktop\processo_triage\reporting\summary.py:44: UserWarning: Cell contents too long (60506), truncated to 32767 characters
  civel_export[cols].to_excel(writer, sheet_name=sanitize_sheet_name("Cíveis Brutos"), index=False)
C:\Users\lucas.paim\Desktop\processo_triage\reporting\summary.py:44: UserWarning: Cell contents too long (76162), truncated to 32767 characters
  civel_export[cols].to_excel(writer, sheet_name=sanitize_sheet_name("Cíveis Brutos"), index=False)
C:\Users\lucas.paim\Desktop\processo_triage\reporting\summary.py:44: UserWarning: Cell contents too long (54386), truncated to 32767 characters
  civel_export[cols].to_excel(writer, sheet_name=sanitize_sheet_name("Cíveis Brutos"), index=False)
C:\Users\lucas.paim\Desktop\processo_triage\reporting\summary.py:44: UserWarning: Cell contents too long (42506), truncated to 32767 characters
  civel_export[cols].to_excel(writer, sheet_name=sanitize_sheet_name("Cíveis Brutos"), index=False)
C:\Users\lucas.paim\Desktop\processo_triage\reporting\summary.py:44: UserWarning: Cell contents too long (54645), truncated to 32767 characters
  civel_export[cols].to_excel(writer, sheet_name=sanitize_sheet_name("Cíveis Brutos"), index=False)
[2026-04-28 14:48:37] [INFO] matcher — ✅ Resumo exportado: resumo_20260428_144714.xlsx
[2026-04-28 14:48:37] [INFO] matcher — ✅ Resumo exportado: resumo_20260428_144714.xlsx
[2026-04-28 14:48:37] [INFO] matcher — 🎉 PROCESSO FINALIZADO COM SUCESSO
[2026-04-28 14:48:37] [INFO] matcher — 🎉 PROCESSO FINALIZADO COM SUCESSO
[2026-04-28 14:48:37] [INFO] __main__ — ✅ Processo concluído com sucesso!
[RESULTADO] Procurando arquivos .xlsx na área operacional de output/...
[RESULTADO] Total de .xlsx encontrados na área operacional: 55
[RESULTADO] Novos .xlsx gerados nesta execução: 55
[RESULTADO]   • Civel\prioridade\sem_match_civel_prioridade_20260428_144714.xlsx
[RESULTADO]   • Civel\sem_match_civel_20260428_144714.xlsx
[RESULTADO]   • Civel\sem_match_civel_categorias\agravo_de_instrumento_20260428_144714.xlsx
[RESULTADO]   • Civel\sem_match_civel_categorias\agravo_interno_20260428_144714.xlsx
[RESULTADO]   • Civel\sem_match_civel_categorias\agravo_regimental_20260428_144714.xlsx
[RESULTADO]   • Civel\sem_match_civel_categorias\arresto_ou_sequestro_20260428_144714.xlsx
[RESULTADO]   • Civel\sem_match_civel_categorias\assistência_20260428_144714.xlsx
[RESULTADO]   • Civel\sem_match_civel_categorias\carta_de_ordem_20260428_144714.xlsx
[RESULTADO]   • Civel\sem_match_civel_categorias\carta_precatoria_civel_20260428_144714.xlsx
[RESULTADO]   • Civel\sem_match_civel_categorias\chamamento_ao_processo_20260428_144714.xlsx
[RESULTADO]   • Civel\sem_match_civel_categorias\coisa_julgada_20260428_144714.xlsx
[RESULTADO]   • Civel\sem_match_civel_categorias\conflito_de_competência_20260428_144714.xlsx
[RESULTADO]   • Civel\sem_match_civel_categorias\cumprimento_de_sentenca_20260428_144714.xlsx
[RESULTADO]   • Civel\sem_match_civel_categorias\desconsideracao_da_personalidade_juridica_20260428_144714.xlsx
[RESULTADO]   • Civel\sem_match_civel_categorias\embargos_20260428_144714.xlsx
[RESULTADO]   • Civel\sem_match_civel_categorias\embargos_de_declaracao_20260428_144714.xlsx
[RESULTADO]   • Civel\sem_match_civel_categorias\embargos_de_divergência_20260428_144714.xlsx
[RESULTADO]   • Civel\sem_match_civel_categorias\embargos_à_execucao_20260428_144714.xlsx
[RESULTADO]   • Civel\sem_match_civel_categorias\excluido_20260428_144714.xlsx
[RESULTADO]   • Civel\sem_match_civel_categorias\exibicao_de_documento_ou_coisa_20260428_144714.xlsx
[RESULTADO]   • Civel\sem_match_civel_categorias\falsidade_documental_20260428_144714.xlsx
[RESULTADO]   • Civel\sem_match_civel_categorias\iac_20260428_144714.xlsx
[RESULTADO]   • Civel\sem_match_civel_categorias\impedimentosuspeicao_do_juiz_20260428_144714.xlsx
[RESULTADO]   • Civel\sem_match_civel_categorias\impugnacao_ao_valor_da_causa_20260428_144714.xlsx
[RESULTADO]   • Civel\sem_match_civel_categorias\incidente_de_arbitramento_20260428_144714.xlsx
[RESULTADO]   • Civel\sem_match_civel_categorias\incompetência_relativa_20260428_144714.xlsx
[RESULTADO]   • Civel\sem_match_civel_categorias\irdr_20260428_144714.xlsx
[RESULTADO]   • Civel\sem_match_civel_categorias\liquidacao_de_sentenca_20260428_144714.xlsx
[RESULTADO]   • Civel\sem_match_civel_categorias\litispendência_20260428_144714.xlsx
[RESULTADO]   • Civel\sem_match_civel_categorias\mandado_de_seguranca_civel_20260428_144714.xlsx
[RESULTADO]   • Civel\sem_match_civel_categorias\oposicao_20260428_144714.xlsx
[RESULTADO]   • Civel\sem_match_civel_categorias\pre_executividade_20260428_144714.xlsx
[RESULTADO]   • Civel\sem_match_civel_categorias\producao_antecipada_de_provas_20260428_144714.xlsx
[RESULTADO]   • Civel\sem_match_civel_categorias\recurso_adesivo_20260428_144714.xlsx
[RESULTADO]   • Civel\sem_match_civel_categorias\recurso_especial_20260428_144714.xlsx
[RESULTADO]   • Civel\sem_match_civel_categorias\recurso_extraordinario_20260428_144714.xlsx
[RESULTADO]   • Civel\sem_match_civel_categorias\recurso_inominado_20260428_144714.xlsx
[RESULTADO]   • Civel\sem_match_civel_categorias\recursos_20260428_144714.xlsx
[RESULTADO]   • Civel\sem_match_civel_categorias\rpv_20260428_144714.xlsx
[RESULTADO]   • Civel\sem_match_civel_categorias\tutela_cautelar_antecedente_20260428_144714.xlsx
[RESULTADO]   • Civel\sem_match_civel_categorias\tutela_provisoria_20260428_144714.xlsx
[RESULTADO]   • Civel\sem_match_civel_sem_categoria_20260428_144714.xlsx
[RESULTADO]   • com_match_descartados_20260428_144714.xlsx
[RESULTADO]   • resumo_20260428_144714.xlsx
[RESULTADO]   • Trabalhista\sem_match_trab_bruto_20260428_144714.xlsx
[RESULTADO]   • Trabalhista\sem_match_trab_categorias\acao_de_cumprimento_20260428_144714.xlsx
[RESULTADO]   • Trabalhista\sem_match_trab_categorias\acao_trabalhista_20260428_144714.xlsx
[RESULTADO]   • Trabalhista\sem_match_trab_categorias\agravo_de_instrumento_20260428_144714.xlsx
[RESULTADO]   • Trabalhista\sem_match_trab_categorias\agravo_de_peticao_20260428_144714.xlsx
[RESULTADO]   • Trabalhista\sem_match_trab_categorias\embargos_de_declaracao_20260428_144714.xlsx
[RESULTADO]   • Trabalhista\sem_match_trab_categorias\recurso_de_revista_20260428_144714.xlsx
[RESULTADO]   • Trabalhista\sem_match_trab_categorias\recurso_extraordinario_20260428_144714.xlsx
[RESULTADO]   • Trabalhista\sem_match_trab_categorias\recurso_ordinario_20260428_144714.xlsx
[RESULTADO]   • Trabalhista\sem_match_trab_categorias\sem_match_trab_todos_classificados_20260428_144714.xlsx
[RESULTADO]   • Trabalhista\sem_match_trab_prioridade_20260428_144714.xlsx
[OUTPUT] ✓ Snapshot da execução salvo em: C:\Users\lucas.paim\Desktop\processo_triage\output\runs\20260428_144534
[OUTPUT] ✓ Pasta latest atualizada em: C:\Users\lucas.paim\Desktop\processo_triage\output\latest
[AUDITORIA] Lido para consolidado 'sem_match': sem_match_civel_20260428_144714.xlsx (5670 linhas)
[AUDITORIA] Lido para consolidado 'sem_match': sem_match_civel_sem_categoria_20260428_144714.xlsx (1864 linhas)
[AUDITORIA] Lido para consolidado 'sem_match': sem_match_trab_bruto_20260428_144714.xlsx (953 linhas)
[AUDITORIA] Lido para consolidado 'sem_match': sem_match_trab_prioridade_20260428_144714.xlsx (3 linhas)
[AUDITORIA] Lido para consolidado 'sem_match': acao_de_cumprimento_20260428_144714.xlsx (226 linhas)
[AUDITORIA] Lido para consolidado 'sem_match': acao_trabalhista_20260428_144714.xlsx (446 linhas)
[AUDITORIA] Lido para consolidado 'sem_match': agravo_de_instrumento_20260428_144714.xlsx (75 linhas)
[AUDITORIA] Lido para consolidado 'sem_match': agravo_de_peticao_20260428_144714.xlsx (24 linhas)
[AUDITORIA] Lido para consolidado 'sem_match': embargos_de_declaracao_20260428_144714.xlsx (37 linhas)
[AUDITORIA] Lido para consolidado 'sem_match': recurso_de_revista_20260428_144714.xlsx (2 linhas)
[AUDITORIA] Lido para consolidado 'sem_match': recurso_extraordinario_20260428_144714.xlsx (2 linhas)
[AUDITORIA] Lido para consolidado 'sem_match': recurso_ordinario_20260428_144714.xlsx (138 linhas)
[AUDITORIA] Lido para consolidado 'sem_match': sem_match_trab_todos_classificados_20260428_144714.xlsx (953 linhas)
[AUDITORIA] Lido para consolidado 'sem_match': sem_match_civel_prioridade_20260428_144714.xlsx (4284 linhas)
[AUDITORIA] Lido para consolidado 'sem_match': agravo_de_instrumento_20260428_144714.xlsx (282 linhas)
[AUDITORIA] Lido para consolidado 'sem_match': agravo_interno_20260428_144714.xlsx (113 linhas)
[AUDITORIA] Lido para consolidado 'sem_match': agravo_regimental_20260428_144714.xlsx (49 linhas)
[AUDITORIA] Lido para consolidado 'sem_match': arresto_ou_sequestro_20260428_144714.xlsx (2 linhas)
[AUDITORIA] Lido para consolidado 'sem_match': assistência_20260428_144714.xlsx (37 linhas)
[AUDITORIA] Lido para consolidado 'sem_match': carta_de_ordem_20260428_144714.xlsx (1 linhas)
[AUDITORIA] Lido para consolidado 'sem_match': carta_precatoria_civel_20260428_144714.xlsx (36 linhas)
[AUDITORIA] Lido para consolidado 'sem_match': chamamento_ao_processo_20260428_144714.xlsx (1 linhas)
[AUDITORIA] Lido para consolidado 'sem_match': coisa_julgada_20260428_144714.xlsx (17 linhas)
[AUDITORIA] Lido para consolidado 'sem_match': conflito_de_competência_20260428_144714.xlsx (7 linhas)
[AUDITORIA] Lido para consolidado 'sem_match': cumprimento_de_sentenca_20260428_144714.xlsx (574 linhas)
[AUDITORIA] Lido para consolidado 'sem_match': desconsideracao_da_personalidade_juridica_20260428_144714.xlsx (3 linhas)
[AUDITORIA] Lido para consolidado 'sem_match': embargos_20260428_144714.xlsx (20 linhas)
[AUDITORIA] Lido para consolidado 'sem_match': embargos_de_declaracao_20260428_144714.xlsx (143 linhas)
[AUDITORIA] Lido para consolidado 'sem_match': embargos_de_divergência_20260428_144714.xlsx (2 linhas)
[AUDITORIA] Lido para consolidado 'sem_match': embargos_à_execucao_20260428_144714.xlsx (42 linhas)
[AUDITORIA] Lido para consolidado 'sem_match': excluido_20260428_144714.xlsx (907 linhas)
[AUDITORIA] Lido para consolidado 'sem_match': exibicao_de_documento_ou_coisa_20260428_144714.xlsx (2 linhas)
[AUDITORIA] Lido para consolidado 'sem_match': falsidade_documental_20260428_144714.xlsx (1 linhas)
[AUDITORIA] Lido para consolidado 'sem_match': iac_20260428_144714.xlsx (721 linhas)
[AUDITORIA] Lido para consolidado 'sem_match': impedimentosuspeicao_do_juiz_20260428_144714.xlsx (43 linhas)
[AUDITORIA] Lido para consolidado 'sem_match': impugnacao_ao_valor_da_causa_20260428_144714.xlsx (1 linhas)
[AUDITORIA] Lido para consolidado 'sem_match': incidente_de_arbitramento_20260428_144714.xlsx (15 linhas)
[AUDITORIA] Lido para consolidado 'sem_match': incompetência_relativa_20260428_144714.xlsx (2 linhas)
[AUDITORIA] Lido para consolidado 'sem_match': irdr_20260428_144714.xlsx (4 linhas)
[AUDITORIA] Lido para consolidado 'sem_match': liquidacao_de_sentenca_20260428_144714.xlsx (6 linhas)
[AUDITORIA] Lido para consolidado 'sem_match': litispendência_20260428_144714.xlsx (8 linhas)
[AUDITORIA] Lido para consolidado 'sem_match': mandado_de_seguranca_civel_20260428_144714.xlsx (57 linhas)
[AUDITORIA] Lido para consolidado 'sem_match': oposicao_20260428_144714.xlsx (14 linhas)
[AUDITORIA] Lido para consolidado 'sem_match': pre_executividade_20260428_144714.xlsx (5 linhas)
[AUDITORIA] Lido para consolidado 'sem_match': producao_antecipada_de_provas_20260428_144714.xlsx (2 linhas)
[AUDITORIA] Lido para consolidado 'sem_match': recursos_20260428_144714.xlsx (252 linhas)
[AUDITORIA] Lido para consolidado 'sem_match': recurso_adesivo_20260428_144714.xlsx (3 linhas)
[AUDITORIA] Lido para consolidado 'sem_match': recurso_especial_20260428_144714.xlsx (53 linhas)
[AUDITORIA] Lido para consolidado 'sem_match': recurso_extraordinario_20260428_144714.xlsx (24 linhas)
[AUDITORIA] Lido para consolidado 'sem_match': recurso_inominado_20260428_144714.xlsx (259 linhas)
[AUDITORIA] Lido para consolidado 'sem_match': rpv_20260428_144714.xlsx (9 linhas)
[AUDITORIA] Lido para consolidado 'sem_match': tutela_cautelar_antecedente_20260428_144714.xlsx (2 linhas)
[AUDITORIA] Lido para consolidado 'sem_match': tutela_provisoria_20260428_144714.xlsx (87 linhas)
[AUDITORIA] ✓ Consolidado 'sem_match' gerado: auditoria_consolidado_sem_match.xlsx (18483 linhas)
[AUDITORIA] Grupo 'numero_puro' sem arquivos para consolidar.
[AUDITORIA] Grupo 'outro' sem arquivos para consolidar.
[AUDITORIA] ✓ Resumo Excel dos consolidados gerado: auditoria_resumo_consolidados.xlsx
[HISTORICO] ✓ Histórico atualizado em: C:\Users\lucas.paim\Desktop\processo_triage\output\_historico_execucoes\historico_execucoes.csv
[HISTORICO] ✓ Histórico Excel sincronizado em: C:\Users\lucas.paim\Desktop\processo_triage\output\_historico_execucoes\historico_execucoes.xlsx
[COMPARATIVO] ✓ Comparativo com execução anterior salvo em: comparativo_execucao_anterior.json
[COMPARATIVO-MEDIA] ✓ Comparativo com média das últimas execuções salvo em: comparativo_media_ultimas_execucoes.json | critério: ultimas_execucoes_com_sucesso
[ALERTAS] ⚠️ 3 alerta(s) de regressão salvo(s) em: alertas_execucao.json
[RESULTADO] ✓ Processamento concluído com sucesso!
[AUDITORIA] Índice, consolidados, resumo Excel, histórico, comparativos e alertas salvos em: C:\Users\lucas.paim\Desktop\processo_triage\output\runs\20260428_144534\_auditoria
[RESULTADO] Pasta da execução atual: C:\Users\lucas.paim\Desktop\processo_triage\output\runs\20260428_144534
[RESULTADO] Pasta latest atualizada: C:\Users\lucas.paim\Desktop\processo_triage\output\latest
[AUDITORIA] ✓ Resumo Markdown da execução gerado: resumo_execucao.md
